# ************************************************************
# Sequel Pro SQL dump
# Vers„o 4541
#
# http://www.sequelpro.com/
# https://github.com/sequelpro/sequelpro
#
# Host: 174.142.161.97 (MySQL 5.5.60-cll)
# Base de Dados: quaemoco_scafrestful
# Tempo de GeraÁ„o: 2018-09-10 15:58:31 +0000
# ************************************************************


/*!40101 SET @OLD_CHARACTER_SET_CLIENT=@@CHARACTER_SET_CLIENT */;
/*!40101 SET @OLD_CHARACTER_SET_RESULTS=@@CHARACTER_SET_RESULTS */;
/*!40101 SET @OLD_COLLATION_CONNECTION=@@COLLATION_CONNECTION */;
/*!40101 SET NAMES utf8 */;
/*!40014 SET @OLD_FOREIGN_KEY_CHECKS=@@FOREIGN_KEY_CHECKS, FOREIGN_KEY_CHECKS=0 */;
/*!40101 SET @OLD_SQL_MODE=@@SQL_MODE, SQL_MODE='NO_AUTO_VALUE_ON_ZERO' */;
/*!40111 SET @OLD_SQL_NOTES=@@SQL_NOTES, SQL_NOTES=0 */;


# Dump da tabela AGENDAMENTO
# ------------------------------------------------------------

DROP TABLE IF EXISTS `AGENDAMENTO`;

CREATE TABLE `AGENDAMENTO` (
  `COD_AGENDAMENTO` bigint(11) NOT NULL AUTO_INCREMENT COMMENT 'Identificador do agendamento.',
  `COD_USUARIO` bigint(11) NOT NULL COMMENT 'Identificador do Usu√°rio.',
  `COD_CATEGORIA` bigint(11) NOT NULL COMMENT 'Identificador da categoria.',
  `NUM_PERIODO` int(11) DEFAULT NULL COMMENT 'Define a periodicidade do agendamento.',
  `NOM_AGENDAMENTO` varchar(100) NOT NULL COMMENT 'Nome do agendamento.',
  `DES_AGENDAMENTO` text NOT NULL COMMENT 'Descri√ß√£o do agendamento.',
  `DAT_CADASTRO` date NOT NULL COMMENT 'Define a data de cadastro.',
  `DAT_INICIO` date NOT NULL COMMENT 'Define a data de in√≠cio do agendamento.',
  `IND_STATUS` tinyint(1) DEFAULT '1' COMMENT 'Indica a situa√ß√£o do agendamento.',
  PRIMARY KEY (`COD_AGENDAMENTO`),
  KEY `COD_USUARIO` (`COD_USUARIO`),
  KEY `COD_CATEGORIA` (`COD_CATEGORIA`),
  KEY `NUM_PERIODO` (`NUM_PERIODO`),
  CONSTRAINT `agendamento_ibfk_1` FOREIGN KEY (`COD_USUARIO`) REFERENCES `USUARIO` (`COD_USUARIO`),
  CONSTRAINT `agendamento_ibfk_2` FOREIGN KEY (`NUM_PERIODO`) REFERENCES `PERIODO` (`NUM_PERIODO`),
  CONSTRAINT `agendamento_ibfk_3` FOREIGN KEY (`COD_CATEGORIA`) REFERENCES `CATEGORIA` (`COD_CATEGORIA`)
) ENGINE=InnoDB DEFAULT CHARSET=latin1 COMMENT='Entidade que representa as informa√ß√µes gerais sobre os agend';

LOCK TABLES `AGENDAMENTO` WRITE;
/*!40000 ALTER TABLE `AGENDAMENTO` DISABLE KEYS */;

INSERT INTO `AGENDAMENTO` (`COD_AGENDAMENTO`, `COD_USUARIO`, `COD_CATEGORIA`, `NUM_PERIODO`, `NOM_AGENDAMENTO`, `DES_AGENDAMENTO`, `DAT_CADASTRO`, `DAT_INICIO`, `IND_STATUS`)
VALUES
	(8,1,9,1,'SIG','dfdsf','2015-01-27','2018-02-01',1),
	(9,1,11,1,'contas','sd','2015-01-27','2018-02-01',1),
	(10,1,12,1,'contas','v','2015-01-27','2014-01-06',1),
	(11,1,14,1,'contas','contas','2015-01-27','2014-01-10',1),
	(12,1,15,1,'contas','contas','2015-01-27','2014-01-10',1),
	(13,1,75,1,'Filh√£o','c','2015-01-27','2014-01-05',1),
	(14,1,10,1,'jardins das ac√°cias','jardins das ac√°cias','2015-01-27','2015-11-15',1),
	(15,1,48,1,'Automatica','a','2015-02-10','2015-03-09',0),
	(16,724,9,1,'Aluguel','Aluguel na 707 Norte','2015-02-19','2015-01-10',1),
	(17,724,26,1,'Consumo Combust√≠vel','Valor do Abastecimento Mensal','2015-02-19','2015-01-01',1),
	(18,724,31,1,'Plano de Sa√∫de (Pr√≥-Sa√∫de)','Plano de Sa√∫de da minha M√£e','2015-02-19','2015-01-10',1),
	(19,724,35,1,'P√≥s Gradua√ß√£o','Curso de Gest√£o de Desenvolvimento de Produtos Inovadores','2015-02-19','2015-01-20',1),
	(20,724,11,1,'Conta de Agua','Conta de Agua da CAESB','2015-02-19','2015-01-10',1),
	(21,724,12,1,'Conta de Energia El√©trica','Conta de Energia El√©trica CEB','2015-02-19','2015-01-10',1),
	(22,724,15,1,'Conta de Internet','Conta de Internet da NET Virtua','2015-02-19','2015-01-10',1),
	(23,724,74,1,'Presta√ß√£o Apartamento - Setor Total Ville','Presta√ß√£o Apartamento - Setor Total Ville - Santa Maria - DF','2015-02-19','2015-01-01',1),
	(24,724,29,12,'Seguro DPVAT','Seguro DPVAT','2015-02-19','2015-02-20',1),
	(25,724,29,12,'Licenciamento','Licenciamento do Ford KA','2015-02-19','2015-02-20',1),
	(26,724,29,12,'IPVA','IPVA do Ford KA','2015-02-19','2015-03-10',1),
	(27,725,9,1,'Aluguel','.','2015-02-25','2015-01-04',1),
	(28,725,26,1,'Posto','Posto','2015-02-25','2015-01-01',1),
	(29,1,78,1,'NetFlix','NetFlix','2015-03-05','2015-03-11',0),
	(30,1,78,1,'SERASA S/A','SERASA S/A','2015-03-05','2015-03-26',0),
	(32,1,78,3,'integrator','Plano de Hospedagem # P Espa√ßo: 12GB Transfer√™ncia: Ilimitado Pagamento: Trimestral Promo√ß√£o: 1 JVM de 450MB','2015-04-01','2015-04-10',1),
	(33,3,9,1,'SIG','dfdsf','2015-01-27','2014-01-01',0),
	(34,3,11,1,'contas','sd','2015-01-27','2014-01-01',0),
	(35,3,12,1,'contas','v','2015-01-27','2014-01-06',1),
	(36,3,14,1,'contas','contas','2015-01-27','2014-01-10',1),
	(37,3,15,1,'contas','contas','2015-01-27','2014-01-10',1),
	(38,3,75,1,'Filh√£o','c','2015-01-27','2014-01-05',1),
	(39,3,10,1,'jardins das ac√°cias','jardins das ac√°cias','2015-01-27','2015-11-15',1),
	(40,3,48,1,'Automatica','a','2015-02-10','2015-03-09',1),
	(41,3,78,1,'NetFlix','NetFlix','2015-03-05','2015-03-11',0),
	(42,3,78,1,'SERASA S/A','SERASA S/A','2015-03-05','2015-03-26',0),
	(43,3,78,3,'integrator','Plano de Hospedagem # P Espa√ßo: 12GB Transfer√™ncia: Ilimitado Pagamento: Trimestral Promo√ß√£o: 1 JVM de 450MB','2015-04-01','2015-04-10',1),
	(44,727,9,1,'presta√ß√£o do apto','pesta√ßao mensal','2015-09-22','2015-09-23',1),
	(45,727,50,1,'Pagamento da Pm','sal√°rio','2015-09-22','2015-10-06',1),
	(46,729,54,1,'Escola Master 2','','2016-01-11','2016-01-10',1),
	(47,729,54,1,'Escola Master 1','','2016-01-11','2016-01-10',1),
	(48,729,34,12,'Escola Master 1','','2016-01-12','2016-02-10',1),
	(49,1,10,1,'Priv√™ Lago Norte II','Condom√≠nio Priv√™ Lago Norte II','2017-08-07','2017-08-10',1),
	(50,1,30,1,'Seguro Santander','Seguro Santander','2018-04-04','2018-04-04',0);

/*!40000 ALTER TABLE `AGENDAMENTO` ENABLE KEYS */;
UNLOCK TABLES;


# Dump da tabela CARTAO_CREDITO
# ------------------------------------------------------------

DROP TABLE IF EXISTS `CARTAO_CREDITO`;

CREATE TABLE `CARTAO_CREDITO` (
  `COD_CARTAO_CREDITO` bigint(11) NOT NULL AUTO_INCREMENT,
  `COD_USUARIO` bigint(11) NOT NULL,
  `NOM_BANDEIRA` varchar(20) NOT NULL,
  `NOM_CARTAO_CREDITO` varchar(100) NOT NULL,
  `NUM_CARTAO` varchar(30) NOT NULL DEFAULT '',
  `DAT_CADASTRO` date NOT NULL,
  `IND_STATUS` tinyint(1) DEFAULT NULL,
  `NUM_DIA_FECHAMENTO` int(2) NOT NULL DEFAULT '28',
  `NUM_DIA_VENCIMENTO` int(2) NOT NULL DEFAULT '10',
  PRIMARY KEY (`COD_CARTAO_CREDITO`),
  KEY `COD_USUARIO` (`COD_USUARIO`),
  CONSTRAINT `cartao_credito_ibfk_1` FOREIGN KEY (`COD_USUARIO`) REFERENCES `USUARIO` (`COD_USUARIO`)
) ENGINE=InnoDB DEFAULT CHARSET=latin1;

LOCK TABLES `CARTAO_CREDITO` WRITE;
/*!40000 ALTER TABLE `CARTAO_CREDITO` DISABLE KEYS */;

INSERT INTO `CARTAO_CREDITO` (`COD_CARTAO_CREDITO`, `COD_USUARIO`, `NOM_BANDEIRA`, `NOM_CARTAO_CREDITO`, `NUM_CARTAO`, `DAT_CADASTRO`, `IND_STATUS`, `NUM_DIA_FECHAMENTO`, `NUM_DIA_VENCIMENTO`)
VALUES
	(6,1,'MASTER','master','5447 **** **** 5005','2015-01-27',1,24,10),
	(7,1,'VISA','visa','4108 **** **** 9810','2015-01-27',1,24,10),
	(8,724,'MASTER','Smiles','0000 0000 0000 1313','2015-02-19',1,12,20),
	(9,3,'MASTER','master','5447 **** **** 5005','2015-01-27',1,24,10),
	(10,3,'VISA','visa','4108 **** **** 9810','2015-01-27',1,24,10),
	(11,1,'MASTER','Sicoob','5156 **** **** 7262','2017-11-12',1,26,3),
	(12,732,'MASTER','Cartao','13245678913456789','2018-07-04',1,10,10);

/*!40000 ALTER TABLE `CARTAO_CREDITO` ENABLE KEYS */;
UNLOCK TABLES;


# Dump da tabela CATEGORIA
# ------------------------------------------------------------

DROP TABLE IF EXISTS `CATEGORIA`;

CREATE TABLE `CATEGORIA` (
  `COD_CATEGORIA` bigint(11) NOT NULL,
  `COD_CATEGORIA_PAI` bigint(11) DEFAULT NULL,
  `NOM_CATEGORIA` varchar(300) DEFAULT NULL,
  PRIMARY KEY (`COD_CATEGORIA`),
  KEY `COD_CATEGORIA_PAI` (`COD_CATEGORIA_PAI`),
  CONSTRAINT `categoria_ibfk_1` FOREIGN KEY (`COD_CATEGORIA_PAI`) REFERENCES `CATEGORIA` (`COD_CATEGORIA`)
) ENGINE=InnoDB DEFAULT CHARSET=latin1;

LOCK TABLES `CATEGORIA` WRITE;
/*!40000 ALTER TABLE `CATEGORIA` DISABLE KEYS */;

INSERT INTO `CATEGORIA` (`COD_CATEGORIA`, `COD_CATEGORIA_PAI`, `NOM_CATEGORIA`)
VALUES
	(0,7,'Pagamento de Servi√ßos'),
	(1,NULL,'Moradia'),
	(2,NULL,'Alimenta√ß√£o'),
	(3,NULL,'Transporte'),
	(4,NULL,'Sa√∫de e Cuidados'),
	(5,NULL,'Educa√ß√£o'),
	(6,NULL,'Lazer'),
	(7,NULL,'Despesas Financeiras'),
	(8,NULL,'Compras Diversas'),
	(9,1,'Aluguel'),
	(10,1,'Condom√≠nio'),
	(11,1,'√Ågua'),
	(12,1,'Energia El√©trica'),
	(13,1,'G√°s'),
	(14,1,'Telefone'),
	(15,1,'Internet'),
	(16,1,'TV a Cabo'),
	(17,1,'Manuten√ß√£o'),
	(18,1,'Impostos e Taxas'),
	(19,1,'Seguro'),
	(20,2,'Supermercado'),
	(21,2,'A√ßougue'),
	(22,2,'Padaria'),
	(23,2,'Feira'),
	(24,2,'Restaurantes'),
	(25,2,'Outros'),
	(26,3,'Combust√≠vel'),
	(27,3,'Transporte Escolar'),
	(28,3,'Manuten√ß√£o'),
	(29,3,'Impostos e Taxas'),
	(30,3,'Seguro'),
	(31,4,'Plano de Sa√∫de'),
	(32,4,'Farm√°cia'),
	(33,4,'Consultas sem Plano de Sa√∫de'),
	(34,5,'Escola'),
	(35,5,'Faculdade'),
	(36,5,'Curso'),
	(37,5,'Material Escolar'),
	(38,5,'Livros'),
	(39,6,'Academia'),
	(40,6,'Jornais e Revistas'),
	(41,6,'Cinema e Passeios'),
	(42,6,'Viagens'),
	(43,8,'Vestu√°rio'),
	(44,8,'Outros'),
	(45,4,'Outros'),
	(46,7,'Aplica√ß√£o em fundos'),
	(47,7,'PGBL'),
	(48,7,'Poupan√ßa'),
	(49,NULL,'Receitas'),
	(50,49,'Sal√°rio'),
	(51,49,'Bolsas'),
	(52,7,'Cart√µes de Cr√©dito'),
	(53,NULL,'Dependentes'),
	(54,53,'Escola/Faculdade'),
	(55,53,'Cursos'),
	(56,53,'Material Escolar'),
	(57,53,'Esportes/Uniformes'),
	(58,53,'Mesada'),
	(59,53,'Passeios/F√©rias'),
	(60,53,'Vestu√°rio'),
	(61,53,'Sa√∫de/Medicamentos'),
	(62,53,'Outros'),
	(63,7,'Pagamento de Parcela'),
	(64,3,'Lavagens'),
	(65,3,'MULTAS'),
	(66,3,'Outros'),
	(67,49,'13¬∫ Sal√°rio'),
	(68,49,'F√©rias'),
	(69,49,'Retirada de Poupan√ßa'),
	(70,49,'Retirada de Aplica√ß√µes'),
	(71,49,'Empr√©stimos'),
	(72,49,'Outros'),
	(74,7,'Financiamento'),
	(75,53,'Pens√£o Aliment√≠cia'),
	(76,7,'Pagamento de Fatura'),
	(77,3,'Estacionamentos'),
	(78,8,'Inform√°tica e Games'),
	(79,8,'Eletro Eletr√¥nico'),
	(80,8,'Ferramentas'),
	(81,6,'Shows e Eventos'),
	(82,7,'Pagamento de Servi√ßos'),
	(83,7,'Quita√ß√£o'),
	(84,7,'Empr√©stimo');

/*!40000 ALTER TABLE `CATEGORIA` ENABLE KEYS */;
UNLOCK TABLES;


# Dump da tabela CONTATO
# ------------------------------------------------------------

DROP TABLE IF EXISTS `CONTATO`;

CREATE TABLE `CONTATO` (
  `COD_CONTATO` bigint(11) NOT NULL AUTO_INCREMENT,
  `NOM_CONTATO` varchar(150) DEFAULT '',
  `DES_ASSUNTO` varchar(100) DEFAULT '',
  `DES_EMAIL` varchar(100) DEFAULT '',
  `DES_COMENTARIO` text,
  `DAT_CADASTRO` timestamp NOT NULL DEFAULT CURRENT_TIMESTAMP,
  PRIMARY KEY (`COD_CONTATO`)
) ENGINE=InnoDB DEFAULT CHARSET=latin1;

LOCK TABLES `CONTATO` WRITE;
/*!40000 ALTER TABLE `CONTATO` DISABLE KEYS */;

INSERT INTO `CONTATO` (`COD_CONTATO`, `NOM_CONTATO`, `DES_ASSUNTO`, `DES_EMAIL`, `DES_COMENTARIO`, `DAT_CADASTRO`)
VALUES
	(1,'Antonio de Aguiar Nobrega Junior','Feedback','antonio.a.nobrega.jr@gmail.com','Caracteres especiais com erro no cadastro de Tags.','2015-02-19 15:56:37'),
	(2,'HELEN MENEZES','IMPRESS√ÉO','HMENEZES@FMF.EDU.BR','Boa tarde, gostaria de saber em quais impressoras conseguimos imprimir desse sistema? \nPois tenho uma impressora antiga, e n√£o consigo reposi√ß√£o de cartucho para ela, portanto n√£o consigo imprimir arquivos que est√£o no sistema, e meu suporte t√©cnico disse que o sistema n√£o √© compat√≠vel co outras impressoras, por isso gostaria de saber.\nAguardo o retorno.','2016-08-05 16:43:54');

/*!40000 ALTER TABLE `CONTATO` ENABLE KEYS */;
UNLOCK TABLES;


# Dump da tabela LANCAMENTO
# ------------------------------------------------------------

DROP TABLE IF EXISTS `LANCAMENTO`;

CREATE TABLE `LANCAMENTO` (
  `COD_LANCAMENTO` bigint(11) NOT NULL AUTO_INCREMENT COMMENT 'Identificador do LANCAMENTO.',
  `COD_USUARIO` bigint(11) NOT NULL COMMENT 'Identificador do usu√°rio.',
  `COD_CATEGORIA` bigint(11) NOT NULL COMMENT 'Identificador da categoria.',
  `COD_AGENDAMENTO` bigint(11) DEFAULT NULL COMMENT 'Identificador do agendamento.',
  `COD_PARCELA` bigint(11) DEFAULT NULL COMMENT 'Identificador da parcela.',
  `COD_CARTAO_CREDITO` bigint(11) DEFAULT NULL,
  `DAT_LANCAMENTO` timestamp NOT NULL DEFAULT CURRENT_TIMESTAMP COMMENT 'Define a data/hora do LANCAMENTO.',
  `DAT_REFERENCIA` date NOT NULL COMMENT 'Define a data de refer√™ncia do LANCAMENTO.',
  `DAT_FATURA` date DEFAULT NULL,
  `VAL_LANCAMENTO` double(10,2) NOT NULL COMMENT 'Define o valor do LANCAMENTO.',
  `VAL_PREVISTO` double(10,2) DEFAULT '0.00' COMMENT 'Define o valor previsto do LANCAMENTO.',
  `URL_ANEXO` varchar(50) DEFAULT NULL,
  `NUM_BOLETO` varchar(50) DEFAULT NULL,
  `DES_LANCAMENTO` text COMMENT 'Define a descri√ß√£o do LANCAMENTO.',
  PRIMARY KEY (`COD_LANCAMENTO`),
  KEY `COD_USUARIO` (`COD_USUARIO`),
  KEY `COD_CATEGORIA` (`COD_CATEGORIA`),
  KEY `COD_AGENDAMENTO` (`COD_AGENDAMENTO`),
  KEY `COD_PARCELA` (`COD_PARCELA`),
  KEY `COD_CARTAO_CREDITO` (`COD_CARTAO_CREDITO`),
  KEY `COD_PARCELA_2` (`COD_PARCELA`),
  CONSTRAINT `lancamento_ibfk_1` FOREIGN KEY (`COD_USUARIO`) REFERENCES `USUARIO` (`COD_USUARIO`),
  CONSTRAINT `lancamento_ibfk_2` FOREIGN KEY (`COD_CATEGORIA`) REFERENCES `CATEGORIA` (`COD_CATEGORIA`),
  CONSTRAINT `lancamento_ibfk_3` FOREIGN KEY (`COD_AGENDAMENTO`) REFERENCES `AGENDAMENTO` (`COD_AGENDAMENTO`),
  CONSTRAINT `lancamento_ibfk_5` FOREIGN KEY (`COD_CARTAO_CREDITO`) REFERENCES `CARTAO_CREDITO` (`COD_CARTAO_CREDITO`)
) ENGINE=InnoDB DEFAULT CHARSET=latin1 CHECKSUM=1 DELAY_KEY_WRITE=1 ROW_FORMAT=COMPACT COMMENT='Entidade que representa as informa√ß√µes gerais sobre as trans';

LOCK TABLES `LANCAMENTO` WRITE;
/*!40000 ALTER TABLE `LANCAMENTO` DISABLE KEYS */;

INSERT INTO `LANCAMENTO` (`COD_LANCAMENTO`, `COD_USUARIO`, `COD_CATEGORIA`, `COD_AGENDAMENTO`, `COD_PARCELA`, `COD_CARTAO_CREDITO`, `DAT_LANCAMENTO`, `DAT_REFERENCIA`, `DAT_FATURA`, `VAL_LANCAMENTO`, `VAL_PREVISTO`, `URL_ANEXO`, `NUM_BOLETO`, `DES_LANCAMENTO`)
VALUES
	(1,1,11,9,NULL,NULL,'2014-01-07 00:00:00','2014-01-07',NULL,41.40,41.40,NULL,NULL,NULL),
	(2,1,12,10,NULL,NULL,'2014-01-07 00:00:00','2014-01-07',NULL,60.31,60.31,NULL,NULL,NULL),
	(3,1,9,8,NULL,NULL,'2014-01-07 00:00:00','2014-01-07',NULL,676.82,676.82,NULL,NULL,NULL),
	(4,1,14,11,NULL,NULL,'2014-01-07 00:00:00','2014-01-07',NULL,115.00,115.00,NULL,NULL,NULL),
	(5,1,15,12,NULL,NULL,'2014-01-07 00:00:00','2014-01-07',NULL,115.00,115.00,NULL,NULL,NULL),
	(6,1,75,13,NULL,NULL,'2014-01-07 00:00:00','2014-01-07',NULL,350.00,350.00,NULL,NULL,NULL),
	(7,1,32,NULL,NULL,NULL,'2014-01-07 00:00:00','2014-01-07',NULL,150.00,150.00,NULL,NULL,'ritalina'),
	(8,1,62,NULL,NULL,NULL,'2014-01-07 00:00:00','2014-01-07',NULL,100.00,100.00,NULL,NULL,''),
	(9,1,28,NULL,NULL,NULL,'2014-01-07 00:00:00','2014-01-07',NULL,350.00,350.00,NULL,NULL,'Versa'),
	(10,1,76,NULL,NULL,6,'2014-01-07 00:00:00','2014-01-07','2014-01-07',800.32,800.32,NULL,NULL,NULL),
	(11,1,50,NULL,NULL,NULL,'2014-01-07 00:00:00','2014-01-07',NULL,4843.35,4843.35,NULL,NULL,'CREDITO DE SALARIO INDRA BRAS 01645738000179'),
	(12,1,11,9,NULL,NULL,'2014-02-05 00:00:00','2014-02-05',NULL,109.26,109.26,NULL,NULL,NULL),
	(13,1,12,10,NULL,NULL,'2014-02-05 00:00:00','2014-02-05',NULL,59.19,59.19,NULL,NULL,NULL),
	(14,1,9,8,NULL,NULL,'2014-02-05 00:00:00','2014-02-05',NULL,676.82,676.82,NULL,NULL,NULL),
	(15,1,14,11,NULL,NULL,'2014-02-05 00:00:00','2014-02-05',NULL,149.01,149.01,NULL,NULL,NULL),
	(16,1,15,12,NULL,NULL,'2014-02-05 00:00:00','2014-02-05',NULL,118.70,118.70,NULL,NULL,NULL),
	(17,1,75,13,NULL,NULL,'2014-02-05 00:00:00','2014-02-05',NULL,350.00,350.00,NULL,NULL,NULL),
	(18,1,32,NULL,NULL,NULL,'2014-02-05 00:00:00','2014-02-05',NULL,150.00,150.00,NULL,NULL,'ritalina'),
	(19,1,76,NULL,NULL,6,'2014-02-05 00:00:00','2014-02-05','2014-02-05',1347.04,1347.04,NULL,NULL,NULL),
	(20,1,76,NULL,NULL,7,'2014-02-05 00:00:00','2014-02-05','2014-02-05',1099.76,1099.76,NULL,NULL,NULL),
	(21,1,50,NULL,NULL,NULL,'2014-02-05 00:00:00','2014-02-05',NULL,2012.57,2012.57,NULL,NULL,'CREDITO DE SALARIO INDRA BRAS 01645738000179'),
	(22,1,72,NULL,NULL,NULL,'2014-02-05 00:00:00','2014-02-05',NULL,1528.00,1528.00,NULL,NULL,'?'),
	(23,1,11,9,NULL,NULL,'2014-03-05 00:00:00','2014-03-05',NULL,109.26,109.26,NULL,NULL,NULL),
	(24,1,12,10,NULL,NULL,'2014-03-05 00:00:00','2014-03-05',NULL,59.19,59.19,NULL,NULL,NULL),
	(25,1,9,8,NULL,NULL,'2014-03-05 00:00:00','2014-03-05',NULL,676.82,676.82,NULL,NULL,NULL),
	(26,1,14,11,NULL,NULL,'2014-03-05 00:00:00','2014-03-05',NULL,149.01,149.01,NULL,NULL,NULL),
	(27,1,15,12,NULL,NULL,'2014-03-05 00:00:00','2014-03-05',NULL,118.70,118.70,NULL,NULL,NULL),
	(28,1,75,13,NULL,NULL,'2014-03-05 00:00:00','2014-03-05',NULL,350.00,350.00,NULL,NULL,NULL),
	(29,1,32,NULL,NULL,NULL,'2014-03-05 00:00:00','2014-03-05',NULL,150.00,150.00,NULL,NULL,'ritalina'),
	(30,1,76,NULL,NULL,6,'2014-03-05 00:00:00','2014-03-05','2014-03-05',1347.04,1347.04,NULL,NULL,NULL),
	(31,1,76,NULL,NULL,7,'2014-03-05 00:00:00','2014-03-05','2014-03-05',1099.76,1099.76,NULL,NULL,NULL),
	(32,1,50,NULL,NULL,NULL,'2014-03-05 00:00:00','2014-03-05',NULL,4861.97,4861.97,NULL,NULL,'CREDITO DE SALARIO INDRA BRAS 01645738000179'),
	(33,1,11,9,NULL,NULL,'2014-04-05 00:00:00','2014-04-05',NULL,155.12,155.12,NULL,NULL,NULL),
	(34,1,12,10,NULL,NULL,'2014-04-05 00:00:00','2014-04-05',NULL,48.35,48.35,NULL,NULL,NULL),
	(35,1,9,8,NULL,NULL,'2014-04-05 00:00:00','2014-04-05',NULL,670.00,670.00,NULL,NULL,NULL),
	(36,1,14,11,NULL,NULL,'2014-04-05 00:00:00','2014-04-05',NULL,148.96,148.96,NULL,NULL,NULL),
	(37,1,15,12,NULL,NULL,'2014-04-05 00:00:00','2014-04-05',NULL,117.70,117.70,NULL,NULL,NULL),
	(38,1,75,13,NULL,NULL,'2014-04-05 00:00:00','2014-04-05',NULL,350.00,350.00,NULL,NULL,NULL),
	(39,1,30,NULL,NULL,NULL,'2014-04-05 00:00:00','2014-04-05',NULL,1969.34,1969.34,NULL,NULL,'VERSA'),
	(40,1,32,NULL,NULL,NULL,'2014-04-05 00:00:00','2014-04-05',NULL,150.00,150.00,NULL,NULL,'ritalina'),
	(41,1,76,NULL,NULL,6,'2014-04-05 00:00:00','2014-04-05','2014-04-05',1697.21,1697.21,NULL,NULL,NULL),
	(42,1,76,NULL,NULL,7,'2014-04-05 00:00:00','2014-04-05','2014-04-05',2981.81,2981.81,NULL,NULL,NULL),
	(43,1,50,NULL,NULL,NULL,'2014-04-05 00:00:00','2014-04-05',NULL,4622.02,4622.02,NULL,NULL,'CREDITO DE SALARIO INDRA BRAS 01645738000179'),
	(44,1,72,NULL,NULL,NULL,'2014-04-05 00:00:00','2014-04-05',NULL,7150.00,7150.00,NULL,NULL,'CTIS-SESI'),
	(45,1,11,9,NULL,NULL,'2014-05-05 00:00:00','2014-05-05',NULL,41.44,41.44,NULL,NULL,NULL),
	(46,1,12,10,NULL,NULL,'2014-05-05 00:00:00','2014-05-05',NULL,61.37,61.37,NULL,NULL,NULL),
	(47,1,9,8,NULL,NULL,'2014-05-05 00:00:00','2014-05-05',NULL,718.00,718.00,NULL,NULL,NULL),
	(48,1,14,11,NULL,NULL,'2014-05-05 00:00:00','2014-05-05',NULL,148.96,148.96,NULL,NULL,NULL),
	(49,1,15,12,NULL,NULL,'2014-05-05 00:00:00','2014-05-05',NULL,117.70,117.70,NULL,NULL,NULL),
	(50,1,75,13,NULL,NULL,'2014-05-05 00:00:00','2014-05-05',NULL,400.00,400.00,NULL,NULL,NULL),
	(51,1,76,NULL,NULL,6,'2014-05-05 00:00:00','2014-05-05','2014-05-05',434.49,434.49,NULL,NULL,NULL),
	(52,1,76,NULL,NULL,7,'2014-05-05 00:00:00','2014-05-05','2014-05-05',438.26,438.26,NULL,NULL,NULL),
	(53,1,50,NULL,NULL,NULL,'2014-05-05 00:00:00','2014-05-05',NULL,4881.71,4881.71,NULL,NULL,'CREDITO DE SALARIO INDRA BRAS 01645738000179'),
	(54,1,11,9,NULL,NULL,'2014-06-05 00:00:00','2014-06-05',NULL,45.63,45.63,NULL,NULL,NULL),
	(55,1,12,10,NULL,NULL,'2014-06-05 00:00:00','2014-06-05',NULL,47.43,47.43,NULL,NULL,NULL),
	(56,1,9,8,NULL,NULL,'2014-06-05 00:00:00','2014-06-05',NULL,718.00,718.00,NULL,NULL,NULL),
	(57,1,14,11,NULL,NULL,'2014-06-05 00:00:00','2014-06-05',NULL,143.59,143.59,NULL,NULL,NULL),
	(58,1,15,12,NULL,NULL,'2014-06-05 00:00:00','2014-06-05',NULL,116.96,116.96,NULL,NULL,NULL),
	(59,1,75,13,NULL,NULL,'2014-06-05 00:00:00','2014-06-05',NULL,400.00,400.00,NULL,NULL,NULL),
	(60,1,76,NULL,NULL,6,'2014-06-05 00:00:00','2014-06-05','2014-06-05',376.93,376.93,NULL,NULL,NULL),
	(61,1,76,NULL,NULL,7,'2014-06-05 00:00:00','2014-06-05','2014-06-05',743.10,743.10,NULL,NULL,NULL),
	(62,1,50,NULL,NULL,NULL,'2014-06-05 00:00:00','2014-06-05',NULL,5167.02,5167.02,NULL,NULL,'CREDITO DE SALARIO INDRA BRAS 01645738000179'),
	(63,1,11,9,NULL,NULL,'2014-07-05 00:00:00','2014-07-05',NULL,45.31,45.31,NULL,NULL,NULL),
	(64,1,12,10,NULL,NULL,'2014-07-05 00:00:00','2014-07-05',NULL,36.15,36.15,NULL,NULL,NULL),
	(65,1,9,8,NULL,NULL,'2014-07-05 00:00:00','2014-07-05',NULL,718.00,718.00,NULL,NULL,NULL),
	(66,1,14,11,NULL,NULL,'2014-07-05 00:00:00','2014-07-05',NULL,143.59,143.59,NULL,NULL,NULL),
	(67,1,15,12,NULL,NULL,'2014-07-05 00:00:00','2014-07-05',NULL,116.96,116.96,NULL,NULL,NULL),
	(68,1,75,13,NULL,NULL,'2014-07-05 00:00:00','2014-07-05',NULL,400.00,400.00,NULL,NULL,NULL),
	(69,1,78,NULL,NULL,NULL,'2014-07-05 00:00:00','2014-07-05',NULL,94.70,94.70,NULL,NULL,'hospedagem quaemo.com.br'),
	(70,1,76,NULL,NULL,6,'2014-07-05 00:00:00','2014-07-05','2014-07-05',683.40,683.40,NULL,NULL,NULL),
	(71,1,76,NULL,NULL,7,'2014-07-05 00:00:00','2014-07-05','2014-07-05',1307.42,1307.42,NULL,NULL,NULL),
	(72,1,50,NULL,NULL,NULL,'2014-07-05 00:00:00','2014-07-05',NULL,6110.49,6110.49,NULL,NULL,'CREDITO DE SALARIO INDRA BRAS 01645738000179'),
	(73,1,11,9,NULL,NULL,'2014-08-05 00:00:00','2014-08-05',NULL,46.20,46.20,NULL,NULL,NULL),
	(74,1,12,10,NULL,NULL,'2014-08-05 00:00:00','2014-08-05',NULL,45.02,45.02,NULL,NULL,NULL),
	(75,1,9,8,NULL,NULL,'2014-08-05 00:00:00','2014-08-05',NULL,718.00,718.00,NULL,NULL,NULL),
	(76,1,14,11,NULL,NULL,'2014-08-05 00:00:00','2014-08-05',NULL,131.63,131.63,NULL,NULL,NULL),
	(77,1,15,12,NULL,NULL,'2014-08-05 00:00:00','2014-08-05',NULL,117.57,117.57,NULL,NULL,NULL),
	(78,1,75,13,NULL,NULL,'2014-08-05 00:00:00','2014-08-05',NULL,400.00,400.00,NULL,NULL,NULL),
	(79,1,62,NULL,NULL,NULL,'2014-08-05 00:00:00','2014-08-05',NULL,441.17,441.17,NULL,NULL,''),
	(80,1,76,NULL,NULL,6,'2014-08-05 00:00:00','2014-08-05','2014-08-05',665.26,665.26,NULL,NULL,NULL),
	(81,1,76,NULL,NULL,7,'2014-08-05 00:00:00','2014-08-05','2014-08-05',660.32,660.32,NULL,NULL,NULL),
	(82,1,50,NULL,NULL,NULL,'2014-08-05 00:00:00','2014-08-05',NULL,5396.54,5396.54,NULL,NULL,'CREDITO DE SALARIO INDRA BRAS 01645738000179'),
	(83,1,11,9,NULL,NULL,'2014-09-05 00:00:00','2014-09-05',NULL,45.78,45.78,NULL,NULL,NULL),
	(84,1,12,10,NULL,NULL,'2014-09-05 00:00:00','2014-09-05',NULL,45.01,45.01,NULL,NULL,NULL),
	(85,1,9,8,NULL,NULL,'2014-09-05 00:00:00','2014-09-05',NULL,718.00,718.00,NULL,NULL,NULL),
	(86,1,14,11,NULL,NULL,'2014-09-05 00:00:00','2014-09-05',NULL,131.63,131.63,NULL,NULL,NULL),
	(87,1,15,12,NULL,NULL,'2014-09-05 00:00:00','2014-09-05',NULL,117.57,117.57,NULL,NULL,NULL),
	(88,1,75,13,NULL,NULL,'2014-09-05 00:00:00','2014-09-05',NULL,400.00,400.00,NULL,NULL,NULL),
	(89,1,76,NULL,NULL,6,'2014-09-05 00:00:00','2014-09-05','2014-09-05',1688.58,1688.58,NULL,NULL,NULL),
	(90,1,76,NULL,NULL,7,'2014-09-05 00:00:00','2014-09-05','2014-09-05',442.52,442.52,NULL,NULL,NULL),
	(91,1,50,NULL,NULL,NULL,'2014-09-05 00:00:00','2014-09-05',NULL,5402.54,5402.54,NULL,NULL,'CREDITO DE SALARIO INDRA BRAS 01645738000179'),
	(92,1,11,9,NULL,NULL,'2014-10-05 00:00:00','2014-10-05',NULL,45.31,45.31,NULL,NULL,NULL),
	(93,1,12,10,NULL,NULL,'2014-10-05 00:00:00','2014-10-05',NULL,49.07,49.07,NULL,NULL,NULL),
	(94,1,9,8,NULL,NULL,'2014-10-05 00:00:00','2014-10-05',NULL,718.00,718.00,NULL,NULL,NULL),
	(95,1,14,11,NULL,NULL,'2014-10-05 00:00:00','2014-10-05',NULL,130.00,130.00,NULL,NULL,NULL),
	(96,1,15,12,NULL,NULL,'2014-10-05 00:00:00','2014-10-05',NULL,115.00,115.00,NULL,NULL,NULL),
	(97,1,75,13,NULL,NULL,'2014-10-05 00:00:00','2014-10-05',NULL,400.00,400.00,NULL,NULL,NULL),
	(98,1,76,NULL,NULL,6,'2014-10-05 00:00:00','2014-10-05','2014-10-05',2754.69,2754.69,NULL,NULL,NULL),
	(99,1,76,NULL,NULL,7,'2014-10-05 00:00:00','2014-10-05','2014-10-05',354.46,354.46,NULL,NULL,NULL),
	(100,1,29,NULL,NULL,NULL,'2014-10-05 00:00:00','2014-10-05',NULL,1182.03,1182.03,NULL,NULL,'IPVA'),
	(101,1,78,NULL,NULL,NULL,'2014-10-05 00:00:00','2014-10-05',NULL,94.70,94.70,NULL,NULL,'hospedagem quaemo.com.br'),
	(102,1,50,NULL,NULL,NULL,'2014-10-05 00:00:00','2014-10-05',NULL,7172.84,7172.84,NULL,NULL,'CREDITO DE SALARIO INDRA BRAS 01645738000179'),
	(103,1,11,9,NULL,NULL,'2014-11-05 00:00:00','2014-11-05',NULL,46.20,46.20,NULL,NULL,NULL),
	(104,1,12,10,NULL,NULL,'2014-11-05 00:00:00','2014-11-05',NULL,49.88,49.88,NULL,NULL,NULL),
	(105,1,9,8,NULL,NULL,'2014-11-05 00:00:00','2014-11-05',NULL,1075.64,1075.64,NULL,NULL,NULL),
	(106,1,14,11,NULL,NULL,'2014-11-05 00:00:00','2014-11-05',NULL,130.00,130.00,NULL,NULL,NULL),
	(107,1,15,12,NULL,NULL,'2014-11-05 00:00:00','2014-11-05',NULL,115.00,115.00,NULL,NULL,NULL),
	(108,1,75,13,NULL,NULL,'2014-11-05 00:00:00','2014-11-05',NULL,400.00,400.00,NULL,NULL,NULL),
	(109,1,76,NULL,NULL,6,'2014-11-05 00:00:00','2014-11-05','2014-11-05',1732.34,1732.34,NULL,NULL,NULL),
	(110,1,76,NULL,NULL,7,'2014-11-05 00:00:00','2014-11-05','2014-11-05',330.21,330.21,NULL,NULL,NULL),
	(111,1,17,NULL,NULL,NULL,'2014-11-28 00:00:00','2014-11-28',NULL,154.08,154.08,NULL,NULL,'COQUEIRO MAT P/ contru√ß√£o'),
	(112,1,79,NULL,NULL,NULL,'2014-11-28 00:00:00','2014-11-28',NULL,1599.00,1599.00,NULL,NULL,'Compra Ponto Frio - m√°quina de lavar roupa'),
	(113,1,50,NULL,NULL,NULL,'2014-11-05 00:00:00','2014-11-05',NULL,5718.42,5718.42,NULL,NULL,'CREDITO DE SALARIO INDRA BRAS 01645738000179'),
	(114,1,67,NULL,NULL,NULL,'2014-11-30 00:00:00','2014-11-30',NULL,3727.50,3727.50,NULL,NULL,'INDRA, primeira parcela'),
	(115,1,10,14,NULL,NULL,'2014-12-05 00:00:00','2014-12-05',NULL,210.67,210.67,NULL,NULL,NULL),
	(116,1,10,NULL,NULL,NULL,'2014-12-05 00:00:00','2014-12-05',NULL,100.59,100.59,NULL,NULL,'parcelas'),
	(117,1,11,9,NULL,NULL,'2014-12-05 00:00:00','2014-12-05',NULL,45.32,45.32,NULL,NULL,NULL),
	(118,1,12,10,NULL,NULL,'2014-12-05 00:00:00','2014-12-05',NULL,48.87,48.87,NULL,NULL,NULL),
	(119,1,14,11,NULL,NULL,'2014-12-05 00:00:00','2014-12-05',NULL,130.00,130.00,NULL,NULL,NULL),
	(120,1,15,12,NULL,NULL,'2014-12-05 00:00:00','2014-12-05',NULL,115.00,115.00,NULL,NULL,NULL),
	(121,1,75,13,NULL,NULL,'2014-12-05 00:00:00','2014-12-05',NULL,400.00,400.00,NULL,NULL,NULL),
	(122,1,10,NULL,NULL,NULL,'2014-12-05 00:00:00','2014-12-05',NULL,214.79,214.79,NULL,NULL,'acordo'),
	(123,1,10,NULL,NULL,NULL,'2014-12-05 00:00:00','2014-12-05',NULL,115.32,115.32,NULL,NULL,'acordo'),
	(124,1,76,NULL,NULL,6,'2014-12-05 00:00:00','2014-12-05','2014-12-05',1268.82,1268.82,NULL,NULL,NULL),
	(125,1,76,NULL,NULL,7,'2014-12-05 00:00:00','2014-12-05','2014-12-05',83.53,83.53,NULL,NULL,NULL),
	(126,1,17,NULL,NULL,NULL,'2014-12-06 00:00:00','2014-12-06',NULL,160.00,160.00,NULL,NULL,'COQUEIRO MAT P/ contru√ß√£o'),
	(127,1,79,NULL,NULL,NULL,'2014-12-01 00:00:00','2014-12-01',NULL,1253.00,1253.00,NULL,NULL,'Compra Ponto Frio - geladeira e guarda roupa'),
	(128,1,44,NULL,NULL,NULL,'2014-12-01 00:00:00','2014-12-01',NULL,265.28,265.28,NULL,NULL,' LEROY MERLIN'),
	(129,1,79,NULL,NULL,NULL,'2014-12-15 00:00:00','2014-12-15',NULL,89.90,89.90,NULL,NULL,' WAL MART ASA NORTE - estabilizador'),
	(130,1,44,NULL,NULL,NULL,'2014-12-15 00:00:00','2014-12-15',NULL,145.36,145.36,NULL,NULL,' LEROY MERLIN'),
	(131,1,44,NULL,NULL,NULL,'2014-12-15 00:00:00','2014-12-15',NULL,1900.00,1900.00,NULL,NULL,' STUDIO VIDEO FOTO LTDA - album de formatura'),
	(132,1,44,NULL,NULL,NULL,'2014-12-23 00:00:00','2014-12-23',NULL,239.98,239.98,NULL,NULL,' RI HAPPY BRINQUEDOS - presentes de natal'),
	(133,1,44,NULL,NULL,NULL,'2014-12-26 00:00:00','2014-12-26',NULL,624.00,624.00,NULL,NULL,'GRIFFE PNEUS - pneus michelin'),
	(134,1,44,NULL,NULL,NULL,'2014-12-29 00:00:00','2014-12-29',NULL,135.36,135.36,NULL,NULL,' LEROY MERLIN'),
	(135,1,44,NULL,NULL,NULL,'2014-12-29 00:00:00','2014-12-29',NULL,270.20,270.20,NULL,NULL,' C & A - roupas'),
	(136,1,67,NULL,NULL,NULL,'2014-12-19 00:00:00','2014-12-19',NULL,2357.77,2357.77,NULL,NULL,'INDRA, segunda parcela'),
	(137,1,72,NULL,NULL,NULL,'2014-12-23 00:00:00','2014-12-23',NULL,2500.00,2500.00,NULL,NULL,'suedi'),
	(138,1,50,NULL,NULL,NULL,'2014-12-05 00:00:00','2014-12-05',NULL,5723.45,5723.45,NULL,NULL,'CREDITO DE SALARIO INDRA BRAS 01645738000179'),
	(139,1,68,NULL,NULL,NULL,'2014-12-30 00:00:00','2014-12-30',NULL,8731.72,8731.72,NULL,NULL,'F√©rias'),
	(140,1,10,NULL,NULL,NULL,'2015-01-02 00:00:00','2015-01-02',NULL,115.32,115.32,NULL,NULL,'acordo'),
	(141,1,10,NULL,NULL,NULL,'2015-01-02 00:00:00','2015-01-02',NULL,214.79,214.79,NULL,NULL,'acordo'),
	(142,1,41,NULL,NULL,NULL,'2015-01-02 00:00:00','2015-01-02',NULL,54.00,54.00,NULL,NULL,'uberaba'),
	(143,1,41,NULL,NULL,NULL,'2015-01-02 00:00:00','2015-01-02',NULL,17.25,17.25,NULL,NULL,'uberaba'),
	(144,1,20,NULL,NULL,NULL,'2015-01-03 00:00:00','2015-01-03',NULL,145.58,145.58,NULL,NULL,'ZEBU CARNES - uberaba - whisky'),
	(145,1,20,NULL,NULL,NULL,'2015-01-03 00:00:00','2015-01-03',NULL,22.62,22.62,NULL,NULL,'CAMPEAO SUPERME - uberaba'),
	(146,1,20,NULL,NULL,NULL,'2015-01-04 00:00:00','2015-01-04',NULL,40.44,40.44,NULL,NULL,'MN SUPERMERCADO - uberaba'),
	(147,1,20,NULL,NULL,NULL,'2015-01-04 00:00:00','2015-01-04',NULL,45.25,45.25,NULL,NULL,'EDNA SILVA MART - uberaba'),
	(148,1,20,NULL,NULL,NULL,'2015-01-05 00:00:00','2015-01-05',NULL,86.00,86.00,NULL,NULL,'CACHACARIA E AC- uberaba'),
	(149,1,26,NULL,NULL,NULL,'2015-01-06 00:00:00','2015-01-06',NULL,68.21,68.21,NULL,NULL,'POSTO CALCARIO - uberaba'),
	(150,1,26,NULL,NULL,NULL,'2015-01-06 00:00:00','2015-01-06',NULL,115.02,115.02,NULL,NULL,'AUTO POSTO BRAZ'),
	(151,1,50,NULL,NULL,NULL,'2015-01-07 00:00:00','2015-01-07',NULL,5856.19,5856.19,NULL,NULL,'CREDITO DE SALARIO INDRA BRAS 01645738000179'),
	(152,1,76,NULL,NULL,6,'2015-01-07 00:00:00','2015-01-07','2015-01-07',1108.88,1108.88,NULL,NULL,NULL),
	(153,1,76,NULL,NULL,7,'2015-01-07 00:00:00','2015-01-07','2015-01-07',45.15,45.15,NULL,NULL,NULL),
	(154,1,44,NULL,NULL,NULL,'2015-01-07 00:00:00','2015-01-07',NULL,1600.00,1600.00,NULL,NULL,'IPHONE'),
	(155,1,32,NULL,NULL,NULL,'2015-01-07 00:00:00','2015-01-07',NULL,26.79,26.79,NULL,NULL,'DROGARIA DROGAFUJI'),
	(156,1,20,NULL,NULL,NULL,'2015-01-07 00:00:00','2015-01-07',NULL,66.51,66.51,NULL,NULL,' SUPERMERCADO TOKYO'),
	(157,1,44,NULL,NULL,NULL,'2015-01-07 00:00:00','2015-01-07',NULL,35.00,35.00,NULL,NULL,'DI PEDRO AGROPE'),
	(158,1,24,NULL,NULL,NULL,'2015-01-07 00:00:00','2015-01-07',NULL,32.60,32.60,NULL,NULL,' GIRAFFAS'),
	(159,1,24,NULL,NULL,NULL,'2015-01-08 00:00:00','2015-01-08',NULL,19.50,19.50,NULL,NULL,' MC DONALDS EXM'),
	(160,1,10,NULL,NULL,NULL,'2015-01-09 00:00:00','2015-01-09',NULL,100.59,100.59,NULL,NULL,'parcelas'),
	(161,1,10,14,NULL,NULL,'2015-01-09 00:00:00','2015-01-09',NULL,210.67,210.67,NULL,NULL,NULL),
	(162,1,75,13,NULL,NULL,'2015-01-09 00:00:00','2015-01-09',NULL,400.00,400.00,NULL,NULL,NULL),
	(163,1,79,NULL,NULL,NULL,'2015-01-09 00:00:00','2015-01-09',NULL,94.70,94.70,NULL,NULL,'hospedagem quaemo.com.br'),
	(164,1,26,NULL,NULL,NULL,'2015-01-12 00:00:00','2015-01-12',NULL,122.50,122.50,NULL,NULL,'POSTO JK'),
	(165,1,14,11,NULL,NULL,'2015-01-12 00:00:00','2015-01-12',NULL,270.32,270.32,NULL,NULL,NULL),
	(166,1,15,12,NULL,NULL,'2015-01-12 00:00:00','2015-01-12',NULL,118.70,118.70,NULL,NULL,NULL),
	(167,1,20,NULL,NULL,NULL,'2015-01-14 00:00:00','2015-01-14',NULL,54.61,54.61,NULL,NULL,'REDE MINAS SUPE - uberaba'),
	(168,1,26,NULL,NULL,NULL,'2015-01-15 00:00:00','2015-01-15',NULL,132.76,132.76,NULL,NULL,'AUTO POSTO BRAZ'),
	(169,1,20,NULL,NULL,NULL,'2015-01-19 00:00:00','2015-01-19',NULL,40.38,40.38,NULL,NULL,'SUPERCEI'),
	(170,1,26,NULL,NULL,NULL,'2015-01-19 00:00:00','2015-01-19',NULL,137.64,137.64,NULL,NULL,'POSTOBRASILIA P'),
	(171,1,20,NULL,NULL,NULL,'2015-01-20 00:00:00','2015-01-20',NULL,81.33,81.33,NULL,NULL,'EXTRA SUDOESTE'),
	(172,1,79,NULL,NULL,NULL,'2015-01-20 00:00:00','2015-01-20',NULL,270.20,270.20,NULL,NULL,'VIA VAREJO S/A - Ventilador e fog√£o cookTop'),
	(173,1,32,NULL,NULL,NULL,'2015-01-20 00:00:00','2015-01-20',NULL,168.91,168.91,NULL,NULL,'DROGARIA ROSARIO - ritalina'),
	(174,1,72,NULL,NULL,NULL,'2015-01-21 00:00:00','2015-01-21',NULL,1500.00,1500.00,NULL,NULL,'suedi'),
	(175,1,79,NULL,NULL,NULL,'2015-01-21 00:00:00','2015-01-21',NULL,275.00,275.00,NULL,NULL,'FEIRA DOS IMPORTADOS - SOM'),
	(176,1,44,NULL,NULL,NULL,'2015-01-21 00:00:00','2015-01-21',NULL,150.00,150.00,NULL,NULL,' BARAO OTICA - √≥culos'),
	(177,1,12,10,NULL,NULL,'2015-01-22 00:00:00','2015-01-05',NULL,27.58,56.52,NULL,NULL,NULL),
	(178,1,24,NULL,NULL,NULL,'2015-01-23 00:00:00','2015-01-22',NULL,34.43,34.43,NULL,NULL,' m√£e'),
	(179,1,44,NULL,NULL,NULL,'2015-01-23 00:00:00','2015-01-23',NULL,250.00,250.00,NULL,NULL,' MODELAR DECORACOES - Impermeabiliza√ß√£o do sof√°'),
	(180,1,44,NULL,NULL,NULL,'2015-01-23 00:00:00','2015-01-23',NULL,1050.00,1050.00,NULL,NULL,'ATLANTIDA MOVEIS - Sof√°'),
	(181,1,20,NULL,NULL,NULL,'2015-01-26 00:00:00','2015-01-26',NULL,13.00,13.00,NULL,NULL,' SUPERMERCADO TOKYO'),
	(182,1,41,NULL,NULL,NULL,'2015-01-26 00:00:00','2015-01-26',NULL,15.50,15.50,NULL,NULL,'PIER 21'),
	(183,1,44,NULL,NULL,NULL,'2015-01-26 00:00:00','2015-01-26',NULL,170.78,170.78,NULL,NULL,' LEROY MERLIN - Cortinas'),
	(184,1,10,NULL,NULL,NULL,'2015-01-26 00:00:00','2015-01-26',NULL,214.79,214.79,NULL,NULL,'acordo'),
	(185,1,10,NULL,NULL,NULL,'2015-01-26 00:00:00','2015-01-26',NULL,214.79,214.79,NULL,NULL,'acordo'),
	(186,1,10,NULL,NULL,NULL,'2015-01-26 00:00:00','2015-01-26',NULL,115.34,115.34,NULL,NULL,'acordo'),
	(187,721,25,NULL,NULL,NULL,'2015-01-28 08:44:58','2015-01-28',NULL,1.50,1.50,NULL,NULL,'Lanche'),
	(188,1,24,NULL,NULL,NULL,'2015-01-30 12:58:36','2015-01-28',NULL,30.67,30.67,NULL,NULL,'infinity marmita'),
	(189,1,24,NULL,NULL,NULL,'2015-01-30 12:59:22','2015-01-28',NULL,43.50,43.50,NULL,NULL,'subway com fernando'),
	(190,1,17,NULL,NULL,NULL,'2015-01-31 16:57:53','2015-01-31',NULL,240.00,240.00,NULL,NULL,'compra da cuba para o tampo de pedra'),
	(191,1,44,NULL,NULL,NULL,'2015-02-02 11:38:38','2015-02-01',NULL,79.00,79.00,NULL,NULL,'cabo do ipad'),
	(192,1,20,NULL,NULL,NULL,'2015-02-02 11:43:01','2015-01-31',NULL,40.72,40.72,NULL,NULL,'yakut'),
	(193,1,26,NULL,NULL,NULL,'2015-02-05 08:30:42','2015-02-04',NULL,122.93,122.93,NULL,NULL,'posto no eixinho, ainda 3,19 o litro'),
	(194,722,24,NULL,NULL,NULL,'2015-02-05 19:01:42','2015-02-05',NULL,26.00,26.00,NULL,NULL,'Subway'),
	(195,1,26,NULL,NULL,NULL,'2015-02-05 19:18:29','2015-02-05',NULL,50.00,50.00,NULL,NULL,'corsa'),
	(196,1,20,NULL,NULL,NULL,'2015-02-06 12:59:50','2015-02-05',NULL,69.11,69.11,NULL,NULL,'compras'),
	(197,1,32,NULL,NULL,NULL,'2015-02-06 13:00:23','2015-02-05',NULL,34.50,34.50,NULL,NULL,'xarope celestamine'),
	(198,1,50,NULL,NULL,NULL,'2015-02-06 13:01:08','2015-02-06',NULL,2619.96,2619.96,NULL,NULL,'CREDITO DE SALARIO INDRA BRAS 01645738000179'),
	(199,1,75,13,NULL,NULL,'2015-02-06 13:08:16','2015-02-06',NULL,400.00,384.62,NULL,NULL,'miguel'),
	(200,722,24,NULL,NULL,NULL,'2015-02-07 10:11:55','2015-02-06',NULL,7.00,7.00,NULL,NULL,'Yakissoba'),
	(201,722,41,NULL,NULL,NULL,'2015-02-07 10:13:06','2015-02-07',NULL,18.00,18.00,NULL,NULL,'Cerveja'),
	(202,722,22,NULL,NULL,NULL,'2015-02-07 10:13:53','2015-02-07',NULL,2.00,2.00,NULL,NULL,'Balinhas'),
	(203,722,20,NULL,NULL,NULL,'2015-02-07 10:14:42','2015-02-07',NULL,81.00,81.00,NULL,NULL,'De casa'),
	(204,722,24,NULL,NULL,NULL,'2015-02-08 21:14:01','2015-02-08',NULL,5.00,5.00,NULL,NULL,'√Ågua de c√¥co'),
	(205,722,41,NULL,NULL,NULL,'2015-02-08 21:14:51','2015-02-08',NULL,35.00,35.00,NULL,NULL,'Cerveja'),
	(206,722,41,NULL,NULL,NULL,'2015-02-08 21:15:51','2015-02-08',NULL,35.00,35.00,NULL,NULL,'Baralho'),
	(207,722,26,NULL,NULL,NULL,'2015-02-08 21:16:33','2015-02-08',NULL,149.00,149.00,NULL,NULL,'Gasolina'),
	(208,722,60,NULL,NULL,NULL,'2015-02-08 21:17:23','2015-02-08',NULL,100.00,100.00,NULL,NULL,'Alice'),
	(209,722,20,NULL,NULL,NULL,'2015-02-08 21:18:10','2017-02-08',NULL,22.00,22.00,NULL,NULL,'Casa'),
	(210,722,20,NULL,NULL,NULL,'2015-02-09 14:40:18','2015-02-09',NULL,19.00,19.00,NULL,NULL,'Barbosa frutas'),
	(211,722,32,NULL,NULL,NULL,'2015-02-09 14:41:07','2015-02-09',NULL,219.00,219.00,NULL,NULL,'Farm√°cia'),
	(212,722,34,NULL,NULL,NULL,'2015-02-09 14:41:49','2015-02-09',NULL,288.00,288.00,NULL,NULL,'Curumim'),
	(213,722,20,NULL,NULL,NULL,'2015-02-09 19:41:02','2015-02-09',NULL,87.00,87.00,NULL,NULL,'Dieta'),
	(214,1,15,12,NULL,NULL,'2015-02-10 08:47:05','2015-02-10',NULL,120.23,116.97,NULL,NULL,'GVT dus infernos'),
	(215,1,14,11,NULL,NULL,'2015-02-10 08:47:29','2015-02-10',NULL,237.48,147.82,NULL,NULL,'VIVO dos infernos'),
	(216,1,41,NULL,NULL,NULL,'2015-02-10 08:49:47','2015-02-07',NULL,40.50,40.50,NULL,NULL,'Cyntia'),
	(217,1,24,NULL,NULL,NULL,'2015-02-10 08:50:46','2015-02-07',NULL,52.00,52.00,NULL,NULL,'Libanus com a Cyntia'),
	(218,1,44,NULL,NULL,NULL,'2015-02-10 08:51:23','2015-02-08',NULL,1620.00,1620.00,NULL,NULL,'PS4'),
	(219,1,48,NULL,NULL,NULL,'2015-02-10 08:52:05','2015-02-10',NULL,50.00,50.00,NULL,NULL,'poupan√ßa autom√°tica'),
	(220,722,24,NULL,NULL,NULL,'2015-02-12 15:09:11','2015-02-09',NULL,10.00,10.00,NULL,NULL,'churrasquinho'),
	(221,722,20,NULL,NULL,NULL,'2015-02-12 15:09:53','2015-02-11',NULL,78.00,78.00,NULL,NULL,'25 meu e 53 casa'),
	(222,722,20,NULL,NULL,NULL,'2015-02-12 15:10:38','2015-02-10',NULL,45.00,45.00,NULL,NULL,'super cei'),
	(223,722,43,NULL,NULL,NULL,'2015-02-12 15:11:19','2015-02-11',NULL,85.00,85.00,NULL,NULL,'davi, mateus e vinivius'),
	(224,722,43,NULL,NULL,NULL,'2015-02-12 15:12:05','2015-02-11',NULL,85.00,85.00,NULL,NULL,'minhas alice e mariana'),
	(225,722,66,NULL,NULL,NULL,'2015-02-12 15:12:42','2015-02-11',NULL,4.00,4.00,NULL,NULL,'estacionamento'),
	(226,722,43,NULL,NULL,NULL,'2015-02-12 15:13:21','2015-02-11',NULL,30.00,30.00,NULL,NULL,'CALCA MAE'),
	(227,722,20,NULL,NULL,NULL,'2015-02-12 15:13:59','2015-02-12',NULL,30.00,30.00,NULL,NULL,'ABACAXI'),
	(228,722,50,NULL,NULL,NULL,'2015-02-12 15:15:22','2015-02-10',NULL,270.00,270.00,NULL,NULL,'val'),
	(229,1,48,15,NULL,NULL,'2015-02-19 13:41:07','2015-02-09',NULL,50.00,50.00,NULL,NULL,'nda'),
	(230,1,10,14,NULL,NULL,'2015-02-19 13:42:24','2015-02-15',NULL,241.04,166.15,NULL,NULL,'hgfhfgh'),
	(231,1,26,NULL,NULL,NULL,'2015-02-19 13:46:16','2015-02-11',NULL,138.34,138.34,NULL,NULL,'COMPRA CARTAO MAESTRO 11/02 CASCOL COMBUSTI'),
	(232,1,20,NULL,NULL,NULL,'2015-02-19 13:46:54','2015-02-12',NULL,19.50,19.50,NULL,NULL,'COMPRA CARTAO MAESTRO 12/02 SUPERMERCADO TO'),
	(233,1,32,NULL,NULL,NULL,'2015-02-19 13:48:31','2015-02-14',NULL,49.99,49.99,NULL,NULL,'COMPRA CARTAO MAESTRO 14/02 DROGARIA ROSARI\n   protetor solar'),
	(234,1,24,NULL,NULL,NULL,'2015-02-19 13:50:20','2015-02-15',NULL,40.45,40.45,NULL,NULL,'COMPRA CARTAO MAESTRO 15/02 RESTAURANTE E L'),
	(235,1,20,NULL,NULL,NULL,'2015-02-19 13:51:24','2015-02-16',NULL,271.57,271.57,NULL,NULL,'COMPRA CARTAO MAESTRO 16/02 EXTRA SUDOESTE\ncompras e panela de fazer arroz'),
	(236,1,80,NULL,NULL,NULL,'2015-02-19 13:52:37','2015-02-16',NULL,208.84,208.84,NULL,NULL,'COMPRA CARTAO MAESTRO 16/02 LEROY MERLIN BR\nferramentas, latas de tinta, coisas do banheiro, e coisas para a pia'),
	(237,1,44,NULL,NULL,NULL,'2015-02-19 13:53:29','2015-02-16',NULL,19.37,19.37,NULL,NULL,'COMPRA CARTAO MAESTRO 16/02 COQUEIRO M CONS\n\narame para desentupir  o ralo da varanda'),
	(238,1,20,NULL,NULL,NULL,'2015-02-19 13:54:05','2015-02-17',NULL,19.92,19.92,NULL,NULL,'COMPRA CARTAO MAESTRO 17/02 SUPERMERCADO TO'),
	(239,1,26,NULL,NULL,NULL,'2015-02-19 13:54:42','2015-02-18',NULL,153.18,153.18,NULL,NULL,'COMPRA CARTAO MAESTRO 18/02 CASCOL COMBUSTI'),
	(240,1,44,NULL,NULL,NULL,'2015-02-19 13:55:24','2015-02-18',NULL,1150.00,1150.00,NULL,NULL,'tampo de pedra para a cozinha'),
	(241,1,44,NULL,NULL,NULL,'2015-02-19 13:59:27','2015-02-18',NULL,22.90,22.90,NULL,NULL,'cabo para o ipad'),
	(242,1,24,NULL,NULL,NULL,'2015-02-19 14:00:01','2015-02-18',NULL,16.50,16.50,NULL,NULL,'COMPRA CARTAO MAESTRO 18/02 MC DONALDS TAS'),
	(243,1,24,NULL,NULL,NULL,'2015-02-19 14:00:40','2015-02-18',NULL,32.00,32.00,NULL,NULL,'COMPRA CARTAO MAESTRO 18/02 BURG KING'),
	(244,1,44,NULL,NULL,7,'2015-02-19 14:03:29','2015-02-08',NULL,214.25,214.25,NULL,NULL,'EBANX SONYPLAYSTATN\n\ncompra do the last of us e resident evil 1'),
	(245,1,78,NULL,NULL,7,'2015-02-19 14:04:35','2015-02-16',NULL,25.10,25.10,NULL,NULL,'EBANX SONYPLAYSTATN\ncompra do rayman'),
	(246,1,56,NULL,NULL,6,'2015-02-19 14:06:38','2015-02-18',NULL,262.85,262.85,NULL,NULL,'compra da mochila, lancheira, caderno, jogo de l√°pis e adesivos, tudo do ben 10'),
	(247,1,17,NULL,NULL,NULL,'2015-02-19 14:08:38','2015-02-19',NULL,90.00,90.00,NULL,NULL,'instala√ß√£o do g√°s'),
	(248,1,12,10,NULL,NULL,'2015-02-19 14:17:05','2015-02-01',NULL,28.94,49.03,NULL,NULL,'hfgh'),
	(251,724,9,16,NULL,NULL,'2015-02-19 17:02:23','2015-02-19',NULL,740.00,740.00,NULL,NULL,'Pagamento do Aluguel'),
	(252,724,31,18,NULL,NULL,'2015-02-19 17:03:06','2015-02-19',NULL,200.00,200.00,NULL,NULL,'Pagamento Plano de Sa√∫de da minha M√£e'),
	(253,724,35,19,NULL,NULL,'2015-02-19 17:03:29','2015-02-19',NULL,180.00,180.00,NULL,NULL,'Pagamento da P√≥s Gradua√ß√£o'),
	(254,724,11,20,NULL,NULL,'2015-02-19 17:06:34','2015-02-19',NULL,85.00,85.00,NULL,NULL,'Pagamento da conta de agua'),
	(255,724,12,21,NULL,NULL,'2015-02-19 17:06:57','2015-02-19',NULL,100.00,100.00,NULL,NULL,'Pagamento da conta de energia el√©trica'),
	(256,724,15,22,NULL,NULL,'2015-02-19 17:08:59','2015-02-19',NULL,79.90,79.90,NULL,NULL,'Pagamento da conta de Internet da Net Virtua'),
	(257,724,74,23,NULL,NULL,'2015-02-19 17:12:24','2015-02-19',NULL,1400.00,1400.00,NULL,NULL,'Pagamento presta√ß√£o do apartamento'),
	(258,722,20,NULL,NULL,NULL,'2015-02-22 20:26:46','2015-02-13',NULL,54.00,54.00,NULL,NULL,'dieta 30, casa 24'),
	(259,722,20,NULL,NULL,NULL,'2015-02-22 20:30:45','2015-02-13',NULL,33.00,33.00,NULL,NULL,'pes de porco'),
	(260,722,22,NULL,NULL,NULL,'2015-02-22 20:31:40','2015-02-15',NULL,5.00,5.00,NULL,NULL,'refri prara chacara'),
	(261,722,20,NULL,NULL,NULL,'2015-02-22 20:32:35','2015-02-15',NULL,45.00,45.00,NULL,NULL,'peixes'),
	(262,722,42,NULL,NULL,NULL,'2015-02-22 20:33:22','2015-02-15',NULL,40.00,40.00,NULL,NULL,'carne para churrasco Lili'),
	(263,722,20,NULL,NULL,NULL,'2015-02-22 20:33:55','2015-02-15',NULL,26.00,26.00,NULL,NULL,'carne'),
	(264,722,45,NULL,NULL,NULL,'2015-02-22 20:34:42','2015-02-18',NULL,30.00,30.00,NULL,NULL,'sobrancelha'),
	(265,722,24,NULL,NULL,NULL,'2015-02-22 20:35:52','2015-02-19',NULL,18.00,18.00,NULL,NULL,'rodinho'),
	(266,722,66,NULL,NULL,NULL,'2015-02-22 20:39:53','2015-02-19',NULL,30.00,30.00,NULL,NULL,'pneu'),
	(267,722,17,NULL,NULL,NULL,'2015-02-22 20:40:47','2015-02-19',NULL,33.00,33.00,NULL,NULL,'agropecuaria'),
	(268,722,66,NULL,NULL,NULL,'2015-02-22 20:41:18','2015-02-20',NULL,4.50,4.50,NULL,NULL,'estacionamento'),
	(269,722,20,NULL,NULL,NULL,'2015-02-22 20:41:59','2015-02-20',NULL,16.00,16.00,NULL,NULL,'dieta'),
	(270,722,24,NULL,NULL,NULL,'2015-02-22 20:42:44','2015-02-20',NULL,7.00,7.00,NULL,NULL,'rest. setor de oficinas'),
	(271,722,44,NULL,NULL,NULL,'2015-02-22 20:43:36','2015-02-20',NULL,40.00,40.00,NULL,NULL,'cabideiro e brinquedos'),
	(272,722,62,NULL,NULL,NULL,'2015-02-22 20:45:23','2015-02-21',NULL,21.00,21.00,NULL,NULL,'loja de 199'),
	(273,722,26,NULL,NULL,NULL,'2015-02-22 20:48:44','2015-02-21',NULL,30.00,30.00,NULL,NULL,'makankousappou'),
	(274,722,64,NULL,NULL,NULL,'2015-02-22 20:50:27','2015-02-21',NULL,30.00,30.00,NULL,NULL,'lava a jato'),
	(275,722,20,NULL,NULL,NULL,'2015-02-22 20:52:21','2015-02-21',NULL,27.00,27.00,NULL,NULL,'dieta'),
	(276,722,23,NULL,NULL,NULL,'2015-02-22 20:53:33','2015-02-22',NULL,27.00,27.00,NULL,NULL,'bambu, moyashi e outros'),
	(277,722,20,NULL,NULL,NULL,'2015-02-22 20:54:25','2015-02-22',NULL,70.00,70.00,NULL,NULL,'dieta 20,00 +50 casa'),
	(278,722,62,NULL,NULL,NULL,'2015-02-22 20:55:03','2015-02-22',NULL,20.00,20.00,NULL,NULL,'emprestimo mae'),
	(279,722,63,NULL,NULL,NULL,'2015-02-22 20:56:35','2015-02-10',NULL,270.00,270.00,NULL,NULL,'val'),
	(280,722,16,NULL,NULL,NULL,'2015-02-22 20:57:28','2015-02-10',NULL,70.00,70.00,NULL,NULL,'sky'),
	(281,722,63,NULL,NULL,NULL,'2015-02-22 20:58:51','2015-02-10',NULL,1000.00,1000.00,NULL,NULL,'poco'),
	(282,1,24,NULL,NULL,NULL,'2015-02-23 11:07:41','2015-02-20',NULL,32.00,32.00,NULL,NULL,'COMPRA CARTAO MAESTRO 20/02 BURGER KING'),
	(283,1,20,NULL,NULL,NULL,'2015-02-23 11:10:51','2015-02-21',NULL,27.99,27.99,NULL,NULL,'caf√© para o miguel'),
	(284,1,17,NULL,NULL,NULL,'2015-02-23 11:11:26','2015-02-23',NULL,20.00,20.00,NULL,NULL,'registro de g√°s'),
	(285,1,24,NULL,NULL,NULL,'2015-02-23 11:12:04','2015-02-21',NULL,15.00,15.00,NULL,NULL,'COMPRA CARTAO MAESTRO 21/02 MC DONALDS PK2'),
	(286,1,24,NULL,NULL,NULL,'2015-02-23 11:13:03','2015-02-21',NULL,41.93,41.93,NULL,NULL,'COMPRA CARTAO MAESTRO 21/02 GRANDE MURALHA - parkqshopping'),
	(287,1,44,NULL,NULL,6,'2015-02-23 11:32:40','2015-02-22',NULL,79.00,79.00,NULL,NULL,'compra das capinhas de celular'),
	(288,1,26,NULL,NULL,7,'2015-02-23 11:33:21','2015-02-22',NULL,139.66,139.66,NULL,NULL,'posto da 107 norte'),
	(289,1,44,NULL,NULL,6,'2015-02-23 11:35:59','2015-02-21',NULL,77.98,77.98,NULL,NULL,'brinquedo para a festa do MAtheus'),
	(290,725,9,NULL,NULL,NULL,'2015-02-25 07:50:02','2015-02-25',NULL,800.00,800.00,NULL,NULL,NULL),
	(291,725,50,NULL,NULL,NULL,'2015-02-25 07:51:17','2015-02-25',NULL,9999999.99,9999999.99,NULL,NULL,NULL),
	(292,725,51,NULL,NULL,NULL,'2015-02-25 07:54:32','2015-02-25',NULL,999999.99,999999.99,NULL,NULL,''),
	(293,725,21,NULL,NULL,NULL,'2015-02-25 07:55:42','2015-02-04',NULL,50000000.00,50000000.00,NULL,NULL,''),
	(294,722,25,NULL,NULL,NULL,'2015-02-27 07:34:08','2015-02-23',NULL,20.00,20.00,NULL,NULL,'Lache+almo√ßo'),
	(295,722,24,NULL,NULL,NULL,'2015-02-27 07:34:38','2015-02-27',NULL,12.00,12.00,NULL,NULL,'Lilian'),
	(296,722,26,NULL,NULL,NULL,'2015-02-27 07:35:12','2015-02-23',NULL,168.00,168.00,NULL,NULL,''),
	(297,722,32,NULL,NULL,NULL,'2015-02-27 07:36:02','2015-02-23',NULL,78.00,78.00,NULL,NULL,'50meu28mae'),
	(298,722,22,NULL,NULL,NULL,'2015-02-27 07:43:44','2015-02-24',NULL,28.00,28.00,NULL,NULL,'Cachorro quente +p√≥ royal'),
	(299,722,44,NULL,NULL,NULL,'2015-02-27 07:44:37','2015-02-25',NULL,11.00,11.00,NULL,NULL,'Horm√¥nio'),
	(300,722,20,NULL,NULL,NULL,'2015-02-27 07:45:34','2015-02-25',NULL,28.00,28.00,NULL,NULL,'Pra vc dieta'),
	(301,722,57,NULL,NULL,NULL,'2015-02-27 07:48:36','2015-02-25',NULL,20.00,20.00,NULL,NULL,'+75mae'),
	(302,722,14,NULL,NULL,NULL,'2015-02-27 07:49:25','2015-02-25',NULL,173.00,173.00,NULL,NULL,'Oi'),
	(303,722,63,NULL,NULL,NULL,'2015-02-27 07:50:19','2015-02-25',NULL,800.00,800.00,NULL,NULL,'P√°g Val'),
	(304,1,69,NULL,NULL,NULL,'2015-03-05 08:06:17','2015-02-26',NULL,150.91,150.91,NULL,NULL,'saque da poupan√ßa'),
	(305,1,32,NULL,NULL,6,'2015-03-05 08:07:40','2015-02-27',NULL,337.82,337.82,NULL,NULL,'2 caixas de ritalina'),
	(306,1,20,NULL,NULL,6,'2015-03-05 08:18:48','2015-03-02',NULL,79.08,79.08,NULL,NULL,'CH PLANALTAO 225 PL2 L\ncarrefour lago sul'),
	(307,1,26,NULL,NULL,6,'2015-03-05 08:21:06','2015-03-02',NULL,141.89,141.89,NULL,NULL,'REDE AUTO SHOPPING\n40 litros gas aditivada'),
	(308,1,78,NULL,NULL,7,'2015-03-05 08:22:08','2015-03-02',NULL,90.33,90.33,NULL,NULL,'compra do metal gear na psn'),
	(309,1,66,NULL,NULL,NULL,'2015-03-05 08:26:51','2015-02-26',NULL,6.00,6.00,NULL,NULL,'COMPRA CARTAO MAESTRO 26/02 MULTIPARK\nestacionamento'),
	(310,1,66,NULL,NULL,NULL,'2015-03-05 08:27:52','2015-03-01',NULL,6.00,6.00,NULL,NULL,'COMPRA CARTAO MAESTRO 01/03 MULTIPARK\nestacionamento'),
	(311,1,78,NULL,NULL,7,'2015-03-05 08:49:05','2015-03-05',NULL,32.75,32.75,NULL,NULL,'Apple - iCloud'),
	(312,1,50,NULL,NULL,NULL,'2015-03-06 07:32:39','2015-03-06',NULL,5805.39,5805.39,NULL,NULL,'CREDITO DE SALARIO INDRA BRAS 01645738000179'),
	(313,1,75,13,NULL,NULL,'2015-03-06 07:37:46','2015-03-06',NULL,400.00,385.71,NULL,NULL,NULL),
	(314,1,12,10,NULL,NULL,'2015-03-06 07:38:22','2015-03-06',NULL,59.44,47.60,NULL,NULL,'PAGAMENTO CONTA LUZ EM CANAIS INTERNET CEB BRASILIA'),
	(315,1,10,14,NULL,NULL,'2015-03-06 07:39:00','2015-03-06',NULL,202.74,172.39,NULL,NULL,'PGTO TITULO OUTRO BCO - INTERNET ASP NEWPRED - BRASILIA 05'),
	(571,1,41,NULL,NULL,NULL,'2015-03-07 17:22:27','2015-03-07',NULL,56.00,56.00,NULL,NULL,'com a iza'),
	(572,1,26,NULL,NULL,NULL,'2015-03-11 18:36:08','2015-03-11',NULL,150.87,150.87,NULL,NULL,'600km\n42 litros'),
	(573,1,22,NULL,NULL,NULL,'2015-03-13 08:07:04','2015-03-06',NULL,14.00,14.00,NULL,NULL,'cerva com ernane'),
	(574,1,24,NULL,NULL,NULL,'2015-03-13 08:08:01','2015-03-07',NULL,26.50,26.50,NULL,NULL,'COMPRA CARTAO MAESTRO 07/03 TAGUATINGA SHOP\nburguer king'),
	(575,1,77,NULL,NULL,NULL,'2015-03-13 08:08:46','2015-03-07',NULL,8.80,8.80,NULL,NULL,'COMPRA CARTAO MAESTRO 07/03 BRAPPAS\ntaguatinga shopping'),
	(576,1,20,NULL,NULL,NULL,'2015-03-13 08:09:53','2015-03-08',NULL,9.80,9.80,NULL,NULL,'COMPRA CARTAO MAESTRO 09/03 SUPERMERCADO TO\ntomates'),
	(577,1,48,15,NULL,NULL,'2015-03-13 08:10:25','2015-03-09',NULL,50.00,50.00,NULL,NULL,'TRANSFERENCIA PROGRAMADA PARA: 2269.60.013819-5'),
	(578,1,14,11,NULL,NULL,'2015-03-13 08:11:06','2015-03-10',NULL,203.80,212.60,NULL,NULL,'DEBITO AUT. TELEFONE CELULAR TELEBRASILIA-CE'),
	(579,1,15,12,NULL,NULL,'2015-03-13 08:11:47','2015-03-10',NULL,7.10,117.98,NULL,NULL,'DEBITO AUT. CONTA DE TELEFONE DESGRACA\ndesconto por causa da mudan√ßa de endere√ßo'),
	(580,1,20,NULL,NULL,NULL,'2015-03-16 08:21:31','2015-03-16',NULL,23.96,23.96,NULL,NULL,'COMPRA CARTAO MAESTRO 13/03 SUPERMERCADO PR'),
	(581,1,78,29,NULL,NULL,'2015-03-16 08:24:46','2015-03-11',NULL,16.90,0.00,NULL,NULL,'NETFLIX.COM'),
	(583,1,20,NULL,NULL,NULL,'2015-03-23 10:04:33','2015-03-16',NULL,153.84,153.84,NULL,NULL,'Compras supermercado santa felicidade em s√£o sebasti√£o'),
	(584,1,26,NULL,NULL,6,'2015-03-23 10:19:10','2015-03-21',NULL,139.31,139.31,NULL,NULL,'posto em s√£o sebasti√£o'),
	(585,1,20,NULL,NULL,NULL,'2015-03-23 15:43:07','2015-03-20',NULL,25.64,25.64,NULL,NULL,'COMPRA CARTAO MAESTRO 20/03 SUPERMERCADO TO'),
	(586,1,76,NULL,NULL,6,'2015-03-23 15:44:53','2015-03-06','2015-03-10',2636.02,419.83,NULL,NULL,'PAGAMENTO CARTAO CREDITO BCE 06/03 07:30 CARTAO MASTER'),
	(587,1,76,NULL,NULL,7,'2015-03-23 15:45:33','2015-03-06','2015-03-10',447.67,379.01,NULL,NULL,'PAGAMENTO CARTAO CREDITO BCE 06/03 07:30 CARTAO VISA'),
	(588,1,44,NULL,NULL,NULL,'2014-09-30 13:32:02','2014-09-30',NULL,0.00,201099.79,NULL,NULL,'compra do ap√™\nfinanciamento pela caixa'),
	(589,1,63,NULL,13,NULL,'2014-10-30 00:00:00','2014-10-30',NULL,1250.52,1250.52,NULL,NULL,'carga manual'),
	(590,1,63,NULL,14,NULL,'2014-12-08 00:00:00','2014-12-08',NULL,1292.78,1292.78,NULL,NULL,'carga manual'),
	(591,1,63,NULL,15,NULL,'2015-01-02 00:00:00','2015-01-02',NULL,1208.00,1208.00,NULL,NULL,'carga manual'),
	(592,1,63,NULL,16,NULL,'2015-01-22 00:00:00','2015-01-22',NULL,1205.49,1205.49,NULL,NULL,'carga manual'),
	(593,1,63,NULL,17,NULL,'2015-03-06 00:00:00','2015-03-06',NULL,1202.50,1202.50,NULL,NULL,'carga manual'),
	(594,1,20,NULL,NULL,NULL,'2015-03-27 13:24:30','2015-03-24',NULL,21.01,21.01,NULL,NULL,'COMPRA CARTAO MAESTRO 24/03 SUPERMERCADO TO'),
	(595,1,32,NULL,NULL,NULL,'2015-03-27 13:25:11','2015-03-24',NULL,24.00,24.00,NULL,NULL,'COMPRA CARTAO MAESTRO 24/03 DROGARIA DROGAF\nxarope'),
	(596,1,77,NULL,NULL,NULL,'2015-03-27 13:26:09','2015-03-25',NULL,7.00,7.00,NULL,NULL,'COMPRA CARTAO MAESTRO 25/03 ESTACIONAMENTO\nconjunto nacional'),
	(597,1,25,NULL,NULL,NULL,'2015-03-27 13:26:49','2015-03-27',NULL,20.00,20.00,NULL,NULL,'castanhas na feirinha dos importados'),
	(598,1,26,NULL,NULL,6,'2015-03-27 13:28:57','2015-03-27',NULL,153.92,153.92,NULL,NULL,'compra no posto na EPIA pr√≥ximo ao extra sul'),
	(601,1,28,NULL,NULL,NULL,'2015-03-31 08:04:05','2015-03-28',NULL,60.00,60.00,NULL,NULL,'COMPRA CARTAO MAESTRO 28/03 AUTO SOM VEREDA\n\nconserto do m√≥dulo punch 400.4'),
	(602,1,25,NULL,NULL,NULL,'2015-03-31 08:05:46','2015-03-28',NULL,18.00,18.00,NULL,NULL,'COMPRA CARTAO MAESTRO 28/03 JR TORRES\n\nfrango assado.'),
	(603,1,30,NULL,NULL,7,'2015-03-31 08:08:18','2015-03-27',NULL,1850.20,1850.20,NULL,NULL,'BRADESCO AUTO RE\nseguro do versa'),
	(604,1,71,NULL,NULL,NULL,'2015-04-01 08:46:36','2015-03-22',NULL,15000.00,26928.00,NULL,NULL,'empr√©stimo para pagar o lote'),
	(605,1,71,NULL,NULL,NULL,'2015-04-01 08:48:55','2015-03-22',NULL,20000.00,38580.00,NULL,NULL,'empr√©stimo para pagar o lote'),
	(606,1,44,NULL,NULL,NULL,'2015-04-01 08:49:57','2015-03-22',NULL,35000.00,35000.00,NULL,NULL,'compra do lote na ch√°cara da lilian'),
	(607,726,26,NULL,NULL,NULL,'2015-04-02 09:53:55','2015-04-02',NULL,30.00,30.00,NULL,NULL,'Transporte servi√ßo'),
	(608,1,20,NULL,NULL,6,'2015-04-06 09:55:10','2015-03-31',NULL,89.54,89.54,NULL,NULL,'LOJAS AMERICANAS 206\novos de p√°scoa, miguel, alice, aldeiza'),
	(609,1,26,NULL,NULL,6,'2015-04-06 09:56:16','2015-04-04',NULL,145.80,145.80,NULL,NULL,'posto brazl√¢ndia'),
	(610,1,25,NULL,NULL,6,'2015-04-06 09:57:30','2015-04-04',NULL,56.90,56.90,NULL,NULL,'cacau show brazl√¢ndia\nbombons n√£o utilizados'),
	(611,1,24,NULL,NULL,6,'2015-04-06 09:58:11','2015-04-04',NULL,74.00,74.00,NULL,NULL,'restaurante no gama'),
	(612,1,17,NULL,NULL,NULL,'2015-04-06 09:59:29','2015-04-05',NULL,40.00,40.00,NULL,NULL,'eletricista \nmanuten√ß√£o no disjuntor'),
	(613,1,20,NULL,NULL,6,'2015-04-06 10:00:51','2015-03-30',NULL,23.46,23.46,NULL,NULL,'SUPERMERCADO TOKIO'),
	(614,1,25,NULL,NULL,NULL,'2015-04-06 10:02:00','2015-04-05',NULL,20.00,20.00,NULL,NULL,'frango assado'),
	(615,1,75,13,NULL,NULL,'2015-04-07 09:02:17','2015-04-07',NULL,500.00,400.00,NULL,NULL,'miguel'),
	(616,1,50,NULL,NULL,NULL,'2015-04-07 09:03:07','2015-04-07',NULL,5809.07,5809.07,NULL,NULL,'indra'),
	(617,1,63,NULL,258,NULL,'2015-04-07 09:04:43','2015-04-07',NULL,561.00,561.00,NULL,NULL,NULL),
	(618,1,63,NULL,306,NULL,'2015-04-07 09:04:52','2015-04-07',NULL,643.00,643.00,NULL,NULL,NULL),
	(619,1,63,NULL,18,NULL,'2015-04-07 09:08:08','2015-04-07',NULL,1200.40,1198.53,NULL,NULL,NULL),
	(620,1,10,14,NULL,NULL,'2015-04-07 09:10:35','2015-04-07',NULL,217.14,218.15,NULL,NULL,NULL),
	(621,1,76,NULL,NULL,6,'2015-04-07 09:11:57','2015-04-07','2015-04-10',1345.18,698.10,NULL,NULL,NULL),
	(622,1,76,NULL,NULL,7,'2015-04-07 09:12:41','2015-04-07','2015-04-10',270.59,123.08,NULL,NULL,NULL),
	(623,1,78,32,NULL,NULL,'2015-04-07 09:14:29','2015-04-07',NULL,94.70,0.00,NULL,NULL,NULL),
	(624,1,12,10,NULL,NULL,'2015-04-07 09:16:19','2015-04-07',NULL,57.88,38.65,NULL,NULL,NULL),
	(625,1,24,NULL,NULL,6,'2015-04-07 09:18:25','2015-04-02',NULL,26.50,26.50,NULL,NULL,'burger king'),
	(626,1,24,NULL,NULL,6,'2015-04-07 09:19:04','2015-04-02',NULL,7.00,7.00,NULL,NULL,'sorvete mc donalds'),
	(627,1,41,NULL,NULL,6,'2015-04-07 09:19:44','2015-04-03',NULL,42.00,42.00,NULL,NULL,'taguashopping'),
	(628,1,24,NULL,NULL,6,'2015-04-07 09:20:27','2015-04-03',NULL,39.50,39.50,NULL,NULL,'mc donalds'),
	(629,1,77,NULL,NULL,6,'2015-04-07 09:21:06','2015-04-03',NULL,4.52,4.52,NULL,NULL,'tagua shopping'),
	(630,1,25,NULL,NULL,6,'2015-04-07 09:22:32','2015-04-04',NULL,14.30,14.30,NULL,NULL,'red bull, balas'),
	(631,1,32,NULL,NULL,6,'2015-04-07 09:23:36','2015-04-04',NULL,17.90,17.90,NULL,NULL,'torxilax'),
	(632,1,20,NULL,NULL,NULL,'2015-04-08 19:35:12','2015-04-08',NULL,38.43,38.43,NULL,NULL,'COMPRA CARTAO MAESTRO 08/04 SUPERMERCADO TOKYO'),
	(633,1,32,NULL,NULL,NULL,'2015-04-08 19:35:47','2015-04-08',NULL,16.40,16.40,NULL,NULL,'COMPRA CARTAO MAESTRO 08/04 DROGARIA DROGAFUJI'),
	(634,1,28,NULL,NULL,6,'2015-04-09 06:48:48','2015-04-08',NULL,329.00,329.00,NULL,NULL,'revis√£o do versa'),
	(635,1,48,15,NULL,NULL,'2015-04-13 07:20:55','2015-04-08',NULL,50.00,50.00,NULL,NULL,NULL),
	(636,1,44,NULL,NULL,NULL,'2015-04-13 07:21:30','2015-04-09',NULL,30.00,30.00,NULL,NULL,'bol√£o'),
	(637,1,15,12,NULL,NULL,'2015-04-13 07:22:29','2015-04-10',NULL,104.80,82.01,NULL,NULL,'DEBITO AUT. CONTA DE TELEFONE DESGRACA'),
	(638,1,14,11,NULL,NULL,'2015-04-13 07:23:08','2015-04-10',NULL,127.50,237.20,NULL,NULL,'DEBITO AUT. TELEFONE CELULAR TELEBRASILIA-CE'),
	(639,1,20,NULL,NULL,NULL,'2015-04-13 07:33:22','2015-04-10',NULL,43.12,43.12,NULL,NULL,'COMPRA CARTAO MAESTRO 10/04 SUPERMERCADO PR\n\ncerva para a festa do claudio'),
	(640,1,26,NULL,NULL,NULL,'2015-04-14 07:29:54','2015-04-13',NULL,147.10,147.10,NULL,NULL,'posto jardim botanico\n41,78 litros'),
	(641,1,78,NULL,NULL,6,'2015-04-14 07:35:35','2015-04-07',NULL,182.74,182.74,NULL,NULL,'compra do r 10 sim'),
	(642,1,62,NULL,NULL,6,'2015-04-20 07:31:28','2015-04-19',NULL,219.60,219.60,NULL,NULL,'compra do croc do miguel e uma sand√°lia para mim'),
	(643,1,77,NULL,NULL,NULL,'2015-04-20 07:33:27','2015-04-18',NULL,3.60,3.60,NULL,NULL,'COMPRA CARTAO MAESTRO 18/04 BRASILIA PARTIC\nJK'),
	(644,1,24,NULL,NULL,NULL,'2015-04-20 07:34:14','2015-04-20',NULL,7.60,7.60,NULL,NULL,'COMPRA CARTAO MAESTRO 19/04 BISCOITOS CASEIMP7C\n√°gua mineral'),
	(645,1,20,NULL,NULL,NULL,'2015-04-21 08:36:51','2015-04-20',NULL,96.75,96.75,NULL,NULL,'mercado jardins mangueiral'),
	(646,1,26,NULL,NULL,NULL,'2015-04-22 07:47:59','2015-04-21',NULL,145.24,145.24,NULL,NULL,'posto em s√£o sebasti√£o\n40 litros'),
	(647,1,41,NULL,NULL,6,'2015-04-24 15:51:47','2015-04-22',NULL,38.27,38.27,NULL,NULL,'=================\nDADOS DA COMPRA\n=================\n\nNumero de Ingressos: 1 ( Cinema - J 12 )\nEvento: Os vingadores - Era de Ultron - 3D XD (Legendado)\nLocal do Evento: Cinemark Pier 3\nData da Sessao: 23/04/2015\nHorario da Sessao: 18:10'),
	(648,1,20,NULL,NULL,NULL,'2015-04-29 08:57:05','2015-04-25',NULL,52.10,52.10,NULL,NULL,'COMPRA CARTAO MAESTRO 25/04 SUPERCEI MP7C\ncaf√© da manh√£, pilhas, lampadas...etc'),
	(649,1,25,NULL,NULL,NULL,'2015-04-29 08:58:06','2015-04-25',NULL,5.60,5.60,NULL,NULL,'COMPRA CARTAO MAESTRO 25/04 ACESSOCOM MP7C\nbalas e guaran√° no posto em braz'),
	(650,1,20,NULL,NULL,NULL,'2015-04-29 08:59:09','2015-04-26',NULL,10.18,10.18,NULL,NULL,'COMPRA CARTAO MAESTRO 26/04 LJX ATACADISTA MP7C\ncoca-cola e suco para o almo√ßo da tain√°'),
	(651,1,26,NULL,NULL,6,'2015-04-30 07:24:28','2015-04-29',NULL,147.75,147.75,NULL,NULL,'41 litros no posto do SIG'),
	(652,1,20,NULL,NULL,NULL,'2015-04-30 07:39:39','2015-04-29',NULL,16.52,16.52,NULL,NULL,'tokyo'),
	(653,1,28,NULL,NULL,6,'2015-05-04 21:11:36','2015-05-02',NULL,50.00,50.00,NULL,NULL,'farol'),
	(654,1,20,NULL,NULL,6,'2015-05-04 21:14:49','2015-05-03',NULL,194.00,194.00,NULL,NULL,'extra'),
	(655,1,41,NULL,NULL,6,'2015-05-05 07:23:51','2015-05-02',NULL,54.00,54.00,NULL,NULL,'vingadores no jk'),
	(656,1,77,NULL,NULL,6,'2015-05-05 07:24:22','2015-05-02',NULL,4.95,4.95,NULL,NULL,'jk'),
	(657,1,50,NULL,NULL,NULL,'2015-05-07 07:44:04','2015-05-07',NULL,5817.53,5817.53,NULL,NULL,'CREDITO DE SALARIO INDRA BRAS 01645738000179'),
	(658,1,76,NULL,NULL,6,'2015-05-07 07:51:19','2015-05-07','2015-05-10',1955.79,1300.45,NULL,NULL,'merda'),
	(659,1,76,NULL,NULL,7,'2015-05-07 07:52:04','2015-05-07','2015-05-10',503.03,462.55,NULL,NULL,'merda'),
	(660,1,63,NULL,259,NULL,'2015-05-07 07:53:43','2015-05-07',NULL,561.00,561.00,NULL,NULL,NULL),
	(661,1,63,NULL,307,NULL,'2015-05-07 07:53:53','2015-05-07',NULL,643.00,643.00,NULL,NULL,NULL),
	(662,1,75,13,NULL,NULL,'2015-05-07 07:55:03','2015-05-07',NULL,500.00,433.33,NULL,NULL,'merda'),
	(663,1,10,14,NULL,NULL,'2015-05-07 07:57:32','2015-05-07',NULL,209.94,220.31,NULL,NULL,'merda'),
	(664,1,63,NULL,19,NULL,'2015-05-07 08:00:05','2015-05-07',NULL,1197.79,1195.38,NULL,NULL,'merda'),
	(665,1,24,NULL,NULL,6,'2015-05-09 09:51:15','2015-05-08',NULL,77.00,77.00,NULL,NULL,'picanha em braz com admilson'),
	(666,1,32,NULL,NULL,6,'2015-05-09 09:59:50','2015-05-05',NULL,354.70,354.70,NULL,NULL,'DROGARIA ROSARIO sudoeste\nritalina 2 caixas'),
	(667,1,48,15,NULL,NULL,'2015-05-09 10:03:33','2015-05-08',NULL,50.00,50.00,NULL,NULL,NULL),
	(668,1,26,NULL,NULL,6,'2015-05-09 13:36:43','2015-05-09',NULL,145.85,145.85,NULL,NULL,'40,7 litros \n639km'),
	(669,1,14,11,NULL,NULL,'2015-05-12 07:18:38','2015-05-11',NULL,127.50,189.59,NULL,NULL,'DEBITO AUT. TELEFONE CELULAR TELEBRASILIA-CE'),
	(670,1,69,NULL,NULL,NULL,'2015-05-12 07:19:20','2015-05-11',NULL,150.94,150.94,NULL,NULL,'RESG POUP - SUPERLINHA / INTERNET DE: 2269.60.013819-5'),
	(671,1,12,10,NULL,NULL,'2015-05-12 07:55:01','2015-05-12',NULL,59.02,48.75,NULL,NULL,'PAGAMENTO CONTA LUZ EM CANAIS INTERNET CEB BRASILIA\n\njardins mangueiral'),
	(672,1,15,12,NULL,NULL,'2015-05-12 07:55:35','2015-05-12',NULL,0.01,77.38,NULL,NULL,'sem fatura esse m√äs'),
	(673,1,44,NULL,NULL,6,'2015-05-12 07:56:58','2015-05-10',NULL,89.58,89.58,NULL,NULL,'O BOTICARIO\ndia das m√£es'),
	(674,1,20,NULL,NULL,6,'2015-05-12 07:59:25','2015-05-09',NULL,11.08,11.08,NULL,NULL,'SUPERMERCADO PRA VOCE\n\nluva'),
	(675,1,20,NULL,NULL,6,'2015-05-12 08:00:23','2015-05-08',NULL,42.43,42.43,NULL,NULL,'SUPERMERCADO PRA VOCE\ncerva, suco, refri p/ beber no admilson'),
	(676,1,26,NULL,NULL,NULL,'2015-05-18 17:00:55','2015-05-18',NULL,143.26,143.26,NULL,NULL,'40,48 litros \n555km'),
	(677,1,72,NULL,NULL,NULL,'2015-05-18 17:20:03','2015-05-17',NULL,2630.00,2630.00,NULL,NULL,'pagamento do MacBook e do iPhone'),
	(678,1,44,NULL,NULL,NULL,'2015-05-19 07:21:30','2015-05-18',NULL,159.80,159.80,NULL,NULL,'compra do ferro de passar roupa e m√°quina de cortar cabelo'),
	(679,1,20,NULL,NULL,NULL,'2015-05-19 07:24:33','2015-05-15',NULL,24.21,24.21,NULL,NULL,'COMPRA CARTAO MAESTRO 15/05 SUPERMERCADO PRMP7C\n\nsucos, salsichas, molho de tomate'),
	(680,1,20,NULL,NULL,NULL,'2015-05-24 11:01:07','2015-05-24',NULL,61.45,61.45,NULL,NULL,'compras para o almo√ßo junto com o Admilson'),
	(681,3,32,NULL,NULL,NULL,'2014-01-07 00:00:00','2014-01-07',NULL,150.00,150.00,NULL,NULL,NULL),
	(682,3,62,NULL,NULL,NULL,'2014-01-07 00:00:00','2014-01-07',NULL,100.00,100.00,NULL,NULL,NULL),
	(683,3,28,NULL,NULL,NULL,'2014-01-07 00:00:00','2014-01-07',NULL,350.00,350.00,NULL,NULL,NULL),
	(684,3,50,NULL,NULL,NULL,'2014-01-07 00:00:00','2014-01-07',NULL,4843.35,4843.35,NULL,NULL,NULL),
	(685,3,32,NULL,NULL,NULL,'2014-02-05 00:00:00','2014-02-05',NULL,150.00,150.00,NULL,NULL,NULL),
	(686,3,50,NULL,NULL,NULL,'2014-02-05 00:00:00','2014-02-05',NULL,2012.57,2012.57,NULL,NULL,NULL),
	(687,3,72,NULL,NULL,NULL,'2014-02-05 00:00:00','2014-02-05',NULL,1528.00,1528.00,NULL,NULL,NULL),
	(688,3,32,NULL,NULL,NULL,'2014-03-05 00:00:00','2014-03-05',NULL,150.00,150.00,NULL,NULL,NULL),
	(689,3,50,NULL,NULL,NULL,'2014-03-05 00:00:00','2014-03-05',NULL,4861.97,4861.97,NULL,NULL,NULL),
	(690,3,30,NULL,NULL,NULL,'2014-04-05 00:00:00','2014-04-05',NULL,1969.34,1969.34,NULL,NULL,NULL),
	(691,3,32,NULL,NULL,NULL,'2014-04-05 00:00:00','2014-04-05',NULL,150.00,150.00,NULL,NULL,NULL),
	(692,3,50,NULL,NULL,NULL,'2014-04-05 00:00:00','2014-04-05',NULL,4622.02,4622.02,NULL,NULL,NULL),
	(693,3,72,NULL,NULL,NULL,'2014-04-05 00:00:00','2014-04-05',NULL,7150.00,7150.00,NULL,NULL,NULL),
	(694,3,50,NULL,NULL,NULL,'2014-05-05 00:00:00','2014-05-05',NULL,4881.71,4881.71,NULL,NULL,NULL),
	(695,3,50,NULL,NULL,NULL,'2014-06-05 00:00:00','2014-06-05',NULL,5167.02,5167.02,NULL,NULL,NULL),
	(696,3,78,NULL,NULL,NULL,'2014-07-05 00:00:00','2014-07-05',NULL,94.70,94.70,NULL,NULL,NULL),
	(697,3,50,NULL,NULL,NULL,'2014-07-05 00:00:00','2014-07-05',NULL,6110.49,6110.49,NULL,NULL,NULL),
	(698,3,62,NULL,NULL,NULL,'2014-08-05 00:00:00','2014-08-05',NULL,441.17,441.17,NULL,NULL,NULL),
	(699,3,50,NULL,NULL,NULL,'2014-08-05 00:00:00','2014-08-05',NULL,5396.54,5396.54,NULL,NULL,NULL),
	(700,3,50,NULL,NULL,NULL,'2014-09-05 00:00:00','2014-09-05',NULL,5402.54,5402.54,NULL,NULL,NULL),
	(701,3,29,NULL,NULL,NULL,'2014-10-05 00:00:00','2014-10-05',NULL,1182.03,1182.03,NULL,NULL,NULL),
	(702,3,78,NULL,NULL,NULL,'2014-10-05 00:00:00','2014-10-05',NULL,94.70,94.70,NULL,NULL,NULL),
	(703,3,50,NULL,NULL,NULL,'2014-10-05 00:00:00','2014-10-05',NULL,7172.84,7172.84,NULL,NULL,NULL),
	(704,3,17,NULL,NULL,NULL,'2014-11-28 00:00:00','2014-11-28',NULL,154.08,154.08,NULL,NULL,NULL),
	(705,3,79,NULL,NULL,NULL,'2014-11-28 00:00:00','2014-11-28',NULL,1599.00,1599.00,NULL,NULL,NULL),
	(706,3,50,NULL,NULL,NULL,'2014-11-05 00:00:00','2014-11-05',NULL,5718.42,5718.42,NULL,NULL,NULL),
	(707,3,67,NULL,NULL,NULL,'2014-11-30 00:00:00','2014-11-30',NULL,3727.50,3727.50,NULL,NULL,NULL),
	(708,3,10,NULL,NULL,NULL,'2014-12-05 00:00:00','2014-12-05',NULL,100.59,100.59,NULL,NULL,NULL),
	(709,3,10,NULL,NULL,NULL,'2014-12-05 00:00:00','2014-12-05',NULL,214.79,214.79,NULL,NULL,NULL),
	(710,3,10,NULL,NULL,NULL,'2014-12-05 00:00:00','2014-12-05',NULL,115.32,115.32,NULL,NULL,NULL),
	(711,3,17,NULL,NULL,NULL,'2014-12-06 00:00:00','2014-12-06',NULL,160.00,160.00,NULL,NULL,NULL),
	(712,3,79,NULL,NULL,NULL,'2014-12-01 00:00:00','2014-12-01',NULL,1253.00,1253.00,NULL,NULL,NULL),
	(713,3,44,NULL,NULL,NULL,'2014-12-01 00:00:00','2014-12-01',NULL,265.28,265.28,NULL,NULL,NULL),
	(714,3,79,NULL,NULL,NULL,'2014-12-15 00:00:00','2014-12-15',NULL,89.90,89.90,NULL,NULL,NULL),
	(715,3,44,NULL,NULL,NULL,'2014-12-15 00:00:00','2014-12-15',NULL,145.36,145.36,NULL,NULL,NULL),
	(716,3,44,NULL,NULL,NULL,'2014-12-15 00:00:00','2014-12-15',NULL,1900.00,1900.00,NULL,NULL,NULL),
	(717,3,44,NULL,NULL,NULL,'2014-12-23 00:00:00','2014-12-23',NULL,239.98,239.98,NULL,NULL,NULL),
	(718,3,44,NULL,NULL,NULL,'2014-12-26 00:00:00','2014-12-26',NULL,624.00,624.00,NULL,NULL,NULL),
	(719,3,44,NULL,NULL,NULL,'2014-12-29 00:00:00','2014-12-29',NULL,135.36,135.36,NULL,NULL,NULL),
	(720,3,44,NULL,NULL,NULL,'2014-12-29 00:00:00','2014-12-29',NULL,270.20,270.20,NULL,NULL,NULL),
	(721,3,67,NULL,NULL,NULL,'2014-12-19 00:00:00','2014-12-19',NULL,2357.77,2357.77,NULL,NULL,NULL),
	(722,3,72,NULL,NULL,NULL,'2014-12-23 00:00:00','2014-12-23',NULL,2500.00,2500.00,NULL,NULL,NULL),
	(723,3,50,NULL,NULL,NULL,'2014-12-05 00:00:00','2014-12-05',NULL,5723.45,5723.45,NULL,NULL,NULL),
	(724,3,68,NULL,NULL,NULL,'2014-12-30 00:00:00','2014-12-30',NULL,8731.72,8731.72,NULL,NULL,NULL),
	(725,3,10,NULL,NULL,NULL,'2015-01-02 00:00:00','2015-01-02',NULL,115.32,115.32,NULL,NULL,NULL),
	(726,3,10,NULL,NULL,NULL,'2015-01-02 00:00:00','2015-01-02',NULL,214.79,214.79,NULL,NULL,NULL),
	(727,3,41,NULL,NULL,NULL,'2015-01-02 00:00:00','2015-01-02',NULL,54.00,54.00,NULL,NULL,NULL),
	(728,3,41,NULL,NULL,NULL,'2015-01-02 00:00:00','2015-01-02',NULL,17.25,17.25,NULL,NULL,NULL),
	(729,3,20,NULL,NULL,NULL,'2015-01-03 00:00:00','2015-01-03',NULL,145.58,145.58,NULL,NULL,NULL),
	(730,3,20,NULL,NULL,NULL,'2015-01-03 00:00:00','2015-01-03',NULL,22.62,22.62,NULL,NULL,NULL),
	(731,3,20,NULL,NULL,NULL,'2015-01-04 00:00:00','2015-01-04',NULL,40.44,40.44,NULL,NULL,NULL),
	(732,3,20,NULL,NULL,NULL,'2015-01-04 00:00:00','2015-01-04',NULL,45.25,45.25,NULL,NULL,NULL),
	(733,3,20,NULL,NULL,NULL,'2015-01-05 00:00:00','2015-01-05',NULL,86.00,86.00,NULL,NULL,NULL),
	(734,3,26,NULL,NULL,NULL,'2015-01-06 00:00:00','2015-01-06',NULL,68.21,68.21,NULL,NULL,NULL),
	(735,3,26,NULL,NULL,NULL,'2015-01-06 00:00:00','2015-01-06',NULL,115.02,115.02,NULL,NULL,NULL),
	(736,3,50,NULL,NULL,NULL,'2015-01-07 00:00:00','2015-01-07',NULL,5856.19,5856.19,NULL,NULL,NULL),
	(737,3,44,NULL,NULL,NULL,'2015-01-07 00:00:00','2015-01-07',NULL,1600.00,1600.00,NULL,NULL,NULL),
	(738,3,32,NULL,NULL,NULL,'2015-01-07 00:00:00','2015-01-07',NULL,26.79,26.79,NULL,NULL,NULL),
	(739,3,20,NULL,NULL,NULL,'2015-01-07 00:00:00','2015-01-07',NULL,66.51,66.51,NULL,NULL,NULL),
	(740,3,44,NULL,NULL,NULL,'2015-01-07 00:00:00','2015-01-07',NULL,35.00,35.00,NULL,NULL,NULL),
	(741,3,24,NULL,NULL,NULL,'2015-01-07 00:00:00','2015-01-07',NULL,32.60,32.60,NULL,NULL,NULL),
	(742,3,24,NULL,NULL,NULL,'2015-01-08 00:00:00','2015-01-08',NULL,19.50,19.50,NULL,NULL,NULL),
	(743,3,10,NULL,NULL,NULL,'2015-01-09 00:00:00','2015-01-09',NULL,100.59,100.59,NULL,NULL,NULL),
	(744,3,79,NULL,NULL,NULL,'2015-01-09 00:00:00','2015-01-09',NULL,94.70,94.70,NULL,NULL,NULL),
	(745,3,26,NULL,NULL,NULL,'2015-01-12 00:00:00','2015-01-12',NULL,122.50,122.50,NULL,NULL,NULL),
	(746,3,20,NULL,NULL,NULL,'2015-01-14 00:00:00','2015-01-14',NULL,54.61,54.61,NULL,NULL,NULL),
	(747,3,26,NULL,NULL,NULL,'2015-01-15 00:00:00','2015-01-15',NULL,132.76,132.76,NULL,NULL,NULL),
	(748,3,20,NULL,NULL,NULL,'2015-01-19 00:00:00','2015-01-19',NULL,40.38,40.38,NULL,NULL,NULL),
	(749,3,26,NULL,NULL,NULL,'2015-01-19 00:00:00','2015-01-19',NULL,137.64,137.64,NULL,NULL,NULL),
	(750,3,20,NULL,NULL,NULL,'2015-01-20 00:00:00','2015-01-20',NULL,81.33,81.33,NULL,NULL,NULL),
	(751,3,79,NULL,NULL,NULL,'2015-01-20 00:00:00','2015-01-20',NULL,270.20,270.20,NULL,NULL,NULL),
	(752,3,32,NULL,NULL,NULL,'2015-01-20 00:00:00','2015-01-20',NULL,168.91,168.91,NULL,NULL,NULL),
	(753,3,72,NULL,NULL,NULL,'2015-01-21 00:00:00','2015-01-21',NULL,1500.00,1500.00,NULL,NULL,NULL),
	(754,3,79,NULL,NULL,NULL,'2015-01-21 00:00:00','2015-01-21',NULL,275.00,275.00,NULL,NULL,NULL),
	(755,3,44,NULL,NULL,NULL,'2015-01-21 00:00:00','2015-01-21',NULL,150.00,150.00,NULL,NULL,NULL),
	(756,3,24,NULL,NULL,NULL,'2015-01-23 00:00:00','2015-01-22',NULL,34.43,34.43,NULL,NULL,NULL),
	(757,3,44,NULL,NULL,NULL,'2015-01-23 00:00:00','2015-01-23',NULL,250.00,250.00,NULL,NULL,NULL),
	(758,3,44,NULL,NULL,NULL,'2015-01-23 00:00:00','2015-01-23',NULL,1050.00,1050.00,NULL,NULL,NULL),
	(759,3,20,NULL,NULL,NULL,'2015-01-26 00:00:00','2015-01-26',NULL,13.00,13.00,NULL,NULL,NULL),
	(760,3,41,NULL,NULL,NULL,'2015-01-26 00:00:00','2015-01-26',NULL,15.50,15.50,NULL,NULL,NULL),
	(761,3,44,NULL,NULL,NULL,'2015-01-26 00:00:00','2015-01-26',NULL,170.78,170.78,NULL,NULL,NULL),
	(762,3,10,NULL,NULL,NULL,'2015-01-26 00:00:00','2015-01-26',NULL,214.79,214.79,NULL,NULL,NULL),
	(763,3,10,NULL,NULL,NULL,'2015-01-26 00:00:00','2015-01-26',NULL,214.79,214.79,NULL,NULL,NULL),
	(764,3,10,NULL,NULL,NULL,'2015-01-26 00:00:00','2015-01-26',NULL,115.34,115.34,NULL,NULL,NULL),
	(765,3,24,NULL,NULL,NULL,'2015-01-30 12:58:36','2015-01-28',NULL,30.67,30.67,NULL,NULL,NULL),
	(766,3,24,NULL,NULL,NULL,'2015-01-30 12:59:22','2015-01-28',NULL,43.50,43.50,NULL,NULL,NULL),
	(767,3,17,NULL,NULL,NULL,'2015-01-31 16:57:53','2015-01-31',NULL,240.00,240.00,NULL,NULL,NULL),
	(768,3,44,NULL,NULL,NULL,'2015-02-02 11:38:38','2015-02-01',NULL,79.00,79.00,NULL,NULL,NULL),
	(769,3,20,NULL,NULL,NULL,'2015-02-02 11:43:01','2015-01-31',NULL,40.72,40.72,NULL,NULL,NULL),
	(770,3,26,NULL,NULL,NULL,'2015-02-05 08:30:42','2015-02-04',NULL,122.93,122.93,NULL,NULL,NULL),
	(771,3,26,NULL,NULL,NULL,'2015-02-05 19:18:29','2015-02-05',NULL,50.00,50.00,NULL,NULL,NULL),
	(772,3,20,NULL,NULL,NULL,'2015-02-06 12:59:50','2015-02-05',NULL,69.11,69.11,NULL,NULL,NULL),
	(773,3,32,NULL,NULL,NULL,'2015-02-06 13:00:23','2015-02-05',NULL,34.50,34.50,NULL,NULL,NULL),
	(774,3,50,NULL,NULL,NULL,'2015-02-06 13:01:08','2015-02-06',NULL,2619.96,2619.96,NULL,NULL,NULL),
	(775,3,41,NULL,NULL,NULL,'2015-02-10 08:49:47','2015-02-07',NULL,40.50,40.50,NULL,NULL,NULL),
	(776,3,24,NULL,NULL,NULL,'2015-02-10 08:50:46','2015-02-07',NULL,52.00,52.00,NULL,NULL,NULL),
	(777,3,44,NULL,NULL,NULL,'2015-02-10 08:51:23','2015-02-08',NULL,1620.00,1620.00,NULL,NULL,NULL),
	(778,3,48,NULL,NULL,NULL,'2015-02-10 08:52:05','2015-02-10',NULL,50.00,50.00,NULL,NULL,NULL),
	(779,3,26,NULL,NULL,NULL,'2015-02-19 13:46:16','2015-02-11',NULL,138.34,138.34,NULL,NULL,NULL),
	(780,3,20,NULL,NULL,NULL,'2015-02-19 13:46:54','2015-02-12',NULL,19.50,19.50,NULL,NULL,NULL),
	(781,3,32,NULL,NULL,NULL,'2015-02-19 13:48:31','2015-02-14',NULL,49.99,49.99,NULL,NULL,NULL),
	(782,3,24,NULL,NULL,NULL,'2015-02-19 13:50:20','2015-02-15',NULL,40.45,40.45,NULL,NULL,NULL),
	(783,3,20,NULL,NULL,NULL,'2015-02-19 13:51:24','2015-02-16',NULL,271.57,271.57,NULL,NULL,NULL),
	(784,3,80,NULL,NULL,NULL,'2015-02-19 13:52:37','2015-02-16',NULL,208.84,208.84,NULL,NULL,NULL),
	(785,3,44,NULL,NULL,NULL,'2015-02-19 13:53:29','2015-02-16',NULL,19.37,19.37,NULL,NULL,NULL),
	(786,3,20,NULL,NULL,NULL,'2015-02-19 13:54:05','2015-02-17',NULL,19.92,19.92,NULL,NULL,NULL),
	(787,3,26,NULL,NULL,NULL,'2015-02-19 13:54:42','2015-02-18',NULL,153.18,153.18,NULL,NULL,NULL),
	(788,3,44,NULL,NULL,NULL,'2015-02-19 13:55:24','2015-02-18',NULL,1150.00,1150.00,NULL,NULL,NULL),
	(789,3,44,NULL,NULL,NULL,'2015-02-19 13:59:27','2015-02-18',NULL,22.90,22.90,NULL,NULL,NULL),
	(790,3,24,NULL,NULL,NULL,'2015-02-19 14:00:01','2015-02-18',NULL,16.50,16.50,NULL,NULL,NULL),
	(791,3,24,NULL,NULL,NULL,'2015-02-19 14:00:40','2015-02-18',NULL,32.00,32.00,NULL,NULL,NULL),
	(792,3,17,NULL,NULL,NULL,'2015-02-19 14:08:38','2015-02-19',NULL,90.00,90.00,NULL,NULL,NULL),
	(793,3,24,NULL,NULL,NULL,'2015-02-23 11:07:41','2015-02-20',NULL,32.00,32.00,NULL,NULL,NULL),
	(794,3,20,NULL,NULL,NULL,'2015-02-23 11:10:51','2015-02-21',NULL,27.99,27.99,NULL,NULL,NULL),
	(795,3,17,NULL,NULL,NULL,'2015-02-23 11:11:26','2015-02-23',NULL,20.00,20.00,NULL,NULL,NULL),
	(796,3,24,NULL,NULL,NULL,'2015-02-23 11:12:04','2015-02-21',NULL,15.00,15.00,NULL,NULL,NULL),
	(797,3,24,NULL,NULL,NULL,'2015-02-23 11:13:03','2015-02-21',NULL,41.93,41.93,NULL,NULL,NULL),
	(798,3,69,NULL,NULL,NULL,'2015-03-05 08:06:17','2015-02-26',NULL,150.91,150.91,NULL,NULL,NULL),
	(799,3,66,NULL,NULL,NULL,'2015-03-05 08:26:51','2015-02-26',NULL,6.00,6.00,NULL,NULL,NULL),
	(800,3,66,NULL,NULL,NULL,'2015-03-05 08:27:52','2015-03-01',NULL,6.00,6.00,NULL,NULL,NULL),
	(801,3,50,NULL,NULL,NULL,'2015-03-06 07:32:39','2015-03-06',NULL,5805.39,5805.39,NULL,NULL,NULL),
	(802,3,41,NULL,NULL,NULL,'2015-03-07 17:22:27','2015-03-07',NULL,56.00,56.00,NULL,NULL,NULL),
	(803,3,26,NULL,NULL,NULL,'2015-03-11 18:36:08','2015-03-11',NULL,150.87,150.87,NULL,NULL,NULL),
	(804,3,22,NULL,NULL,NULL,'2015-03-13 08:07:04','2015-03-06',NULL,14.00,14.00,NULL,NULL,NULL),
	(805,3,24,NULL,NULL,NULL,'2015-03-13 08:08:01','2015-03-07',NULL,26.50,26.50,NULL,NULL,NULL),
	(806,3,77,NULL,NULL,NULL,'2015-03-13 08:08:46','2015-03-07',NULL,8.80,8.80,NULL,NULL,NULL),
	(807,3,20,NULL,NULL,NULL,'2015-03-13 08:09:53','2015-03-08',NULL,9.80,9.80,NULL,NULL,NULL),
	(808,3,20,NULL,NULL,NULL,'2015-03-16 08:21:31','2015-03-16',NULL,23.96,23.96,NULL,NULL,NULL),
	(809,3,20,NULL,NULL,NULL,'2015-03-23 10:04:33','2015-03-16',NULL,153.84,153.84,NULL,NULL,NULL),
	(810,3,20,NULL,NULL,NULL,'2015-03-23 15:43:07','2015-03-20',NULL,25.64,25.64,NULL,NULL,NULL),
	(811,3,44,NULL,NULL,NULL,'2014-09-30 13:32:02','2014-09-30',NULL,0.00,201099.79,NULL,NULL,NULL),
	(812,3,20,NULL,NULL,NULL,'2015-03-27 13:24:30','2015-03-24',NULL,21.01,21.01,NULL,NULL,NULL),
	(813,3,32,NULL,NULL,NULL,'2015-03-27 13:25:11','2015-03-24',NULL,24.00,24.00,NULL,NULL,NULL),
	(814,3,77,NULL,NULL,NULL,'2015-03-27 13:26:09','2015-03-25',NULL,7.00,7.00,NULL,NULL,NULL),
	(815,3,25,NULL,NULL,NULL,'2015-03-27 13:26:49','2015-03-27',NULL,20.00,20.00,NULL,NULL,NULL),
	(816,3,28,NULL,NULL,NULL,'2015-03-31 08:04:05','2015-03-28',NULL,60.00,60.00,NULL,NULL,NULL),
	(817,3,25,NULL,NULL,NULL,'2015-03-31 08:05:46','2015-03-28',NULL,18.00,18.00,NULL,NULL,NULL),
	(818,3,71,NULL,NULL,NULL,'2015-04-01 08:46:36','2015-03-22',NULL,15000.00,26928.00,NULL,NULL,NULL),
	(819,3,71,NULL,NULL,NULL,'2015-04-01 08:48:55','2015-03-22',NULL,20000.00,38580.00,NULL,NULL,NULL),
	(820,3,44,NULL,NULL,NULL,'2015-04-01 08:49:57','2015-03-22',NULL,35000.00,35000.00,NULL,NULL,NULL),
	(821,3,17,NULL,NULL,NULL,'2015-04-06 09:59:29','2015-04-05',NULL,40.00,40.00,NULL,NULL,NULL),
	(822,3,25,NULL,NULL,NULL,'2015-04-06 10:02:00','2015-04-05',NULL,20.00,20.00,NULL,NULL,NULL),
	(823,3,50,NULL,NULL,NULL,'2015-04-07 09:03:07','2015-04-07',NULL,5809.07,5809.07,NULL,NULL,NULL),
	(824,3,20,NULL,NULL,NULL,'2015-04-08 19:35:12','2015-04-08',NULL,38.43,38.43,NULL,NULL,NULL),
	(825,3,32,NULL,NULL,NULL,'2015-04-08 19:35:47','2015-04-08',NULL,16.40,16.40,NULL,NULL,NULL),
	(826,3,44,NULL,NULL,NULL,'2015-04-13 07:21:30','2015-04-09',NULL,30.00,30.00,NULL,NULL,NULL),
	(827,3,20,NULL,NULL,NULL,'2015-04-13 07:33:22','2015-04-10',NULL,43.12,43.12,NULL,NULL,NULL),
	(828,3,26,NULL,NULL,NULL,'2015-04-14 07:29:54','2015-04-13',NULL,147.10,147.10,NULL,NULL,NULL),
	(829,3,77,NULL,NULL,NULL,'2015-04-20 07:33:27','2015-04-18',NULL,3.60,3.60,NULL,NULL,NULL),
	(830,3,24,NULL,NULL,NULL,'2015-04-20 07:34:14','2015-04-20',NULL,7.60,7.60,NULL,NULL,NULL),
	(831,3,20,NULL,NULL,NULL,'2015-04-21 08:36:51','2015-04-20',NULL,96.75,96.75,NULL,NULL,NULL),
	(832,3,26,NULL,NULL,NULL,'2015-04-22 07:47:59','2015-04-21',NULL,145.24,145.24,NULL,NULL,NULL),
	(833,3,20,NULL,NULL,NULL,'2015-04-29 08:57:05','2015-04-25',NULL,52.10,52.10,NULL,NULL,NULL),
	(834,3,25,NULL,NULL,NULL,'2015-04-29 08:58:06','2015-04-25',NULL,5.60,5.60,NULL,NULL,NULL),
	(835,3,20,NULL,NULL,NULL,'2015-04-29 08:59:09','2015-04-26',NULL,10.18,10.18,NULL,NULL,NULL),
	(836,3,20,NULL,NULL,NULL,'2015-04-30 07:39:39','2015-04-29',NULL,16.52,16.52,NULL,NULL,NULL),
	(837,3,50,NULL,NULL,NULL,'2015-05-07 07:44:04','2015-05-07',NULL,5817.53,5817.53,NULL,NULL,NULL),
	(838,3,69,NULL,NULL,NULL,'2015-05-12 07:19:20','2015-05-11',NULL,150.94,150.94,NULL,NULL,NULL),
	(839,3,26,NULL,NULL,NULL,'2015-05-18 17:00:55','2015-05-18',NULL,143.26,143.26,NULL,NULL,NULL),
	(840,3,72,NULL,NULL,NULL,'2015-05-18 17:20:03','2015-05-17',NULL,2630.00,2630.00,NULL,NULL,NULL),
	(841,3,44,NULL,NULL,NULL,'2015-05-19 07:21:30','2015-05-18',NULL,159.80,159.80,NULL,NULL,NULL),
	(842,3,20,NULL,NULL,NULL,'2015-05-19 07:24:33','2015-05-15',NULL,24.21,24.21,NULL,NULL,NULL),
	(843,3,20,NULL,NULL,NULL,'2015-05-24 11:01:07','2015-05-24',NULL,61.45,61.45,NULL,NULL,NULL),
	(936,3,11,34,NULL,NULL,'2014-01-07 00:00:00','2014-01-07',NULL,41.40,41.40,NULL,NULL,NULL),
	(937,3,11,35,NULL,NULL,'2014-01-07 00:00:00','2014-01-07',NULL,41.40,41.40,NULL,NULL,NULL),
	(938,3,11,36,NULL,NULL,'2014-01-07 00:00:00','2014-01-07',NULL,41.40,41.40,NULL,NULL,NULL),
	(939,3,11,37,NULL,NULL,'2014-01-07 00:00:00','2014-01-07',NULL,41.40,41.40,NULL,NULL,NULL),
	(940,3,12,34,NULL,NULL,'2014-01-07 00:00:00','2014-01-07',NULL,60.31,60.31,NULL,NULL,NULL),
	(941,3,12,35,NULL,NULL,'2014-01-07 00:00:00','2014-01-07',NULL,60.31,60.31,NULL,NULL,NULL),
	(942,3,12,36,NULL,NULL,'2014-01-07 00:00:00','2014-01-07',NULL,60.31,60.31,NULL,NULL,NULL),
	(943,3,12,37,NULL,NULL,'2014-01-07 00:00:00','2014-01-07',NULL,60.31,60.31,NULL,NULL,NULL),
	(944,3,9,33,NULL,NULL,'2014-01-07 00:00:00','2014-01-07',NULL,676.82,676.82,NULL,NULL,NULL),
	(945,3,14,34,NULL,NULL,'2014-01-07 00:00:00','2014-01-07',NULL,115.00,115.00,NULL,NULL,NULL),
	(946,3,14,35,NULL,NULL,'2014-01-07 00:00:00','2014-01-07',NULL,115.00,115.00,NULL,NULL,NULL),
	(947,3,14,36,NULL,NULL,'2014-01-07 00:00:00','2014-01-07',NULL,115.00,115.00,NULL,NULL,NULL),
	(948,3,14,37,NULL,NULL,'2014-01-07 00:00:00','2014-01-07',NULL,115.00,115.00,NULL,NULL,NULL),
	(949,3,15,34,NULL,NULL,'2014-01-07 00:00:00','2014-01-07',NULL,115.00,115.00,NULL,NULL,NULL),
	(950,3,15,35,NULL,NULL,'2014-01-07 00:00:00','2014-01-07',NULL,115.00,115.00,NULL,NULL,NULL),
	(951,3,15,36,NULL,NULL,'2014-01-07 00:00:00','2014-01-07',NULL,115.00,115.00,NULL,NULL,NULL),
	(952,3,15,37,NULL,NULL,'2014-01-07 00:00:00','2014-01-07',NULL,115.00,115.00,NULL,NULL,NULL),
	(953,3,75,38,NULL,NULL,'2014-01-07 00:00:00','2014-01-07',NULL,350.00,350.00,NULL,NULL,NULL),
	(954,3,11,34,NULL,NULL,'2014-02-05 00:00:00','2014-02-05',NULL,109.26,109.26,NULL,NULL,NULL),
	(955,3,11,35,NULL,NULL,'2014-02-05 00:00:00','2014-02-05',NULL,109.26,109.26,NULL,NULL,NULL),
	(956,3,11,36,NULL,NULL,'2014-02-05 00:00:00','2014-02-05',NULL,109.26,109.26,NULL,NULL,NULL),
	(957,3,11,37,NULL,NULL,'2014-02-05 00:00:00','2014-02-05',NULL,109.26,109.26,NULL,NULL,NULL),
	(958,3,12,34,NULL,NULL,'2014-02-05 00:00:00','2014-02-05',NULL,59.19,59.19,NULL,NULL,NULL),
	(959,3,12,35,NULL,NULL,'2014-02-05 00:00:00','2014-02-05',NULL,59.19,59.19,NULL,NULL,NULL),
	(960,3,12,36,NULL,NULL,'2014-02-05 00:00:00','2014-02-05',NULL,59.19,59.19,NULL,NULL,NULL),
	(961,3,12,37,NULL,NULL,'2014-02-05 00:00:00','2014-02-05',NULL,59.19,59.19,NULL,NULL,NULL),
	(962,3,9,33,NULL,NULL,'2014-02-05 00:00:00','2014-02-05',NULL,676.82,676.82,NULL,NULL,NULL),
	(963,3,14,34,NULL,NULL,'2014-02-05 00:00:00','2014-02-05',NULL,149.01,149.01,NULL,NULL,NULL),
	(964,3,14,35,NULL,NULL,'2014-02-05 00:00:00','2014-02-05',NULL,149.01,149.01,NULL,NULL,NULL),
	(965,3,14,36,NULL,NULL,'2014-02-05 00:00:00','2014-02-05',NULL,149.01,149.01,NULL,NULL,NULL),
	(966,3,14,37,NULL,NULL,'2014-02-05 00:00:00','2014-02-05',NULL,149.01,149.01,NULL,NULL,NULL),
	(967,3,15,34,NULL,NULL,'2014-02-05 00:00:00','2014-02-05',NULL,118.70,118.70,NULL,NULL,NULL),
	(968,3,15,35,NULL,NULL,'2014-02-05 00:00:00','2014-02-05',NULL,118.70,118.70,NULL,NULL,NULL),
	(969,3,15,36,NULL,NULL,'2014-02-05 00:00:00','2014-02-05',NULL,118.70,118.70,NULL,NULL,NULL),
	(970,3,15,37,NULL,NULL,'2014-02-05 00:00:00','2014-02-05',NULL,118.70,118.70,NULL,NULL,NULL),
	(971,3,75,38,NULL,NULL,'2014-02-05 00:00:00','2014-02-05',NULL,350.00,350.00,NULL,NULL,NULL),
	(972,3,11,34,NULL,NULL,'2014-03-05 00:00:00','2014-03-05',NULL,109.26,109.26,NULL,NULL,NULL),
	(973,3,11,35,NULL,NULL,'2014-03-05 00:00:00','2014-03-05',NULL,109.26,109.26,NULL,NULL,NULL),
	(974,3,11,36,NULL,NULL,'2014-03-05 00:00:00','2014-03-05',NULL,109.26,109.26,NULL,NULL,NULL),
	(975,3,11,37,NULL,NULL,'2014-03-05 00:00:00','2014-03-05',NULL,109.26,109.26,NULL,NULL,NULL),
	(976,3,12,34,NULL,NULL,'2014-03-05 00:00:00','2014-03-05',NULL,59.19,59.19,NULL,NULL,NULL),
	(977,3,12,35,NULL,NULL,'2014-03-05 00:00:00','2014-03-05',NULL,59.19,59.19,NULL,NULL,NULL),
	(978,3,12,36,NULL,NULL,'2014-03-05 00:00:00','2014-03-05',NULL,59.19,59.19,NULL,NULL,NULL),
	(979,3,12,37,NULL,NULL,'2014-03-05 00:00:00','2014-03-05',NULL,59.19,59.19,NULL,NULL,NULL),
	(980,3,9,33,NULL,NULL,'2014-03-05 00:00:00','2014-03-05',NULL,676.82,676.82,NULL,NULL,NULL),
	(981,3,14,34,NULL,NULL,'2014-03-05 00:00:00','2014-03-05',NULL,149.01,149.01,NULL,NULL,NULL),
	(982,3,14,35,NULL,NULL,'2014-03-05 00:00:00','2014-03-05',NULL,149.01,149.01,NULL,NULL,NULL),
	(983,3,14,36,NULL,NULL,'2014-03-05 00:00:00','2014-03-05',NULL,149.01,149.01,NULL,NULL,NULL),
	(984,3,14,37,NULL,NULL,'2014-03-05 00:00:00','2014-03-05',NULL,149.01,149.01,NULL,NULL,NULL),
	(985,3,15,34,NULL,NULL,'2014-03-05 00:00:00','2014-03-05',NULL,118.70,118.70,NULL,NULL,NULL),
	(986,3,15,35,NULL,NULL,'2014-03-05 00:00:00','2014-03-05',NULL,118.70,118.70,NULL,NULL,NULL),
	(987,3,15,36,NULL,NULL,'2014-03-05 00:00:00','2014-03-05',NULL,118.70,118.70,NULL,NULL,NULL),
	(988,3,15,37,NULL,NULL,'2014-03-05 00:00:00','2014-03-05',NULL,118.70,118.70,NULL,NULL,NULL),
	(989,3,75,38,NULL,NULL,'2014-03-05 00:00:00','2014-03-05',NULL,350.00,350.00,NULL,NULL,NULL),
	(990,3,11,34,NULL,NULL,'2014-04-05 00:00:00','2014-04-05',NULL,155.12,155.12,NULL,NULL,NULL),
	(991,3,11,35,NULL,NULL,'2014-04-05 00:00:00','2014-04-05',NULL,155.12,155.12,NULL,NULL,NULL),
	(992,3,11,36,NULL,NULL,'2014-04-05 00:00:00','2014-04-05',NULL,155.12,155.12,NULL,NULL,NULL),
	(993,3,11,37,NULL,NULL,'2014-04-05 00:00:00','2014-04-05',NULL,155.12,155.12,NULL,NULL,NULL),
	(994,3,12,34,NULL,NULL,'2014-04-05 00:00:00','2014-04-05',NULL,48.35,48.35,NULL,NULL,NULL),
	(995,3,12,35,NULL,NULL,'2014-04-05 00:00:00','2014-04-05',NULL,48.35,48.35,NULL,NULL,NULL),
	(996,3,12,36,NULL,NULL,'2014-04-05 00:00:00','2014-04-05',NULL,48.35,48.35,NULL,NULL,NULL),
	(997,3,12,37,NULL,NULL,'2014-04-05 00:00:00','2014-04-05',NULL,48.35,48.35,NULL,NULL,NULL),
	(998,3,9,33,NULL,NULL,'2014-04-05 00:00:00','2014-04-05',NULL,670.00,670.00,NULL,NULL,NULL),
	(999,3,14,34,NULL,NULL,'2014-04-05 00:00:00','2014-04-05',NULL,148.96,148.96,NULL,NULL,NULL),
	(1000,3,14,35,NULL,NULL,'2014-04-05 00:00:00','2014-04-05',NULL,148.96,148.96,NULL,NULL,NULL),
	(1001,3,14,36,NULL,NULL,'2014-04-05 00:00:00','2014-04-05',NULL,148.96,148.96,NULL,NULL,NULL),
	(1002,3,14,37,NULL,NULL,'2014-04-05 00:00:00','2014-04-05',NULL,148.96,148.96,NULL,NULL,NULL),
	(1003,3,15,34,NULL,NULL,'2014-04-05 00:00:00','2014-04-05',NULL,117.70,117.70,NULL,NULL,NULL),
	(1004,3,15,35,NULL,NULL,'2014-04-05 00:00:00','2014-04-05',NULL,117.70,117.70,NULL,NULL,NULL),
	(1005,3,15,36,NULL,NULL,'2014-04-05 00:00:00','2014-04-05',NULL,117.70,117.70,NULL,NULL,NULL),
	(1006,3,15,37,NULL,NULL,'2014-04-05 00:00:00','2014-04-05',NULL,117.70,117.70,NULL,NULL,NULL),
	(1007,3,75,38,NULL,NULL,'2014-04-05 00:00:00','2014-04-05',NULL,350.00,350.00,NULL,NULL,NULL),
	(1008,3,11,34,NULL,NULL,'2014-05-05 00:00:00','2014-05-05',NULL,41.44,41.44,NULL,NULL,NULL),
	(1009,3,11,35,NULL,NULL,'2014-05-05 00:00:00','2014-05-05',NULL,41.44,41.44,NULL,NULL,NULL),
	(1010,3,11,36,NULL,NULL,'2014-05-05 00:00:00','2014-05-05',NULL,41.44,41.44,NULL,NULL,NULL),
	(1011,3,11,37,NULL,NULL,'2014-05-05 00:00:00','2014-05-05',NULL,41.44,41.44,NULL,NULL,NULL),
	(1012,3,12,34,NULL,NULL,'2014-05-05 00:00:00','2014-05-05',NULL,61.37,61.37,NULL,NULL,NULL),
	(1013,3,12,35,NULL,NULL,'2014-05-05 00:00:00','2014-05-05',NULL,61.37,61.37,NULL,NULL,NULL),
	(1014,3,12,36,NULL,NULL,'2014-05-05 00:00:00','2014-05-05',NULL,61.37,61.37,NULL,NULL,NULL),
	(1015,3,12,37,NULL,NULL,'2014-05-05 00:00:00','2014-05-05',NULL,61.37,61.37,NULL,NULL,NULL),
	(1016,3,9,33,NULL,NULL,'2014-05-05 00:00:00','2014-05-05',NULL,718.00,718.00,NULL,NULL,NULL),
	(1017,3,14,34,NULL,NULL,'2014-05-05 00:00:00','2014-05-05',NULL,148.96,148.96,NULL,NULL,NULL),
	(1018,3,14,35,NULL,NULL,'2014-05-05 00:00:00','2014-05-05',NULL,148.96,148.96,NULL,NULL,NULL),
	(1019,3,14,36,NULL,NULL,'2014-05-05 00:00:00','2014-05-05',NULL,148.96,148.96,NULL,NULL,NULL),
	(1020,3,14,37,NULL,NULL,'2014-05-05 00:00:00','2014-05-05',NULL,148.96,148.96,NULL,NULL,NULL),
	(1021,3,15,34,NULL,NULL,'2014-05-05 00:00:00','2014-05-05',NULL,117.70,117.70,NULL,NULL,NULL),
	(1022,3,15,35,NULL,NULL,'2014-05-05 00:00:00','2014-05-05',NULL,117.70,117.70,NULL,NULL,NULL),
	(1023,3,15,36,NULL,NULL,'2014-05-05 00:00:00','2014-05-05',NULL,117.70,117.70,NULL,NULL,NULL),
	(1024,3,15,37,NULL,NULL,'2014-05-05 00:00:00','2014-05-05',NULL,117.70,117.70,NULL,NULL,NULL),
	(1025,3,75,38,NULL,NULL,'2014-05-05 00:00:00','2014-05-05',NULL,400.00,400.00,NULL,NULL,NULL),
	(1026,3,11,34,NULL,NULL,'2014-06-05 00:00:00','2014-06-05',NULL,45.63,45.63,NULL,NULL,NULL),
	(1027,3,11,35,NULL,NULL,'2014-06-05 00:00:00','2014-06-05',NULL,45.63,45.63,NULL,NULL,NULL),
	(1028,3,11,36,NULL,NULL,'2014-06-05 00:00:00','2014-06-05',NULL,45.63,45.63,NULL,NULL,NULL),
	(1029,3,11,37,NULL,NULL,'2014-06-05 00:00:00','2014-06-05',NULL,45.63,45.63,NULL,NULL,NULL),
	(1030,3,12,34,NULL,NULL,'2014-06-05 00:00:00','2014-06-05',NULL,47.43,47.43,NULL,NULL,NULL),
	(1031,3,12,35,NULL,NULL,'2014-06-05 00:00:00','2014-06-05',NULL,47.43,47.43,NULL,NULL,NULL),
	(1032,3,12,36,NULL,NULL,'2014-06-05 00:00:00','2014-06-05',NULL,47.43,47.43,NULL,NULL,NULL),
	(1033,3,12,37,NULL,NULL,'2014-06-05 00:00:00','2014-06-05',NULL,47.43,47.43,NULL,NULL,NULL),
	(1034,3,9,33,NULL,NULL,'2014-06-05 00:00:00','2014-06-05',NULL,718.00,718.00,NULL,NULL,NULL),
	(1035,3,14,34,NULL,NULL,'2014-06-05 00:00:00','2014-06-05',NULL,143.59,143.59,NULL,NULL,NULL),
	(1036,3,14,35,NULL,NULL,'2014-06-05 00:00:00','2014-06-05',NULL,143.59,143.59,NULL,NULL,NULL),
	(1037,3,14,36,NULL,NULL,'2014-06-05 00:00:00','2014-06-05',NULL,143.59,143.59,NULL,NULL,NULL),
	(1038,3,14,37,NULL,NULL,'2014-06-05 00:00:00','2014-06-05',NULL,143.59,143.59,NULL,NULL,NULL),
	(1039,3,15,34,NULL,NULL,'2014-06-05 00:00:00','2014-06-05',NULL,116.96,116.96,NULL,NULL,NULL),
	(1040,3,15,35,NULL,NULL,'2014-06-05 00:00:00','2014-06-05',NULL,116.96,116.96,NULL,NULL,NULL),
	(1041,3,15,36,NULL,NULL,'2014-06-05 00:00:00','2014-06-05',NULL,116.96,116.96,NULL,NULL,NULL),
	(1042,3,15,37,NULL,NULL,'2014-06-05 00:00:00','2014-06-05',NULL,116.96,116.96,NULL,NULL,NULL),
	(1043,3,75,38,NULL,NULL,'2014-06-05 00:00:00','2014-06-05',NULL,400.00,400.00,NULL,NULL,NULL),
	(1044,3,11,34,NULL,NULL,'2014-07-05 00:00:00','2014-07-05',NULL,45.31,45.31,NULL,NULL,NULL),
	(1045,3,11,35,NULL,NULL,'2014-07-05 00:00:00','2014-07-05',NULL,45.31,45.31,NULL,NULL,NULL),
	(1046,3,11,36,NULL,NULL,'2014-07-05 00:00:00','2014-07-05',NULL,45.31,45.31,NULL,NULL,NULL),
	(1047,3,11,37,NULL,NULL,'2014-07-05 00:00:00','2014-07-05',NULL,45.31,45.31,NULL,NULL,NULL),
	(1048,3,12,34,NULL,NULL,'2014-07-05 00:00:00','2014-07-05',NULL,36.15,36.15,NULL,NULL,NULL),
	(1049,3,12,35,NULL,NULL,'2014-07-05 00:00:00','2014-07-05',NULL,36.15,36.15,NULL,NULL,NULL),
	(1050,3,12,36,NULL,NULL,'2014-07-05 00:00:00','2014-07-05',NULL,36.15,36.15,NULL,NULL,NULL),
	(1051,3,12,37,NULL,NULL,'2014-07-05 00:00:00','2014-07-05',NULL,36.15,36.15,NULL,NULL,NULL),
	(1052,3,9,33,NULL,NULL,'2014-07-05 00:00:00','2014-07-05',NULL,718.00,718.00,NULL,NULL,NULL),
	(1053,3,14,34,NULL,NULL,'2014-07-05 00:00:00','2014-07-05',NULL,143.59,143.59,NULL,NULL,NULL),
	(1054,3,14,35,NULL,NULL,'2014-07-05 00:00:00','2014-07-05',NULL,143.59,143.59,NULL,NULL,NULL),
	(1055,3,14,36,NULL,NULL,'2014-07-05 00:00:00','2014-07-05',NULL,143.59,143.59,NULL,NULL,NULL),
	(1056,3,14,37,NULL,NULL,'2014-07-05 00:00:00','2014-07-05',NULL,143.59,143.59,NULL,NULL,NULL),
	(1057,3,15,34,NULL,NULL,'2014-07-05 00:00:00','2014-07-05',NULL,116.96,116.96,NULL,NULL,NULL),
	(1058,3,15,35,NULL,NULL,'2014-07-05 00:00:00','2014-07-05',NULL,116.96,116.96,NULL,NULL,NULL),
	(1059,3,15,36,NULL,NULL,'2014-07-05 00:00:00','2014-07-05',NULL,116.96,116.96,NULL,NULL,NULL),
	(1060,3,15,37,NULL,NULL,'2014-07-05 00:00:00','2014-07-05',NULL,116.96,116.96,NULL,NULL,NULL),
	(1061,3,75,38,NULL,NULL,'2014-07-05 00:00:00','2014-07-05',NULL,400.00,400.00,NULL,NULL,NULL),
	(1062,3,11,34,NULL,NULL,'2014-08-05 00:00:00','2014-08-05',NULL,46.20,46.20,NULL,NULL,NULL),
	(1063,3,11,35,NULL,NULL,'2014-08-05 00:00:00','2014-08-05',NULL,46.20,46.20,NULL,NULL,NULL),
	(1064,3,11,36,NULL,NULL,'2014-08-05 00:00:00','2014-08-05',NULL,46.20,46.20,NULL,NULL,NULL),
	(1065,3,11,37,NULL,NULL,'2014-08-05 00:00:00','2014-08-05',NULL,46.20,46.20,NULL,NULL,NULL),
	(1066,3,12,34,NULL,NULL,'2014-08-05 00:00:00','2014-08-05',NULL,45.02,45.02,NULL,NULL,NULL),
	(1067,3,12,35,NULL,NULL,'2014-08-05 00:00:00','2014-08-05',NULL,45.02,45.02,NULL,NULL,NULL),
	(1068,3,12,36,NULL,NULL,'2014-08-05 00:00:00','2014-08-05',NULL,45.02,45.02,NULL,NULL,NULL),
	(1069,3,12,37,NULL,NULL,'2014-08-05 00:00:00','2014-08-05',NULL,45.02,45.02,NULL,NULL,NULL),
	(1070,3,9,33,NULL,NULL,'2014-08-05 00:00:00','2014-08-05',NULL,718.00,718.00,NULL,NULL,NULL),
	(1071,3,14,34,NULL,NULL,'2014-08-05 00:00:00','2014-08-05',NULL,131.63,131.63,NULL,NULL,NULL),
	(1072,3,14,35,NULL,NULL,'2014-08-05 00:00:00','2014-08-05',NULL,131.63,131.63,NULL,NULL,NULL),
	(1073,3,14,36,NULL,NULL,'2014-08-05 00:00:00','2014-08-05',NULL,131.63,131.63,NULL,NULL,NULL),
	(1074,3,14,37,NULL,NULL,'2014-08-05 00:00:00','2014-08-05',NULL,131.63,131.63,NULL,NULL,NULL),
	(1075,3,15,34,NULL,NULL,'2014-08-05 00:00:00','2014-08-05',NULL,117.57,117.57,NULL,NULL,NULL),
	(1076,3,15,35,NULL,NULL,'2014-08-05 00:00:00','2014-08-05',NULL,117.57,117.57,NULL,NULL,NULL),
	(1077,3,15,36,NULL,NULL,'2014-08-05 00:00:00','2014-08-05',NULL,117.57,117.57,NULL,NULL,NULL),
	(1078,3,15,37,NULL,NULL,'2014-08-05 00:00:00','2014-08-05',NULL,117.57,117.57,NULL,NULL,NULL),
	(1079,3,75,38,NULL,NULL,'2014-08-05 00:00:00','2014-08-05',NULL,400.00,400.00,NULL,NULL,NULL),
	(1080,3,11,34,NULL,NULL,'2014-09-05 00:00:00','2014-09-05',NULL,45.78,45.78,NULL,NULL,NULL),
	(1081,3,11,35,NULL,NULL,'2014-09-05 00:00:00','2014-09-05',NULL,45.78,45.78,NULL,NULL,NULL),
	(1082,3,11,36,NULL,NULL,'2014-09-05 00:00:00','2014-09-05',NULL,45.78,45.78,NULL,NULL,NULL),
	(1083,3,11,37,NULL,NULL,'2014-09-05 00:00:00','2014-09-05',NULL,45.78,45.78,NULL,NULL,NULL),
	(1084,3,12,34,NULL,NULL,'2014-09-05 00:00:00','2014-09-05',NULL,45.01,45.01,NULL,NULL,NULL),
	(1085,3,12,35,NULL,NULL,'2014-09-05 00:00:00','2014-09-05',NULL,45.01,45.01,NULL,NULL,NULL),
	(1086,3,12,36,NULL,NULL,'2014-09-05 00:00:00','2014-09-05',NULL,45.01,45.01,NULL,NULL,NULL),
	(1087,3,12,37,NULL,NULL,'2014-09-05 00:00:00','2014-09-05',NULL,45.01,45.01,NULL,NULL,NULL),
	(1088,3,9,33,NULL,NULL,'2014-09-05 00:00:00','2014-09-05',NULL,718.00,718.00,NULL,NULL,NULL),
	(1089,3,14,34,NULL,NULL,'2014-09-05 00:00:00','2014-09-05',NULL,131.63,131.63,NULL,NULL,NULL),
	(1090,3,14,35,NULL,NULL,'2014-09-05 00:00:00','2014-09-05',NULL,131.63,131.63,NULL,NULL,NULL),
	(1091,3,14,36,NULL,NULL,'2014-09-05 00:00:00','2014-09-05',NULL,131.63,131.63,NULL,NULL,NULL),
	(1092,3,14,37,NULL,NULL,'2014-09-05 00:00:00','2014-09-05',NULL,131.63,131.63,NULL,NULL,NULL),
	(1093,3,15,34,NULL,NULL,'2014-09-05 00:00:00','2014-09-05',NULL,117.57,117.57,NULL,NULL,NULL),
	(1094,3,15,35,NULL,NULL,'2014-09-05 00:00:00','2014-09-05',NULL,117.57,117.57,NULL,NULL,NULL),
	(1095,3,15,36,NULL,NULL,'2014-09-05 00:00:00','2014-09-05',NULL,117.57,117.57,NULL,NULL,NULL),
	(1096,3,15,37,NULL,NULL,'2014-09-05 00:00:00','2014-09-05',NULL,117.57,117.57,NULL,NULL,NULL),
	(1097,3,75,38,NULL,NULL,'2014-09-05 00:00:00','2014-09-05',NULL,400.00,400.00,NULL,NULL,NULL),
	(1098,3,11,34,NULL,NULL,'2014-10-05 00:00:00','2014-10-05',NULL,45.31,45.31,NULL,NULL,NULL),
	(1099,3,11,35,NULL,NULL,'2014-10-05 00:00:00','2014-10-05',NULL,45.31,45.31,NULL,NULL,NULL),
	(1100,3,11,36,NULL,NULL,'2014-10-05 00:00:00','2014-10-05',NULL,45.31,45.31,NULL,NULL,NULL),
	(1101,3,11,37,NULL,NULL,'2014-10-05 00:00:00','2014-10-05',NULL,45.31,45.31,NULL,NULL,NULL),
	(1102,3,12,34,NULL,NULL,'2014-10-05 00:00:00','2014-10-05',NULL,49.07,49.07,NULL,NULL,NULL),
	(1103,3,12,35,NULL,NULL,'2014-10-05 00:00:00','2014-10-05',NULL,49.07,49.07,NULL,NULL,NULL),
	(1104,3,12,36,NULL,NULL,'2014-10-05 00:00:00','2014-10-05',NULL,49.07,49.07,NULL,NULL,NULL),
	(1105,3,12,37,NULL,NULL,'2014-10-05 00:00:00','2014-10-05',NULL,49.07,49.07,NULL,NULL,NULL),
	(1106,3,9,33,NULL,NULL,'2014-10-05 00:00:00','2014-10-05',NULL,718.00,718.00,NULL,NULL,NULL),
	(1107,3,14,34,NULL,NULL,'2014-10-05 00:00:00','2014-10-05',NULL,130.00,130.00,NULL,NULL,NULL),
	(1108,3,14,35,NULL,NULL,'2014-10-05 00:00:00','2014-10-05',NULL,130.00,130.00,NULL,NULL,NULL),
	(1109,3,14,36,NULL,NULL,'2014-10-05 00:00:00','2014-10-05',NULL,130.00,130.00,NULL,NULL,NULL),
	(1110,3,14,37,NULL,NULL,'2014-10-05 00:00:00','2014-10-05',NULL,130.00,130.00,NULL,NULL,NULL),
	(1111,3,15,34,NULL,NULL,'2014-10-05 00:00:00','2014-10-05',NULL,115.00,115.00,NULL,NULL,NULL),
	(1112,3,15,35,NULL,NULL,'2014-10-05 00:00:00','2014-10-05',NULL,115.00,115.00,NULL,NULL,NULL),
	(1113,3,15,36,NULL,NULL,'2014-10-05 00:00:00','2014-10-05',NULL,115.00,115.00,NULL,NULL,NULL),
	(1114,3,15,37,NULL,NULL,'2014-10-05 00:00:00','2014-10-05',NULL,115.00,115.00,NULL,NULL,NULL),
	(1115,3,75,38,NULL,NULL,'2014-10-05 00:00:00','2014-10-05',NULL,400.00,400.00,NULL,NULL,NULL),
	(1116,3,11,34,NULL,NULL,'2014-11-05 00:00:00','2014-11-05',NULL,46.20,46.20,NULL,NULL,NULL),
	(1117,3,11,35,NULL,NULL,'2014-11-05 00:00:00','2014-11-05',NULL,46.20,46.20,NULL,NULL,NULL),
	(1118,3,11,36,NULL,NULL,'2014-11-05 00:00:00','2014-11-05',NULL,46.20,46.20,NULL,NULL,NULL),
	(1119,3,11,37,NULL,NULL,'2014-11-05 00:00:00','2014-11-05',NULL,46.20,46.20,NULL,NULL,NULL),
	(1120,3,12,34,NULL,NULL,'2014-11-05 00:00:00','2014-11-05',NULL,49.88,49.88,NULL,NULL,NULL),
	(1121,3,12,35,NULL,NULL,'2014-11-05 00:00:00','2014-11-05',NULL,49.88,49.88,NULL,NULL,NULL),
	(1122,3,12,36,NULL,NULL,'2014-11-05 00:00:00','2014-11-05',NULL,49.88,49.88,NULL,NULL,NULL),
	(1123,3,12,37,NULL,NULL,'2014-11-05 00:00:00','2014-11-05',NULL,49.88,49.88,NULL,NULL,NULL),
	(1124,3,9,33,NULL,NULL,'2014-11-05 00:00:00','2014-11-05',NULL,1075.64,1075.64,NULL,NULL,NULL),
	(1125,3,14,34,NULL,NULL,'2014-11-05 00:00:00','2014-11-05',NULL,130.00,130.00,NULL,NULL,NULL),
	(1126,3,14,35,NULL,NULL,'2014-11-05 00:00:00','2014-11-05',NULL,130.00,130.00,NULL,NULL,NULL),
	(1127,3,14,36,NULL,NULL,'2014-11-05 00:00:00','2014-11-05',NULL,130.00,130.00,NULL,NULL,NULL),
	(1128,3,14,37,NULL,NULL,'2014-11-05 00:00:00','2014-11-05',NULL,130.00,130.00,NULL,NULL,NULL),
	(1129,3,15,34,NULL,NULL,'2014-11-05 00:00:00','2014-11-05',NULL,115.00,115.00,NULL,NULL,NULL),
	(1130,3,15,35,NULL,NULL,'2014-11-05 00:00:00','2014-11-05',NULL,115.00,115.00,NULL,NULL,NULL),
	(1131,3,15,36,NULL,NULL,'2014-11-05 00:00:00','2014-11-05',NULL,115.00,115.00,NULL,NULL,NULL),
	(1132,3,15,37,NULL,NULL,'2014-11-05 00:00:00','2014-11-05',NULL,115.00,115.00,NULL,NULL,NULL),
	(1133,3,75,38,NULL,NULL,'2014-11-05 00:00:00','2014-11-05',NULL,400.00,400.00,NULL,NULL,NULL),
	(1134,3,10,39,NULL,NULL,'2014-12-05 00:00:00','2014-12-05',NULL,210.67,210.67,NULL,NULL,NULL),
	(1135,3,11,34,NULL,NULL,'2014-12-05 00:00:00','2014-12-05',NULL,45.32,45.32,NULL,NULL,NULL),
	(1136,3,11,35,NULL,NULL,'2014-12-05 00:00:00','2014-12-05',NULL,45.32,45.32,NULL,NULL,NULL),
	(1137,3,11,36,NULL,NULL,'2014-12-05 00:00:00','2014-12-05',NULL,45.32,45.32,NULL,NULL,NULL),
	(1138,3,11,37,NULL,NULL,'2014-12-05 00:00:00','2014-12-05',NULL,45.32,45.32,NULL,NULL,NULL),
	(1139,3,12,34,NULL,NULL,'2014-12-05 00:00:00','2014-12-05',NULL,48.87,48.87,NULL,NULL,NULL),
	(1140,3,12,35,NULL,NULL,'2014-12-05 00:00:00','2014-12-05',NULL,48.87,48.87,NULL,NULL,NULL),
	(1141,3,12,36,NULL,NULL,'2014-12-05 00:00:00','2014-12-05',NULL,48.87,48.87,NULL,NULL,NULL),
	(1142,3,12,37,NULL,NULL,'2014-12-05 00:00:00','2014-12-05',NULL,48.87,48.87,NULL,NULL,NULL),
	(1143,3,14,34,NULL,NULL,'2014-12-05 00:00:00','2014-12-05',NULL,130.00,130.00,NULL,NULL,NULL),
	(1144,3,14,35,NULL,NULL,'2014-12-05 00:00:00','2014-12-05',NULL,130.00,130.00,NULL,NULL,NULL),
	(1145,3,14,36,NULL,NULL,'2014-12-05 00:00:00','2014-12-05',NULL,130.00,130.00,NULL,NULL,NULL),
	(1146,3,14,37,NULL,NULL,'2014-12-05 00:00:00','2014-12-05',NULL,130.00,130.00,NULL,NULL,NULL),
	(1147,3,15,34,NULL,NULL,'2014-12-05 00:00:00','2014-12-05',NULL,115.00,115.00,NULL,NULL,NULL),
	(1148,3,15,35,NULL,NULL,'2014-12-05 00:00:00','2014-12-05',NULL,115.00,115.00,NULL,NULL,NULL),
	(1149,3,15,36,NULL,NULL,'2014-12-05 00:00:00','2014-12-05',NULL,115.00,115.00,NULL,NULL,NULL),
	(1150,3,15,37,NULL,NULL,'2014-12-05 00:00:00','2014-12-05',NULL,115.00,115.00,NULL,NULL,NULL),
	(1151,3,75,38,NULL,NULL,'2014-12-05 00:00:00','2014-12-05',NULL,400.00,400.00,NULL,NULL,NULL),
	(1152,3,10,39,NULL,NULL,'2015-01-09 00:00:00','2015-01-09',NULL,210.67,210.67,NULL,NULL,NULL),
	(1153,3,75,38,NULL,NULL,'2015-01-09 00:00:00','2015-01-09',NULL,400.00,400.00,NULL,NULL,NULL),
	(1154,3,14,34,NULL,NULL,'2015-01-12 00:00:00','2015-01-12',NULL,270.32,270.32,NULL,NULL,NULL),
	(1155,3,14,35,NULL,NULL,'2015-01-12 00:00:00','2015-01-12',NULL,270.32,270.32,NULL,NULL,NULL),
	(1156,3,14,36,NULL,NULL,'2015-01-12 00:00:00','2015-01-12',NULL,270.32,270.32,NULL,NULL,NULL),
	(1157,3,14,37,NULL,NULL,'2015-01-12 00:00:00','2015-01-12',NULL,270.32,270.32,NULL,NULL,NULL),
	(1158,3,15,34,NULL,NULL,'2015-01-12 00:00:00','2015-01-12',NULL,118.70,118.70,NULL,NULL,NULL),
	(1159,3,15,35,NULL,NULL,'2015-01-12 00:00:00','2015-01-12',NULL,118.70,118.70,NULL,NULL,NULL),
	(1160,3,15,36,NULL,NULL,'2015-01-12 00:00:00','2015-01-12',NULL,118.70,118.70,NULL,NULL,NULL),
	(1161,3,15,37,NULL,NULL,'2015-01-12 00:00:00','2015-01-12',NULL,118.70,118.70,NULL,NULL,NULL),
	(1162,3,12,34,NULL,NULL,'2015-01-22 00:00:00','2015-01-05',NULL,27.58,56.52,NULL,NULL,NULL),
	(1163,3,12,35,NULL,NULL,'2015-01-22 00:00:00','2015-01-05',NULL,27.58,56.52,NULL,NULL,NULL),
	(1164,3,12,36,NULL,NULL,'2015-01-22 00:00:00','2015-01-05',NULL,27.58,56.52,NULL,NULL,NULL),
	(1165,3,12,37,NULL,NULL,'2015-01-22 00:00:00','2015-01-05',NULL,27.58,56.52,NULL,NULL,NULL),
	(1166,3,75,38,NULL,NULL,'2015-02-06 13:08:16','2015-02-06',NULL,400.00,384.62,NULL,NULL,NULL),
	(1167,3,15,34,NULL,NULL,'2015-02-10 08:47:05','2015-02-10',NULL,120.23,116.97,NULL,NULL,NULL),
	(1168,3,15,35,NULL,NULL,'2015-02-10 08:47:05','2015-02-10',NULL,120.23,116.97,NULL,NULL,NULL),
	(1169,3,15,36,NULL,NULL,'2015-02-10 08:47:05','2015-02-10',NULL,120.23,116.97,NULL,NULL,NULL),
	(1170,3,15,37,NULL,NULL,'2015-02-10 08:47:05','2015-02-10',NULL,120.23,116.97,NULL,NULL,NULL),
	(1171,3,14,34,NULL,NULL,'2015-02-10 08:47:29','2015-02-10',NULL,237.48,147.82,NULL,NULL,NULL),
	(1172,3,14,35,NULL,NULL,'2015-02-10 08:47:29','2015-02-10',NULL,237.48,147.82,NULL,NULL,NULL),
	(1173,3,14,36,NULL,NULL,'2015-02-10 08:47:29','2015-02-10',NULL,237.48,147.82,NULL,NULL,NULL),
	(1174,3,14,37,NULL,NULL,'2015-02-10 08:47:29','2015-02-10',NULL,237.48,147.82,NULL,NULL,NULL),
	(1175,3,48,40,NULL,NULL,'2015-02-19 13:41:07','2015-02-09',NULL,50.00,50.00,NULL,NULL,NULL),
	(1176,3,10,39,NULL,NULL,'2015-02-19 13:42:24','2015-02-15',NULL,241.04,166.15,NULL,NULL,NULL),
	(1177,3,12,34,NULL,NULL,'2015-02-19 14:17:05','2015-02-01',NULL,28.94,49.03,NULL,NULL,NULL),
	(1178,3,12,35,NULL,NULL,'2015-02-19 14:17:05','2015-02-01',NULL,28.94,49.03,NULL,NULL,NULL),
	(1179,3,12,36,NULL,NULL,'2015-02-19 14:17:05','2015-02-01',NULL,28.94,49.03,NULL,NULL,NULL),
	(1180,3,12,37,NULL,NULL,'2015-02-19 14:17:05','2015-02-01',NULL,28.94,49.03,NULL,NULL,NULL),
	(1181,3,75,38,NULL,NULL,'2015-03-06 07:37:46','2015-03-06',NULL,400.00,385.71,NULL,NULL,NULL),
	(1182,3,12,34,NULL,NULL,'2015-03-06 07:38:22','2015-03-06',NULL,59.44,47.60,NULL,NULL,NULL),
	(1183,3,12,35,NULL,NULL,'2015-03-06 07:38:22','2015-03-06',NULL,59.44,47.60,NULL,NULL,NULL),
	(1184,3,12,36,NULL,NULL,'2015-03-06 07:38:22','2015-03-06',NULL,59.44,47.60,NULL,NULL,NULL),
	(1185,3,12,37,NULL,NULL,'2015-03-06 07:38:22','2015-03-06',NULL,59.44,47.60,NULL,NULL,NULL),
	(1186,3,10,39,NULL,NULL,'2015-03-06 07:39:00','2015-03-06',NULL,202.74,172.39,NULL,NULL,NULL),
	(1187,3,48,40,NULL,NULL,'2015-03-13 08:10:25','2015-03-09',NULL,50.00,50.00,NULL,NULL,NULL),
	(1188,3,14,34,NULL,NULL,'2015-03-13 08:11:06','2015-03-10',NULL,203.80,212.60,NULL,NULL,NULL),
	(1189,3,14,35,NULL,NULL,'2015-03-13 08:11:06','2015-03-10',NULL,203.80,212.60,NULL,NULL,NULL),
	(1190,3,14,36,NULL,NULL,'2015-03-13 08:11:06','2015-03-10',NULL,203.80,212.60,NULL,NULL,NULL),
	(1191,3,14,37,NULL,NULL,'2015-03-13 08:11:06','2015-03-10',NULL,203.80,212.60,NULL,NULL,NULL),
	(1192,3,15,34,NULL,NULL,'2015-03-13 08:11:47','2015-03-10',NULL,7.10,117.98,NULL,NULL,NULL),
	(1193,3,15,35,NULL,NULL,'2015-03-13 08:11:47','2015-03-10',NULL,7.10,117.98,NULL,NULL,NULL),
	(1194,3,15,36,NULL,NULL,'2015-03-13 08:11:47','2015-03-10',NULL,7.10,117.98,NULL,NULL,NULL),
	(1195,3,15,37,NULL,NULL,'2015-03-13 08:11:47','2015-03-10',NULL,7.10,117.98,NULL,NULL,NULL),
	(1196,3,78,41,NULL,NULL,'2015-03-16 08:24:46','2015-03-11',NULL,16.90,0.00,NULL,NULL,NULL),
	(1197,3,75,38,NULL,NULL,'2015-04-07 09:02:17','2015-04-07',NULL,500.00,400.00,NULL,NULL,NULL),
	(1198,3,10,39,NULL,NULL,'2015-04-07 09:10:35','2015-04-07',NULL,217.14,218.15,NULL,NULL,NULL),
	(1199,3,78,43,NULL,NULL,'2015-04-07 09:14:29','2015-04-07',NULL,94.70,0.00,NULL,NULL,NULL),
	(1200,3,12,34,NULL,NULL,'2015-04-07 09:16:19','2015-04-07',NULL,57.88,38.65,NULL,NULL,NULL),
	(1201,3,12,35,NULL,NULL,'2015-04-07 09:16:19','2015-04-07',NULL,57.88,38.65,NULL,NULL,NULL),
	(1202,3,12,36,NULL,NULL,'2015-04-07 09:16:19','2015-04-07',NULL,57.88,38.65,NULL,NULL,NULL),
	(1203,3,12,37,NULL,NULL,'2015-04-07 09:16:19','2015-04-07',NULL,57.88,38.65,NULL,NULL,NULL),
	(1204,3,48,40,NULL,NULL,'2015-04-13 07:20:55','2015-04-08',NULL,50.00,50.00,NULL,NULL,NULL),
	(1205,3,15,34,NULL,NULL,'2015-04-13 07:22:29','2015-04-10',NULL,104.80,82.01,NULL,NULL,NULL),
	(1206,3,15,35,NULL,NULL,'2015-04-13 07:22:29','2015-04-10',NULL,104.80,82.01,NULL,NULL,NULL),
	(1207,3,15,36,NULL,NULL,'2015-04-13 07:22:29','2015-04-10',NULL,104.80,82.01,NULL,NULL,NULL),
	(1208,3,15,37,NULL,NULL,'2015-04-13 07:22:29','2015-04-10',NULL,104.80,82.01,NULL,NULL,NULL),
	(1209,3,14,34,NULL,NULL,'2015-04-13 07:23:08','2015-04-10',NULL,127.50,237.20,NULL,NULL,NULL),
	(1210,3,14,35,NULL,NULL,'2015-04-13 07:23:08','2015-04-10',NULL,127.50,237.20,NULL,NULL,NULL),
	(1211,3,14,36,NULL,NULL,'2015-04-13 07:23:08','2015-04-10',NULL,127.50,237.20,NULL,NULL,NULL),
	(1212,3,14,37,NULL,NULL,'2015-04-13 07:23:08','2015-04-10',NULL,127.50,237.20,NULL,NULL,NULL),
	(1213,3,75,38,NULL,NULL,'2015-05-07 07:55:03','2015-05-07',NULL,500.00,433.33,NULL,NULL,NULL),
	(1214,3,10,39,NULL,NULL,'2015-05-07 07:57:32','2015-05-07',NULL,209.94,220.31,NULL,NULL,NULL),
	(1215,3,48,40,NULL,NULL,'2015-05-09 10:03:33','2015-05-08',NULL,50.00,50.00,NULL,NULL,NULL),
	(1216,3,14,34,NULL,NULL,'2015-05-12 07:18:38','2015-05-11',NULL,127.50,189.59,NULL,NULL,NULL),
	(1217,3,14,35,NULL,NULL,'2015-05-12 07:18:38','2015-05-11',NULL,127.50,189.59,NULL,NULL,NULL),
	(1218,3,14,36,NULL,NULL,'2015-05-12 07:18:38','2015-05-11',NULL,127.50,189.59,NULL,NULL,NULL),
	(1219,3,14,37,NULL,NULL,'2015-05-12 07:18:38','2015-05-11',NULL,127.50,189.59,NULL,NULL,NULL),
	(1220,3,12,34,NULL,NULL,'2015-05-12 07:55:01','2015-05-12',NULL,59.02,48.75,NULL,NULL,NULL),
	(1221,3,12,35,NULL,NULL,'2015-05-12 07:55:01','2015-05-12',NULL,59.02,48.75,NULL,NULL,NULL),
	(1222,3,12,36,NULL,NULL,'2015-05-12 07:55:01','2015-05-12',NULL,59.02,48.75,NULL,NULL,NULL),
	(1223,3,12,37,NULL,NULL,'2015-05-12 07:55:01','2015-05-12',NULL,59.02,48.75,NULL,NULL,NULL),
	(1224,3,15,34,NULL,NULL,'2015-05-12 07:55:35','2015-05-12',NULL,0.01,77.38,NULL,NULL,NULL),
	(1225,3,15,35,NULL,NULL,'2015-05-12 07:55:35','2015-05-12',NULL,0.01,77.38,NULL,NULL,NULL),
	(1226,3,15,36,NULL,NULL,'2015-05-12 07:55:35','2015-05-12',NULL,0.01,77.38,NULL,NULL,NULL),
	(1227,3,15,37,NULL,NULL,'2015-05-12 07:55:35','2015-05-12',NULL,0.01,77.38,NULL,NULL,NULL),
	(1447,3,56,NULL,NULL,9,'2015-02-19 14:06:38','2015-02-18',NULL,262.85,262.85,NULL,NULL,NULL),
	(1448,3,44,NULL,NULL,9,'2015-02-23 11:32:40','2015-02-22',NULL,79.00,79.00,NULL,NULL,NULL),
	(1449,3,44,NULL,NULL,9,'2015-02-23 11:35:59','2015-02-21',NULL,77.98,77.98,NULL,NULL,NULL),
	(1450,3,32,NULL,NULL,9,'2015-03-05 08:07:40','2015-02-27',NULL,337.82,337.82,NULL,NULL,NULL),
	(1451,3,20,NULL,NULL,9,'2015-03-05 08:18:48','2015-03-02',NULL,79.08,79.08,NULL,NULL,NULL),
	(1452,3,26,NULL,NULL,9,'2015-03-05 08:21:06','2015-03-02',NULL,141.89,141.89,NULL,NULL,NULL),
	(1453,3,26,NULL,NULL,9,'2015-03-23 10:19:10','2015-03-21',NULL,139.31,139.31,NULL,NULL,NULL),
	(1454,3,26,NULL,NULL,9,'2015-03-27 13:28:57','2015-03-27',NULL,153.92,153.92,NULL,NULL,NULL),
	(1455,3,20,NULL,NULL,9,'2015-04-06 09:55:10','2015-03-31',NULL,89.54,89.54,NULL,NULL,NULL),
	(1456,3,26,NULL,NULL,9,'2015-04-06 09:56:16','2015-04-04',NULL,145.80,145.80,NULL,NULL,NULL),
	(1457,3,25,NULL,NULL,9,'2015-04-06 09:57:30','2015-04-04',NULL,56.90,56.90,NULL,NULL,NULL),
	(1458,3,24,NULL,NULL,9,'2015-04-06 09:58:11','2015-04-04',NULL,74.00,74.00,NULL,NULL,NULL),
	(1459,3,20,NULL,NULL,9,'2015-04-06 10:00:51','2015-03-30',NULL,23.46,23.46,NULL,NULL,NULL),
	(1460,3,24,NULL,NULL,9,'2015-04-07 09:18:25','2015-04-02',NULL,26.50,26.50,NULL,NULL,NULL),
	(1461,3,24,NULL,NULL,9,'2015-04-07 09:19:04','2015-04-02',NULL,7.00,7.00,NULL,NULL,NULL),
	(1462,3,41,NULL,NULL,9,'2015-04-07 09:19:44','2015-04-03',NULL,42.00,42.00,NULL,NULL,NULL),
	(1463,3,24,NULL,NULL,9,'2015-04-07 09:20:27','2015-04-03',NULL,39.50,39.50,NULL,NULL,NULL),
	(1464,3,77,NULL,NULL,9,'2015-04-07 09:21:06','2015-04-03',NULL,4.52,4.52,NULL,NULL,NULL),
	(1465,3,25,NULL,NULL,9,'2015-04-07 09:22:32','2015-04-04',NULL,14.30,14.30,NULL,NULL,NULL),
	(1466,3,32,NULL,NULL,9,'2015-04-07 09:23:36','2015-04-04',NULL,17.90,17.90,NULL,NULL,NULL),
	(1467,3,28,NULL,NULL,9,'2015-04-09 06:48:48','2015-04-08',NULL,164.50,329.00,NULL,NULL,NULL),
	(1468,3,78,NULL,NULL,9,'2015-04-14 07:35:35','2015-04-07',NULL,182.74,182.74,NULL,NULL,NULL),
	(1469,3,62,NULL,NULL,9,'2015-04-20 07:31:28','2015-04-19',NULL,219.60,219.60,NULL,NULL,NULL),
	(1470,3,41,NULL,NULL,9,'2015-04-24 15:51:47','2015-04-22',NULL,38.27,38.27,NULL,NULL,NULL),
	(1471,3,26,NULL,NULL,9,'2015-04-30 07:24:28','2015-04-29',NULL,0.00,147.75,NULL,NULL,NULL),
	(1472,3,28,NULL,NULL,9,'2015-05-04 21:11:36','2015-05-02',NULL,0.00,50.00,NULL,NULL,NULL),
	(1473,3,20,NULL,NULL,9,'2015-05-04 21:14:49','2015-05-03',NULL,0.00,194.00,NULL,NULL,NULL),
	(1474,3,41,NULL,NULL,9,'2015-05-05 07:23:51','2015-05-02',NULL,0.00,54.00,NULL,NULL,NULL),
	(1475,3,77,NULL,NULL,9,'2015-05-05 07:24:22','2015-05-02',NULL,0.00,4.95,NULL,NULL,NULL),
	(1476,3,24,NULL,NULL,9,'2015-05-09 09:51:15','2015-05-08',NULL,0.00,77.00,NULL,NULL,NULL),
	(1477,3,32,NULL,NULL,9,'2015-05-09 09:59:50','2015-05-05',NULL,0.00,354.70,NULL,NULL,NULL),
	(1478,3,26,NULL,NULL,9,'2015-05-09 13:36:43','2015-05-09',NULL,0.00,145.85,NULL,NULL,NULL),
	(1479,3,44,NULL,NULL,9,'2015-05-12 07:56:58','2015-05-10',NULL,0.00,89.58,NULL,NULL,NULL),
	(1480,3,20,NULL,NULL,9,'2015-05-12 07:59:25','2015-05-09',NULL,0.00,11.08,NULL,NULL,NULL),
	(1481,3,20,NULL,NULL,9,'2015-05-12 08:00:23','2015-05-08',NULL,0.00,42.43,NULL,NULL,NULL),
	(1482,3,44,NULL,NULL,10,'2015-02-19 14:03:29','2015-02-08',NULL,214.25,214.25,NULL,NULL,NULL),
	(1483,3,78,NULL,NULL,10,'2015-02-19 14:04:35','2015-02-16',NULL,25.10,25.10,NULL,NULL,NULL),
	(1484,3,26,NULL,NULL,10,'2015-02-23 11:33:21','2015-02-22',NULL,139.66,139.66,NULL,NULL,NULL),
	(1485,3,78,NULL,NULL,10,'2015-03-05 08:22:08','2015-03-02',NULL,90.33,90.33,NULL,NULL,NULL),
	(1486,3,78,NULL,NULL,10,'2015-03-05 08:49:05','2015-03-05',NULL,32.75,32.75,NULL,NULL,NULL),
	(1487,3,30,NULL,NULL,10,'2015-03-31 08:08:18','2015-03-27',NULL,462.55,1850.20,NULL,NULL,NULL),
	(1510,1,20,NULL,NULL,NULL,'2015-05-27 07:38:19','2015-05-26',NULL,25.72,25.72,NULL,NULL,'COMPRA CARTAO MAESTRO 26/05 SUPERMERCADO TO'),
	(1511,1,32,NULL,NULL,NULL,'2015-05-27 07:39:09','2015-05-26',NULL,61.67,61.67,NULL,NULL,'COMPRA CARTAO MAESTRO 26/05 DROGARIA DROGAF\n\ncompra de resfenol, xarope e naridrin'),
	(1512,1,63,NULL,305,NULL,'2015-05-27 07:52:32','2015-05-25',NULL,600.00,561.00,NULL,NULL,NULL),
	(1513,1,26,NULL,NULL,NULL,'2015-05-28 17:07:51','2015-05-28',NULL,142.76,142.76,NULL,NULL,'570km\n40,34 litros \nposto SIG'),
	(1514,1,44,NULL,NULL,NULL,'2015-06-02 07:28:31','2015-05-31',NULL,167.60,195.63,NULL,NULL,'leroy merlin\ncompra do porta copos, porta talheres e porta detergente'),
	(1515,1,20,NULL,NULL,NULL,'2015-06-02 07:30:48','2015-05-31',NULL,195.63,195.63,NULL,NULL,'compras no extra'),
	(1516,1,64,NULL,NULL,NULL,'2015-06-02 07:42:19','2015-06-01',NULL,35.00,35.00,NULL,NULL,'lava jato no sig'),
	(1517,1,43,NULL,NULL,7,'2015-06-02 07:44:05','2015-06-02',NULL,70.55,70.55,NULL,NULL,'camisa do full metal na loja teeNow'),
	(1518,1,44,NULL,NULL,NULL,'2015-06-02 07:45:10','2015-06-01',NULL,14.00,14.00,NULL,NULL,'mega sena, sorteio para 03/06/2015'),
	(1519,1,44,NULL,NULL,NULL,'2015-06-04 17:47:59','2015-06-04',NULL,21.00,21.00,NULL,NULL,'martelo em s√£o sebasti√£o'),
	(1520,1,25,NULL,NULL,NULL,'2015-06-04 17:48:42','2015-06-04',NULL,20.00,20.00,NULL,NULL,'frango assado em jardins mangueiral'),
	(1521,1,20,NULL,NULL,NULL,'2015-06-04 17:50:15','2015-06-03',NULL,26.48,26.48,NULL,NULL,'COMPRA CARTAO MAESTRO 03/06 SUPERMERCADO TO'),
	(1522,1,43,NULL,NULL,7,'2015-06-04 17:51:49','2015-06-02',NULL,70.55,70.55,NULL,NULL,'PAGSEGURO*TeeNOW'),
	(1523,1,63,NULL,20,NULL,'2015-06-05 14:47:27','2015-06-05',NULL,1195.84,1192.23,NULL,NULL,'0'),
	(1524,1,10,14,NULL,NULL,'2015-06-05 14:49:51','2015-06-05',NULL,209.94,209.94,NULL,NULL,'0'),
	(1525,1,76,NULL,NULL,6,'2015-06-05 14:51:17','2015-06-05','2015-06-10',1481.33,1335.84,NULL,NULL,'0'),
	(1526,1,76,NULL,NULL,7,'2015-06-05 14:52:12','2015-06-05','2015-06-10',521.20,462.55,NULL,NULL,'0'),
	(1527,1,75,13,NULL,NULL,'2015-06-05 14:53:46','2015-06-05',NULL,500.00,466.67,NULL,NULL,NULL),
	(1528,1,63,NULL,308,NULL,'2015-06-05 14:55:25','2015-06-05',NULL,643.00,643.00,NULL,NULL,NULL),
	(1529,1,63,NULL,260,NULL,'2015-06-05 14:55:38','2015-06-05',NULL,561.00,561.00,NULL,NULL,NULL),
	(1530,1,50,NULL,NULL,NULL,'2015-06-05 14:56:35','2015-06-05',NULL,5817.53,5817.53,NULL,NULL,'sal√°rio Indra'),
	(1531,1,26,NULL,NULL,NULL,'2015-06-08 14:48:58','2015-06-07',NULL,109.64,109.64,NULL,NULL,'40,75 litros de √°lcool\n635km'),
	(1532,1,20,NULL,NULL,NULL,'2015-06-08 14:50:12','2015-06-07',NULL,61.44,61.44,NULL,NULL,'picanha, coxinha de frango, sucos para o churrasco na casa do gil'),
	(1533,1,24,NULL,NULL,NULL,'2015-06-08 14:50:58','2015-06-06',NULL,11.00,11.00,NULL,NULL,'marmita p/ meu pai'),
	(1534,1,20,NULL,NULL,NULL,'2015-06-09 22:18:07','2015-06-08',NULL,14.55,14.55,NULL,NULL,'ch√°, etc'),
	(1535,1,44,NULL,NULL,NULL,'2015-06-09 22:18:41','2015-06-08',NULL,45.00,45.00,NULL,NULL,'mega sena bol√£o'),
	(1536,1,12,10,NULL,NULL,'2015-06-09 22:19:14','2015-06-08',NULL,58.28,58.78,NULL,NULL,'automatico'),
	(1537,1,20,NULL,NULL,NULL,'2015-06-09 22:20:00','2015-06-09',NULL,4.87,4.87,NULL,NULL,'molho de tomate'),
	(1538,1,15,12,NULL,NULL,'2015-06-10 08:05:38','2015-06-10',NULL,42.68,37.30,NULL,NULL,'DEBITO AUT. CONTA DE TELEFONE GVT'),
	(1539,1,14,11,NULL,NULL,'2015-06-10 08:06:21','2015-06-10',NULL,127.50,152.93,NULL,NULL,'DEBITO AUT. TELEFONE CELULAR TELEBRASILIA-CE'),
	(1540,1,41,NULL,NULL,NULL,'2015-06-12 08:05:26','2015-06-10',NULL,40.50,40.50,NULL,NULL,'COMPRA CARTAO MAESTRO 10/06 PARK SHOPPING'),
	(1541,1,24,NULL,NULL,NULL,'2015-06-12 08:05:50','2015-06-10',NULL,36.90,36.90,NULL,NULL,'COMPRA CARTAO MAESTRO 10/06 KONI STORE'),
	(1542,1,77,NULL,NULL,NULL,'2015-06-12 08:06:19','2015-06-10',NULL,12.60,12.60,NULL,NULL,'COMPRA CARTAO MAESTRO 10/06 MULTIPLAN ADMIN'),
	(1543,1,44,NULL,NULL,NULL,'2015-06-15 07:18:27','2015-06-12',NULL,43.40,43.40,NULL,NULL,'mega sena'),
	(1544,1,24,NULL,NULL,NULL,'2015-06-15 07:18:58','2015-06-12',NULL,58.50,58.50,NULL,NULL,'subway'),
	(1545,1,26,NULL,NULL,NULL,'2015-06-15 07:19:48','2015-06-12',NULL,110.56,110.56,NULL,NULL,'41,1 litros de √°lcool'),
	(1546,1,44,NULL,NULL,NULL,'2015-06-15 07:20:27','2015-06-13',NULL,34.90,34.90,NULL,NULL,'presente do davi - ernane'),
	(1547,1,41,NULL,NULL,NULL,'2015-06-15 07:22:21','2015-06-14',NULL,99.10,99.10,NULL,NULL,'cinema(27,00), pipoca(29,50) e comida japa(42,60)'),
	(1548,1,24,NULL,NULL,NULL,'2015-06-15 14:50:57','2015-06-15',NULL,20.37,20.37,NULL,NULL,'almo√ßo com a chefia'),
	(1549,1,26,NULL,NULL,NULL,'2015-06-18 07:31:45','2015-06-16',NULL,106.81,106.81,NULL,NULL,'39,27 litros de √°lcool\ndois tanques rodou 880km e fez 11,6km/l pelo computador de bordo'),
	(1550,1,32,NULL,NULL,NULL,'2015-06-18 07:32:23','2015-06-17',NULL,28.46,28.46,NULL,NULL,'anti inflamat√≥rio'),
	(1551,1,20,NULL,NULL,NULL,'2015-06-18 07:33:09','2015-06-17',NULL,15.90,15.90,NULL,NULL,'hamurguer, p√£es e ovos'),
	(1552,1,26,NULL,NULL,NULL,'2015-06-22 14:59:08','2015-06-20',NULL,135.05,135.05,NULL,NULL,'38,4 litros gasolina\n418km'),
	(1553,1,20,NULL,NULL,NULL,'2015-06-24 13:07:43','2015-06-20',NULL,21.79,21.79,NULL,NULL,'COMPRA CARTAO MAESTRO 20/06 SUPERMERCADO TO'),
	(1554,1,20,NULL,NULL,NULL,'2015-06-24 13:08:39','2015-06-21',NULL,32.12,32.12,NULL,NULL,'COMPRA CARTAO MAESTRO 21/06 SUPERMERCADO TO'),
	(1555,1,77,NULL,NULL,NULL,'2015-06-24 13:09:43','2015-06-20',NULL,6.35,6.35,NULL,NULL,'COMPRA CARTAO MAESTRO 20/06 BRAPPAS'),
	(1556,1,44,NULL,NULL,NULL,'2015-06-24 13:10:12','2015-06-22',NULL,20.00,20.00,NULL,NULL,'TRANSF VALOR P/ CONTA DIF TITULAR PARA: 0816.01.000681-5\n\nmega sena'),
	(1557,1,41,NULL,NULL,6,'2015-06-24 13:11:07','2015-06-20',NULL,56.00,56.00,NULL,NULL,'CINEMARK 718 TAGUATING	, dragon ball z'),
	(1558,1,41,NULL,NULL,7,'2015-06-24 13:12:33','2015-06-18',NULL,19.53,19.53,NULL,NULL,'INGRESSO.COM\ndragon ball z'),
	(1559,1,78,NULL,NULL,7,'2015-06-24 13:13:36','2015-06-13',NULL,51.18,51.18,NULL,NULL,'ECOMMERCE*SONYPLAY\nstreet fighter ps4'),
	(1560,1,20,NULL,NULL,NULL,'2015-06-29 07:49:13','2015-06-26',NULL,16.41,16.41,NULL,NULL,'COMPRA CARTAO MAESTRO 26/06 SUPERCEI'),
	(1561,1,20,NULL,NULL,NULL,'2015-06-29 07:49:38','2015-06-28',NULL,33.93,33.93,NULL,NULL,'COMPRA CARTAO MAESTRO 28/06 SUPERMERCADO TO'),
	(1562,1,26,NULL,NULL,6,'2015-06-29 14:16:09','2015-06-29',NULL,147.19,147.19,NULL,NULL,'580km\n41,6L\n13,95km/L'),
	(1563,1,20,NULL,NULL,NULL,'2015-07-06 08:02:02','2015-07-03',NULL,35.14,35.14,NULL,NULL,'COMPRA CARTAO MAESTRO 04/07 SUPERMERCADO TO'),
	(1564,1,20,NULL,NULL,NULL,'2015-07-06 08:02:30','2015-07-05',NULL,42.15,42.15,NULL,NULL,'COMPRA CARTAO MAESTRO 05/07 SUPERMERCADO TO\ncerva'),
	(1565,1,76,NULL,NULL,6,'2015-07-06 08:05:27','2015-07-06','2015-07-10',186.60,56.00,NULL,NULL,'...'),
	(1566,1,76,NULL,NULL,7,'2015-07-06 08:06:46','2015-07-06','2015-07-10',644.84,674.36,NULL,NULL,'...'),
	(1567,1,63,NULL,21,NULL,'2015-07-06 08:09:27','2015-07-06',NULL,1193.89,1189.08,NULL,NULL,'...'),
	(1568,1,10,14,NULL,NULL,'2015-07-06 08:11:38','2015-07-06',NULL,222.24,212.34,NULL,NULL,NULL),
	(1569,1,63,NULL,309,NULL,'2015-07-06 08:13:05','2015-07-06',NULL,643.00,643.00,NULL,NULL,NULL),
	(1570,1,63,NULL,261,NULL,'2015-07-06 08:13:14','2015-07-06',NULL,561.00,561.00,NULL,NULL,NULL),
	(1571,1,75,13,NULL,NULL,'2015-07-06 08:14:14','2015-07-06',NULL,500.00,500.00,NULL,NULL,NULL),
	(1572,1,12,10,NULL,NULL,'2015-07-06 08:17:02','2015-07-06',NULL,54.61,58.39,NULL,NULL,NULL),
	(1573,1,78,32,NULL,NULL,'2015-07-06 08:18:40','2015-07-06',NULL,94.70,94.70,NULL,NULL,NULL),
	(1574,1,50,NULL,NULL,NULL,'2015-07-06 08:19:48','2015-07-06',NULL,5791.93,5791.93,NULL,NULL,'sal√°rio indra'),
	(1575,1,26,NULL,NULL,NULL,'2015-07-09 08:30:41','2015-07-08',NULL,112.33,112.33,NULL,NULL,'41,78 litros de alcool\n600 km rodados\n14km/l\nabastecido anteriormente com gasolina'),
	(1576,1,20,NULL,NULL,NULL,'2015-07-09 08:31:21','2015-07-08',NULL,51.16,51.16,NULL,NULL,'compra no p√£o de a√ß√∫car\n\n√¥ lugar caro'),
	(1577,1,14,11,NULL,NULL,'2015-07-13 16:11:41','2015-07-10',NULL,127.50,127.50,NULL,NULL,'fgfdg'),
	(1578,1,15,12,NULL,NULL,'2015-07-13 16:12:08','2015-07-10',NULL,104.80,49.16,NULL,NULL,'bb'),
	(1579,1,32,NULL,NULL,6,'2015-07-13 16:13:53','2015-07-13',NULL,354.70,354.70,NULL,NULL,'2 cx de ritalina'),
	(1580,1,32,NULL,NULL,6,'2015-07-13 16:14:28','2015-07-13',NULL,116.58,116.58,NULL,NULL,'rem√©dio p/ ansiedade'),
	(1581,1,20,NULL,NULL,NULL,'2015-07-15 08:22:35','2015-07-14',NULL,107.19,107.19,NULL,NULL,'compras b√°sicas'),
	(1582,1,43,NULL,NULL,6,'2015-07-15 08:23:07','2015-07-15',NULL,68.01,68.01,NULL,NULL,'camisa do megaman'),
	(1583,1,26,NULL,NULL,NULL,'2015-07-17 08:14:23','2015-07-15',NULL,113.20,113.20,NULL,NULL,'42L √°lcool\n430km\n10,23km/l'),
	(1584,1,20,NULL,NULL,NULL,'2015-07-17 08:15:00','2015-07-15',NULL,28.40,28.40,NULL,NULL,'COMPRA CARTAO MAESTRO 15/07 SUPERMERCADO TO'),
	(1585,1,20,NULL,NULL,NULL,'2015-07-17 08:15:21','2015-07-15',NULL,11.12,11.12,NULL,NULL,'COMPRA CARTAO MAESTRO 15/07 SUPERMERCADO TO'),
	(1586,1,33,NULL,NULL,NULL,'2015-07-17 11:38:45','2015-07-17',NULL,300.00,300.00,NULL,NULL,'pagamento do empr√©stimo utilizado para pagar  a Consulta com o Reumatologista'),
	(1587,1,20,NULL,NULL,NULL,'2015-07-20 07:41:58','2015-07-18',NULL,123.30,123.30,NULL,NULL,'4cx antarctica\n2cx carv√£o\ncopos e cigarro'),
	(1588,1,20,NULL,NULL,NULL,'2015-07-20 07:42:36','2015-07-18',NULL,116.55,116.55,NULL,NULL,'2 pe√ßas de picanha\ndiversos'),
	(1589,1,24,NULL,NULL,NULL,'2015-07-20 07:43:42','2015-07-18',NULL,40.48,40.48,NULL,NULL,'sandra'),
	(1590,1,20,NULL,NULL,NULL,'2015-07-20 07:44:07','2015-07-19',NULL,46.16,46.16,NULL,NULL,'compras p/ churrasco'),
	(1591,1,26,NULL,NULL,NULL,'2015-07-22 08:01:17','2015-07-20',NULL,115.80,115.80,NULL,NULL,'468km\n43l √°lcool'),
	(1592,1,25,NULL,NULL,NULL,'2015-07-27 07:27:05','2015-07-26',NULL,11.00,11.00,NULL,NULL,'red bull'),
	(1593,1,77,NULL,NULL,NULL,'2015-07-27 07:27:32','2015-07-26',NULL,6.96,6.96,NULL,NULL,'tagua shopping'),
	(1594,1,41,NULL,NULL,7,'2015-07-27 07:30:17','2015-07-23',NULL,34.50,34.50,NULL,NULL,'cine com a  leidi mara'),
	(1595,1,20,NULL,NULL,6,'2015-07-27 07:31:29','2015-07-25',NULL,61.58,61.58,NULL,NULL,'compras para casa'),
	(1596,1,21,NULL,NULL,6,'2015-07-27 07:34:49','2015-07-25',NULL,63.11,63.11,NULL,NULL,'carne para fazer espetinhos para a festa junina'),
	(1597,1,26,NULL,NULL,6,'2015-07-27 07:35:47','2015-07-25',NULL,136.47,136.47,NULL,NULL,'450km\n38,7L de gasolina'),
	(1598,1,24,NULL,NULL,6,'2015-07-28 19:00:09','2015-07-26',NULL,25.00,25.00,NULL,NULL,'MC DONALDS TAS'),
	(1599,1,32,NULL,NULL,6,'2015-07-28 19:01:03','2015-07-26',NULL,29.65,29.65,NULL,NULL,'DROGASIL 440\nmaxsulid'),
	(1600,1,24,NULL,NULL,6,'2015-07-30 13:30:28','2015-07-30',NULL,23.14,23.14,NULL,NULL,'almo√ßo com boss'),
	(1601,1,26,NULL,NULL,6,'2015-07-31 20:24:29','2015-07-31',NULL,141.10,141.10,NULL,NULL,'563km\n39,9L\n14,14 km/L'),
	(1602,1,44,NULL,NULL,6,'2015-08-02 20:24:38','2015-08-02',NULL,79.99,79.99,NULL,NULL,'brinquedo para o filho do toin'),
	(1603,1,44,NULL,NULL,6,'2015-08-04 07:53:34','2015-08-04',NULL,74.45,74.45,NULL,NULL,'camiseta do vegeta'),
	(1604,1,44,NULL,NULL,6,'2015-08-04 21:58:09','2015-08-04',NULL,99.99,99.99,NULL,NULL,'presente do miguel'),
	(1605,1,75,13,NULL,NULL,'2015-08-06 07:26:17','2015-08-06',NULL,500.00,500.00,NULL,NULL,NULL),
	(1606,1,63,NULL,310,NULL,'2015-08-06 07:27:44','2015-08-06',NULL,643.00,643.00,NULL,NULL,NULL),
	(1607,1,63,NULL,262,NULL,'2015-08-06 07:27:53','2015-08-06',NULL,561.00,561.00,NULL,NULL,NULL),
	(1608,1,76,NULL,NULL,6,'2015-08-06 07:28:43','2015-08-06','2015-08-10',733.67,509.13,NULL,NULL,NULL),
	(1609,1,76,NULL,NULL,7,'2015-08-06 07:29:15','2015-08-06','2015-08-10',506.67,497.05,NULL,NULL,NULL),
	(1610,1,10,14,NULL,NULL,'2015-08-06 07:36:57','2015-08-06',NULL,287.24,214.04,NULL,NULL,NULL),
	(1611,1,50,NULL,NULL,NULL,'2015-08-06 07:37:54','2015-08-06',NULL,5885.98,5885.98,NULL,NULL,'CREDITO DE SALARIO INDRA BRAS 01645738000179'),
	(1612,1,20,NULL,NULL,NULL,'2015-08-06 07:38:40','2015-08-04',NULL,27.67,27.67,NULL,NULL,'COMPRA CARTAO MAESTRO 04/08 SUPERMERCADO BI'),
	(1613,1,24,NULL,NULL,6,'2015-08-06 07:44:21','2015-07-31',NULL,39.49,39.49,NULL,NULL,'PEIXE NA REDE'),
	(1614,1,20,NULL,NULL,6,'2015-08-06 07:45:54','2015-08-02',NULL,36.17,36.17,NULL,NULL,'SUPERMERCADO PRA VOCE'),
	(1615,1,63,NULL,22,6,'2015-08-06 07:47:36','2015-08-06',NULL,1192.20,1192.20,NULL,NULL,'PGTO TITULO CAIXA'),
	(1616,1,26,NULL,NULL,NULL,'2015-08-10 14:55:02','2015-08-08',NULL,147.97,147.97,NULL,NULL,'637km\n42 litros de gasolina'),
	(1617,1,32,NULL,NULL,NULL,'2015-08-10 14:56:12','2015-08-09',NULL,17.00,17.00,NULL,NULL,'xarope anti-al√©rgico'),
	(1618,1,20,NULL,NULL,NULL,'2015-08-10 14:58:57','2015-08-09',NULL,22.73,22.73,NULL,NULL,'diversos em braz'),
	(1619,1,20,NULL,NULL,NULL,'2015-08-10 14:59:33','2015-08-10',NULL,6.98,6.98,NULL,NULL,'tafman no oba hortifruti'),
	(1620,1,12,10,NULL,NULL,'2015-08-10 15:00:35','2015-08-10',NULL,17.13,57.30,NULL,NULL,'m√™s anterior paguei sem querer'),
	(1621,1,14,11,NULL,NULL,'2015-08-10 15:01:10','2015-08-10',NULL,127.50,127.50,NULL,NULL,NULL),
	(1622,1,44,NULL,NULL,6,'2015-08-10 15:03:23','2015-08-05',NULL,30.00,30.00,NULL,NULL,'complemento do brinquedo'),
	(1623,1,20,NULL,NULL,NULL,'2015-08-10 21:03:08','2015-08-10',NULL,32.24,32.24,NULL,NULL,'salsicha em lata, molho de tomate, amaciante'),
	(1624,1,32,NULL,NULL,NULL,'2015-08-10 21:04:01','2015-08-10',NULL,43.55,43.55,NULL,NULL,'anti inflamatorio maxsulid, anti alergico e fio dental.'),
	(1625,1,22,NULL,NULL,NULL,'2015-08-12 16:40:22','2015-08-11',NULL,120.35,120.35,NULL,NULL,'caf√© no sicoob'),
	(1626,1,24,NULL,NULL,NULL,'2015-08-12 16:40:43','2015-08-11',NULL,48.75,48.75,NULL,NULL,'almo√ßo com chefe'),
	(1627,1,26,NULL,NULL,NULL,'2015-08-15 08:57:14','2015-08-15',NULL,145.13,145.13,NULL,NULL,'42,1 litros de gasolina \n588km'),
	(1628,1,20,NULL,NULL,NULL,'2015-08-15 08:59:03','2015-08-15',NULL,19.51,19.51,NULL,NULL,'p√£es \noutros'),
	(1629,1,25,NULL,NULL,NULL,'2015-08-21 16:58:46','2015-08-20',NULL,15.00,15.00,NULL,NULL,'cachorro quente mangueiral'),
	(1630,1,26,NULL,NULL,NULL,'2015-08-24 07:43:36','2015-08-23',NULL,146.72,146.72,NULL,NULL,'627km\n40,75L de gasolina\n\nCOMPRA CARTAO MAESTRO 23/08 MORRO AZUL C PE'),
	(1631,1,32,NULL,NULL,NULL,'2015-08-24 07:44:42','2015-08-22',NULL,26.69,26.69,NULL,NULL,'maxsulid\nCOMPRA CARTAO MAESTRO 22/08 DROGARIA ROSARI'),
	(1632,1,20,NULL,NULL,NULL,'2015-08-24 07:45:35','2015-08-21',NULL,25.97,25.97,NULL,NULL,'COMPRA CARTAO MAESTRO 21/08 SUPERMERCADO PR'),
	(1633,1,20,NULL,NULL,NULL,'2015-08-24 07:46:04','2015-08-23',NULL,17.10,17.10,NULL,NULL,'COMPRA CARTAO MAESTRO 23/08 SUPERMERCADO TO'),
	(1634,1,20,NULL,NULL,NULL,'2015-08-24 07:46:27','2015-08-23',NULL,29.19,29.19,NULL,NULL,'COMPRA CARTAO MAESTRO 23/08 SUPERMERCADO TO'),
	(1635,1,24,NULL,NULL,NULL,'2015-08-31 14:05:50','2015-08-26',NULL,15.00,15.00,NULL,NULL,'COMPRA CARTAO MAESTRO 26/08 RJ LANCHES	004869\n\n3 cachorros quentes'),
	(1636,1,44,NULL,NULL,NULL,'2015-08-31 14:06:27','2015-08-27',NULL,32.00,32.00,NULL,NULL,'TRANSF VALOR P/ CONTA DIF TITULAR PARA: 0816.01.000681-5\n\nbol√£o da loteria'),
	(1637,1,24,NULL,NULL,NULL,'2015-08-31 14:07:05','2015-08-27',NULL,20.00,20.00,NULL,NULL,'COMPRA CARTAO MAESTRO 27/08 RJ LANCHES	245569\n4 cachorros quentes'),
	(1638,1,20,NULL,NULL,NULL,'2015-08-31 14:07:49','2015-08-30',NULL,11.55,11.55,NULL,NULL,'COMPRA CARTAO MAESTRO 30/08 SUPERMERCADO PR	434769'),
	(1639,1,32,NULL,NULL,NULL,'2015-08-31 14:08:31','2015-08-30',NULL,29.64,29.64,NULL,NULL,'COMPRA CARTAO MAESTRO 30/08 DROGARIA ECONOM	504469\nmaxsulid'),
	(1640,1,24,NULL,NULL,NULL,'2015-08-31 14:09:14','2015-08-29',NULL,20.00,20.00,NULL,NULL,'3 sanduiches em braz'),
	(1641,1,44,NULL,NULL,6,'2015-09-01 08:02:49','2015-08-28',NULL,0.00,19.00,NULL,NULL,'MERCADOPAGO*MLIVRE\nLivro Trabalho Ordin√°rio Gra√ßa Extraordin√°ria Scott Hahn'),
	(1642,1,44,NULL,NULL,6,'2015-09-01 08:05:25','2015-08-28',NULL,0.00,28.25,NULL,NULL,'MERCADOPAGO*MLIVRE\nSenhor, Tem Piedade De Mim'),
	(1643,1,44,NULL,NULL,6,'2015-09-01 08:06:29','2015-08-28',NULL,0.00,74.26,NULL,NULL,'MOIP*ESTANTEVIRT\nSalve, Santa Rainha - a M√£e de Deus na Palavra de Deus \nScott Hahn\n2015 \n \n \nRaz√µes para Crer - Como Entender, Explicar e Defender a F√© Cat√≥lica \nScott Hahn'),
	(1644,1,20,NULL,NULL,6,'2015-09-01 08:07:40','2015-08-30',NULL,0.00,199.78,NULL,NULL,'EXTRA SUDOESTE 1355'),
	(1645,1,26,NULL,NULL,6,'2015-09-04 08:56:41','2015-09-02',NULL,143.95,143.95,NULL,NULL,'583km\n40,70L'),
	(1646,1,63,NULL,311,NULL,'2015-09-04 09:16:52','2015-09-04',NULL,643.00,643.00,NULL,NULL,NULL),
	(1647,1,63,NULL,263,NULL,'2015-09-04 09:17:07','2015-09-04',NULL,561.00,561.00,NULL,NULL,NULL),
	(1648,1,75,13,NULL,NULL,'2015-09-04 09:17:17','2015-09-04',NULL,500.00,500.00,NULL,NULL,NULL),
	(1650,1,12,10,NULL,NULL,'2015-09-04 09:20:34','2015-09-08',NULL,62.85,43.34,NULL,NULL,NULL),
	(1651,1,14,11,NULL,NULL,'2015-09-04 09:21:10','2015-09-10',NULL,127.50,127.50,NULL,NULL,NULL),
	(1652,1,15,12,NULL,NULL,'2015-09-04 09:21:38','2015-09-10',NULL,104.80,73.74,NULL,NULL,NULL),
	(1653,1,10,14,NULL,NULL,'2015-09-04 09:27:59','2015-09-04',NULL,213.91,239.81,NULL,NULL,NULL),
	(1654,1,76,NULL,NULL,7,'2015-09-04 09:28:24','2015-09-04','2015-09-10',44.12,0.00,NULL,NULL,NULL),
	(1655,1,48,15,NULL,NULL,'2015-09-04 09:29:01','2015-09-10',NULL,50.00,0.00,NULL,NULL,NULL),
	(1656,1,50,NULL,NULL,NULL,'2015-09-04 09:29:43','2015-09-04',NULL,5813.93,5813.93,NULL,NULL,NULL),
	(1657,1,76,NULL,NULL,6,'2015-09-04 09:59:07','2015-09-04','2015-09-10',2245.08,2209.69,NULL,NULL,NULL),
	(1658,1,63,NULL,23,6,'2015-09-04 10:09:32','2015-09-04',NULL,1195.44,1195.44,NULL,NULL,'n/a'),
	(1659,1,20,NULL,NULL,NULL,'2015-09-08 07:32:58','2015-09-05',NULL,98.14,98.14,NULL,NULL,'salm√£o para a lilian'),
	(1660,1,20,NULL,NULL,NULL,'2015-09-08 07:33:46','2015-09-05',NULL,45.02,45.02,NULL,NULL,'compras para o almo√ßo do niver'),
	(1661,1,25,NULL,NULL,NULL,'2015-09-08 07:34:24','2015-09-05',NULL,11.00,11.00,NULL,NULL,'redbull'),
	(1662,1,24,NULL,NULL,NULL,'2015-09-08 07:35:02','2015-09-05',NULL,39.50,39.50,NULL,NULL,'lanche com a iza'),
	(1663,1,20,NULL,NULL,NULL,'2015-09-08 07:35:30','2015-09-06',NULL,22.44,22.44,NULL,NULL,'caf√© da manh√£'),
	(1664,1,20,NULL,NULL,NULL,'2015-09-08 07:36:10','2015-09-07',NULL,18.05,18.05,NULL,NULL,'strogonoff'),
	(1665,1,28,NULL,NULL,6,'2015-09-11 15:17:28','2015-09-08',NULL,853.00,853.00,NULL,NULL,'revis√£o na nissan premier'),
	(1666,1,32,NULL,NULL,NULL,'2015-09-11 15:17:59','2015-09-10',NULL,36.00,36.00,NULL,NULL,'azulzinha'),
	(1667,1,26,NULL,NULL,NULL,'2015-09-11 15:19:57','2015-09-10',NULL,152.06,152.06,NULL,NULL,'608km\n43L'),
	(1668,1,20,NULL,NULL,NULL,'2015-09-11 15:21:26','2015-09-10',NULL,18.48,18.48,NULL,NULL,'ovos,sucos..etc'),
	(1669,1,20,NULL,NULL,NULL,'2015-09-15 08:48:06','2015-09-11',NULL,27.90,27.90,NULL,NULL,'cerva stella para beber com ernane'),
	(1670,1,32,NULL,NULL,NULL,'2015-09-15 08:48:40','2015-09-12',NULL,38.44,38.44,NULL,NULL,'maxsulid e outro'),
	(1671,1,20,NULL,NULL,NULL,'2015-09-15 08:49:29','2015-09-12',NULL,25.39,25.39,NULL,NULL,'bife figado e outros'),
	(1672,1,24,NULL,NULL,NULL,'2015-09-15 20:17:46','2015-09-15',NULL,13.73,13.73,NULL,NULL,'almo√ßo com boss'),
	(1673,1,20,NULL,NULL,NULL,'2015-09-15 20:18:08','2015-09-15',NULL,11.14,11.14,NULL,NULL,'diversos'),
	(1674,1,24,NULL,NULL,NULL,'2015-09-21 07:40:30','2015-09-16',NULL,20.00,20.00,NULL,NULL,'cachorro quente mangueiral'),
	(1675,1,24,NULL,NULL,NULL,'2015-09-21 07:40:58','2015-09-17',NULL,15.00,15.00,NULL,NULL,'cachorro quente mangueiral'),
	(1676,1,24,NULL,NULL,NULL,'2015-09-21 07:41:46','2015-09-18',NULL,33.95,33.95,NULL,NULL,'churrasquinho'),
	(1677,1,24,NULL,NULL,NULL,'2015-09-21 07:42:21','2015-09-19',NULL,39.05,39.05,NULL,NULL,'churrasquinho'),
	(1678,1,24,NULL,NULL,NULL,'2015-09-21 07:42:43','2015-09-20',NULL,11.25,11.25,NULL,NULL,'red bull'),
	(1679,1,26,NULL,NULL,NULL,'2015-09-21 07:43:31','2015-09-20',NULL,133.06,133.06,NULL,NULL,'540km\n37,8l'),
	(1680,1,20,NULL,NULL,NULL,'2015-09-21 07:44:08','2015-09-20',NULL,39.49,39.49,NULL,NULL,'hamburguer,queijo'),
	(1681,1,24,NULL,NULL,NULL,'2015-09-21 07:44:27','2015-09-20',NULL,20.00,20.00,NULL,NULL,'cachorro quente mangueiral'),
	(1682,1,32,NULL,NULL,6,'2015-09-21 07:46:30','2015-09-21',NULL,354.70,354.70,NULL,NULL,'2x ritalina'),
	(1683,727,10,NULL,NULL,NULL,'2015-09-22 11:21:44','2015-10-10',NULL,549.00,549.00,NULL,NULL,NULL),
	(1684,727,50,NULL,NULL,NULL,'2015-09-22 11:24:39','2015-10-06',NULL,15000.00,15000.00,NULL,NULL,'pagamento GDF'),
	(1685,727,9,NULL,NULL,NULL,'2015-09-22 11:28:24','2015-10-23',NULL,3020.00,3020.00,NULL,NULL,'parcela do apto'),
	(1686,727,12,NULL,NULL,NULL,'2015-09-22 11:29:39','2015-10-23',NULL,80.00,80.00,NULL,NULL,'CEB'),
	(1687,727,50,45,NULL,NULL,'2015-09-22 11:35:50','2015-09-22',NULL,15000.00,0.00,NULL,NULL,NULL),
	(1688,727,9,44,NULL,NULL,'2015-09-22 11:36:05','2015-09-22',NULL,3020.00,0.00,NULL,NULL,NULL),
	(1689,1,24,NULL,NULL,NULL,'2015-09-22 16:01:03','2015-09-22',NULL,18.96,18.96,NULL,NULL,'almo√ßo com boss'),
	(1690,1,44,NULL,NULL,7,'2015-09-22 16:02:00','2015-09-21',NULL,28.91,28.91,NULL,NULL,'√°lbum solo do david gilmour'),
	(1691,1,44,NULL,NULL,NULL,'2015-09-23 12:51:20','2015-09-23',NULL,14.00,14.00,NULL,NULL,'mega sena'),
	(1692,1,24,NULL,NULL,NULL,'2015-09-24 15:43:37','2015-09-23',NULL,10.00,10.00,NULL,NULL,'cachorro quente no mangueiral'),
	(1693,1,81,NULL,NULL,6,'2015-09-24 15:50:50','2015-09-11',NULL,2010.00,2010.00,NULL,NULL,'SITE INGRESSORAPIDO.COM\nhttp://www.ingressorapido.com.br/Evento.aspx?ID=43491\n\nduas entradas\nPista Premium | Int.\nValor:R$ 850,00 x2\nConveni√™ncia:R$ 145,00 x2\n\nShow: David Gilmour\nLocal: Allianz Parque\nRua Turia√ßu, 1800 - ,S√£o Paulo/SP'),
	(1694,1,24,NULL,NULL,NULL,'2015-09-28 07:40:24','2015-09-26',NULL,17.30,17.30,NULL,NULL,'shopping  √°guas lindas'),
	(1695,1,41,NULL,NULL,NULL,'2015-09-28 07:41:36','2015-09-26',NULL,32.00,32.00,NULL,NULL,'shopping  √°guas lindas'),
	(1696,1,24,NULL,NULL,NULL,'2015-09-28 07:42:05','2015-09-26',NULL,18.40,18.40,NULL,NULL,'pizza'),
	(1697,1,41,NULL,NULL,NULL,'2015-09-28 07:42:52','2015-09-26',NULL,25.00,25.00,NULL,NULL,'shopping  √°guas lindas\nfichas nos brinquedos'),
	(1698,1,32,NULL,NULL,NULL,'2015-09-28 07:43:30','2015-09-26',NULL,27.00,27.00,NULL,NULL,'maxsulid'),
	(1699,1,20,NULL,NULL,NULL,'2015-09-28 07:43:55','2015-09-27',NULL,6.28,6.28,NULL,NULL,'sucos'),
	(1700,1,26,NULL,NULL,NULL,'2015-09-28 07:44:59','2015-09-27',NULL,141.15,141.15,NULL,NULL,'550km\n40 litros'),
	(1701,1,20,NULL,NULL,6,'2015-09-28 07:50:25','2015-09-27',NULL,41.00,41.00,NULL,NULL,'cervas e refris'),
	(1702,1,20,NULL,NULL,6,'2015-10-06 07:36:11','2015-10-04',NULL,52.72,52.72,NULL,NULL,'arroz, etc'),
	(1703,1,24,NULL,NULL,6,'2015-10-06 07:36:55','2015-10-03',NULL,15.00,15.00,NULL,NULL,'cachorro  quente mangueiral'),
	(1704,1,44,NULL,NULL,6,'2015-10-06 07:38:41','2015-09-29',NULL,83.45,83.45,NULL,NULL,'camisa  leo'),
	(1705,1,20,NULL,NULL,6,'2015-10-06 07:39:31','2015-10-03',NULL,15.45,15.45,NULL,NULL,'cerva'),
	(1706,1,63,NULL,264,NULL,'2015-10-06 13:42:13','2015-10-06',NULL,561.00,561.00,NULL,NULL,NULL),
	(1707,1,63,NULL,312,NULL,'2015-10-06 13:42:27','2015-10-06',NULL,643.00,643.00,NULL,NULL,NULL),
	(1708,1,75,13,NULL,NULL,'2015-10-06 13:42:36','2015-10-06',NULL,500.00,500.00,NULL,NULL,NULL),
	(1709,1,78,32,NULL,NULL,'2015-10-06 13:42:47','2015-10-06',NULL,94.70,94.70,NULL,NULL,NULL),
	(1710,1,76,NULL,NULL,7,'2015-10-06 13:43:09','2015-10-06','2015-10-10',88.45,28.91,NULL,NULL,NULL),
	(1711,1,29,NULL,NULL,NULL,'2015-10-06 13:44:56','2015-10-06',NULL,1426.08,1426.08,NULL,NULL,'ipva, licenciamento e seguro obrigat√≥rio'),
	(1712,1,50,NULL,NULL,NULL,'2015-10-06 13:45:47','2015-10-06',NULL,8748.94,8748.94,NULL,NULL,'sal√°rio com retroativo do aumento.'),
	(1713,1,12,10,NULL,NULL,'2015-10-08 07:27:45','2015-10-08',NULL,73.00,44.86,NULL,NULL,NULL),
	(1714,1,77,NULL,NULL,NULL,'2015-10-08 07:29:46','2015-10-06',NULL,4.68,4.68,NULL,NULL,'conjunto nacional'),
	(1715,1,24,NULL,NULL,NULL,'2015-10-08 07:30:22','2015-10-07',NULL,24.00,24.00,NULL,NULL,'brinquedos no mac'),
	(1716,1,77,NULL,NULL,NULL,'2015-10-08 07:30:51','2015-10-07',NULL,11.50,11.50,NULL,NULL,'taguatinga shopping'),
	(1717,1,79,NULL,NULL,6,'2015-10-08 07:32:05','2015-10-06',NULL,1542.00,1542.00,NULL,NULL,'ar condicionado na ricardo eletro'),
	(1718,1,10,14,NULL,NULL,'2015-10-08 15:25:30','2015-10-08',NULL,289.71,241.13,NULL,NULL,NULL),
	(1719,1,14,11,NULL,NULL,'2015-10-13 07:22:35','2015-10-13',NULL,127.50,127.50,NULL,NULL,NULL),
	(1720,1,15,12,NULL,NULL,'2015-10-13 07:22:49','2015-10-13',NULL,104.80,104.80,NULL,NULL,NULL),
	(1721,1,48,15,NULL,NULL,'2015-10-13 07:23:25','2015-10-08',NULL,50.00,50.00,NULL,NULL,NULL),
	(1722,1,26,NULL,NULL,NULL,'2015-10-13 07:25:04','2015-10-08',NULL,158.39,158.39,NULL,NULL,'600km\n42,8L'),
	(1723,1,20,NULL,NULL,NULL,'2015-10-13 07:25:30','2015-10-08',NULL,58.02,58.02,NULL,NULL,NULL),
	(1724,1,25,NULL,NULL,NULL,'2015-10-13 07:26:03','2015-10-08',NULL,15.00,15.00,NULL,NULL,'cachorro quente mangueiral'),
	(1725,1,20,NULL,NULL,NULL,'2015-10-13 07:27:01','2015-10-09',NULL,129.74,129.74,NULL,NULL,'3 cx antarctica\n4 cx sucos\noutros\npara levar pra serra da mesa'),
	(1726,1,24,NULL,NULL,NULL,'2015-10-13 07:27:56','2015-10-09',NULL,20.00,20.00,NULL,NULL,'sanduiches'),
	(1727,1,25,NULL,NULL,NULL,'2015-10-13 07:29:19','2015-10-10',NULL,57.50,57.50,NULL,NULL,'colete do miguel e lanternas e pilhas'),
	(1728,1,25,NULL,NULL,NULL,'2015-10-13 07:29:48','2015-10-10',NULL,11.50,11.50,NULL,NULL,'lanches'),
	(1729,1,26,NULL,NULL,NULL,'2015-10-13 07:30:34','2015-10-12',NULL,145.00,145.00,NULL,NULL,'484km\n39,5L'),
	(1730,1,25,NULL,NULL,NULL,'2015-10-16 07:57:44','2015-10-14',NULL,26.00,26.00,NULL,NULL,'cachorro quente mangueiral'),
	(1731,1,26,NULL,NULL,NULL,'2015-10-16 07:59:03','2015-10-15',NULL,146.02,146.02,NULL,NULL,'572km\n39,7L'),
	(1732,1,20,NULL,NULL,NULL,'2015-10-16 07:59:36','2015-10-15',NULL,13.20,13.20,NULL,NULL,'compras mangueiral'),
	(1733,1,25,NULL,NULL,NULL,'2015-10-16 07:59:50','2015-10-15',NULL,15.00,15.00,NULL,NULL,'cachorro quente mangueiral'),
	(1734,1,77,NULL,NULL,NULL,'2015-10-25 14:13:58','2015-10-16',NULL,4.55,4.55,NULL,NULL,'conjunto'),
	(1735,1,44,NULL,NULL,NULL,'2015-10-25 14:15:02','2015-10-16',NULL,66.09,66.09,NULL,NULL,'leroy merlin\nextens√£o, ferramentas...'),
	(1736,1,25,NULL,NULL,NULL,'2015-10-25 14:15:35','2015-10-16',NULL,15.00,15.00,NULL,NULL,'cachorro quente mangueiral'),
	(1737,1,20,NULL,NULL,NULL,'2015-10-25 14:16:12','2015-10-17',NULL,21.29,21.29,NULL,NULL,'tokyo'),
	(1738,1,20,NULL,NULL,NULL,'2015-10-25 14:16:40','2015-10-20',NULL,51.54,51.54,NULL,NULL,'tokyo'),
	(1739,1,20,NULL,NULL,NULL,'2015-10-25 14:17:08','2015-10-21',NULL,13.39,13.39,NULL,NULL,'tokyo'),
	(1740,1,25,NULL,NULL,NULL,'2015-10-25 14:17:31','2015-10-21',NULL,15.00,15.00,NULL,NULL,'cachorro quente mangueiral'),
	(1741,1,20,NULL,NULL,NULL,'2015-10-25 14:19:27','2015-10-22',NULL,25.45,25.45,NULL,NULL,'almo√ßo no spolleto sudoeste'),
	(1742,1,25,NULL,NULL,NULL,'2015-10-25 14:20:04','2015-10-22',NULL,31.00,31.00,NULL,NULL,'cachorro quente mangueiral  lika'),
	(1743,1,44,NULL,NULL,NULL,'2015-10-25 14:20:34','2015-10-24',NULL,40.45,40.45,NULL,NULL,'presente alice'),
	(1744,1,26,NULL,NULL,NULL,'2015-10-25 14:21:27','2015-10-24',NULL,135.42,135.42,NULL,NULL,'483km\n36,6L'),
	(1745,1,20,NULL,NULL,NULL,'2015-10-25 14:21:56','2015-10-24',NULL,9.64,9.64,NULL,NULL,'suco e refri'),
	(1746,1,20,NULL,NULL,NULL,'2015-10-25 14:22:48','2015-10-24',NULL,49.24,49.24,NULL,NULL,'compras diversas em s√£o sebasti√£o'),
	(1747,1,25,NULL,NULL,NULL,'2015-10-25 14:23:04','2015-10-24',NULL,15.00,15.00,NULL,NULL,'cachorro quente mangueiral'),
	(1748,1,32,NULL,NULL,NULL,'2015-10-25 14:27:58','2015-10-10',NULL,39.00,39.00,NULL,NULL,'protetor solar'),
	(1749,1,44,NULL,NULL,6,'2015-10-25 14:28:59','2015-10-16',NULL,1980.00,1980.00,NULL,NULL,'ar condicionado na leroy merlin'),
	(1754,1,76,NULL,NULL,6,'2015-10-25 15:22:42','2015-10-06','2015-10-10',2782.16,3739.99,NULL,NULL,'dividida'),
	(1755,1,63,NULL,24,6,'2015-10-25 15:33:29','2015-10-06',NULL,1200.78,1200.78,NULL,NULL,''),
	(1756,1,24,NULL,NULL,NULL,'2015-10-29 07:22:50','2015-10-26',NULL,17.49,17.49,NULL,NULL,'reuni√£o com h√©lio'),
	(1757,1,26,NULL,NULL,NULL,'2015-11-04 07:38:06','2015-11-03',NULL,147.27,147.27,NULL,NULL,'559km\n147,27litros de gasolina'),
	(1758,1,24,NULL,NULL,NULL,'2015-11-04 07:39:10','2015-10-30',NULL,18.06,18.06,NULL,NULL,'almo√ßo com boss'),
	(1759,1,20,NULL,NULL,NULL,'2015-11-04 07:39:56','2015-10-30',NULL,48.93,48.93,NULL,NULL,NULL),
	(1760,1,44,NULL,NULL,NULL,'2015-11-04 07:40:30','2015-10-31',NULL,54.00,54.00,NULL,NULL,'trena'),
	(1761,1,25,NULL,NULL,NULL,'2015-11-04 07:41:01','2015-10-31',NULL,15.00,15.00,NULL,NULL,'cachorro quente mangueiral'),
	(1762,1,20,NULL,NULL,NULL,'2015-11-04 07:41:46','2015-11-02',NULL,36.90,36.90,NULL,NULL,NULL),
	(1763,1,25,NULL,NULL,NULL,'2015-11-05 15:18:04','2015-11-04',NULL,15.00,15.00,NULL,NULL,'cachorro quente mangueiral'),
	(1764,1,32,NULL,NULL,NULL,'2015-11-05 15:18:23','2015-11-04',NULL,28.00,28.00,NULL,NULL,'maxsulid'),
	(1765,1,13,NULL,NULL,NULL,'2015-11-05 19:08:41','2015-08-06',NULL,25.32,25.32,NULL,NULL,NULL),
	(1766,1,76,NULL,NULL,6,'2015-11-07 10:40:20','2015-11-07','2015-11-10',3021.04,2257.50,NULL,NULL,NULL),
	(1767,1,76,NULL,NULL,7,'2015-11-07 10:41:27','2015-11-07','2015-11-10',43.76,0.00,NULL,NULL,NULL),
	(1768,1,75,13,NULL,NULL,'2015-11-07 10:43:24','2015-11-07',NULL,500.00,500.00,NULL,NULL,NULL),
	(1769,1,63,NULL,313,NULL,'2015-11-07 10:44:47','2015-11-07',NULL,643.00,643.00,NULL,NULL,NULL),
	(1770,1,63,NULL,265,NULL,'2015-11-07 10:44:56','2015-11-07',NULL,561.00,561.00,NULL,NULL,NULL),
	(1771,1,10,14,NULL,NULL,'2015-11-07 10:47:36','2015-11-07',NULL,289.71,263.62,NULL,NULL,NULL),
	(1772,1,50,NULL,NULL,NULL,'2015-11-07 10:49:30','2015-11-06',NULL,6247.11,6247.11,NULL,NULL,'CREDITO DE SALARIO INDRA BRAS 01645738000179'),
	(1773,1,20,NULL,NULL,NULL,'2015-11-07 10:50:27','2015-11-05',NULL,13.98,13.98,NULL,NULL,''),
	(1774,1,25,NULL,NULL,NULL,'2015-11-07 10:50:51','2015-11-05',NULL,10.00,10.00,NULL,NULL,'cachorro quente mangueiral'),
	(1775,1,20,NULL,NULL,NULL,'2015-11-07 10:51:25','2015-11-06',NULL,19.14,19.14,NULL,NULL,''),
	(1776,1,14,11,NULL,NULL,'2015-11-07 10:52:42','2015-11-10',NULL,129.24,127.50,NULL,NULL,NULL),
	(1777,1,15,12,NULL,NULL,'2015-11-07 10:53:05','2015-11-10',NULL,104.80,104.80,NULL,NULL,NULL),
	(1778,1,48,15,NULL,NULL,'2015-11-07 10:54:00','2015-11-10',NULL,50.00,50.00,NULL,NULL,NULL),
	(1779,1,26,NULL,NULL,NULL,'2015-11-13 08:23:13','2015-11-11',NULL,154.40,154.40,NULL,NULL,'557km\n38,6l'),
	(1780,1,44,NULL,NULL,NULL,'2015-11-13 08:25:01','2015-11-07',NULL,85.00,85.00,NULL,NULL,'brinquedo da alice'),
	(1781,1,20,NULL,NULL,NULL,'2015-11-13 08:26:32','2015-11-08',NULL,50.65,50.65,NULL,NULL,NULL),
	(1782,1,20,NULL,NULL,NULL,'2015-11-13 08:27:09','2015-11-11',NULL,13.98,13.98,NULL,NULL,'redbull'),
	(1783,1,25,NULL,NULL,NULL,'2015-11-13 08:27:51','2015-11-11',NULL,10.00,10.00,NULL,NULL,'cachorro quente'),
	(1784,1,25,NULL,NULL,NULL,'2015-11-13 08:28:11','2015-11-12',NULL,15.00,15.00,NULL,NULL,'cachorro quente'),
	(1785,1,32,NULL,NULL,NULL,'2015-11-16 08:54:59','2015-11-13',NULL,42.70,42.70,NULL,NULL,NULL),
	(1786,1,20,NULL,NULL,NULL,'2015-11-16 08:55:21','2015-11-13',NULL,34.74,34.74,NULL,NULL,NULL),
	(1787,1,44,NULL,NULL,NULL,'2015-11-16 08:56:04','2015-11-14',NULL,149.90,149.90,NULL,NULL,'presente p/ m√£e do miguel'),
	(1788,1,25,NULL,NULL,NULL,'2015-11-16 08:56:32','2015-11-14',NULL,15.00,15.00,NULL,NULL,'cachorro quente mangueiral'),
	(1789,1,20,NULL,NULL,NULL,'2015-11-16 08:57:09','2015-11-15',NULL,60.54,60.54,NULL,NULL,'itens de limpeza'),
	(1790,1,25,NULL,NULL,NULL,'2015-11-16 08:57:25','2015-11-15',NULL,15.00,15.00,NULL,NULL,'cachorro quente mangueiral'),
	(1791,1,20,NULL,NULL,NULL,'2015-11-18 08:52:29','2015-11-17',NULL,20.68,20.68,NULL,NULL,NULL),
	(1792,1,20,NULL,NULL,NULL,'2015-11-19 09:11:57','2015-11-18',NULL,13.98,13.98,NULL,NULL,'2x redbull'),
	(1793,1,26,NULL,NULL,6,'2015-11-24 07:53:43','2015-11-20',NULL,156.55,156.55,NULL,NULL,'561km\n41,3L'),
	(1794,1,20,NULL,NULL,NULL,'2015-11-24 07:54:22','2015-11-21',NULL,43.60,43.60,NULL,NULL,NULL),
	(1795,1,25,NULL,NULL,NULL,'2015-11-24 07:54:43','2015-11-21',NULL,20.00,20.00,NULL,NULL,'frango assado'),
	(1796,1,25,NULL,NULL,NULL,'2015-11-24 07:55:10','2015-11-21',NULL,15.00,15.00,NULL,NULL,'red bull'),
	(1797,1,25,NULL,NULL,NULL,'2015-11-24 07:55:39','2015-11-22',NULL,15.00,15.00,NULL,NULL,'cachorro quente mangueiral'),
	(1798,1,32,NULL,NULL,6,'2015-11-24 07:56:07','2015-11-23',NULL,338.71,338.71,NULL,NULL,'2 cx ritalina'),
	(1799,1,20,NULL,NULL,NULL,'2015-11-24 22:07:06','2015-11-24',NULL,39.63,39.63,NULL,NULL,NULL),
	(1800,1,43,NULL,NULL,6,'2015-11-24 22:07:43','2015-11-24',NULL,136.52,136.52,NULL,NULL,'camisas do dragon ball'),
	(1801,1,25,NULL,NULL,NULL,'2015-11-26 23:08:44','2015-11-26',NULL,20.00,20.00,NULL,NULL,'cachorro quente mangueiral'),
	(1802,1,20,NULL,NULL,NULL,'2015-11-26 23:09:06','2015-11-26',NULL,48.00,48.00,NULL,NULL,NULL),
	(1803,1,28,NULL,NULL,NULL,'2015-11-26 23:09:30','2015-11-26',NULL,49.00,49.00,NULL,NULL,'palhetas'),
	(1804,1,25,NULL,NULL,NULL,'2015-11-26 23:10:06','2015-11-25',NULL,15.00,15.00,NULL,NULL,'cachorro quente mangueiral'),
	(1805,1,72,NULL,NULL,NULL,'2015-11-27 11:09:23','2015-11-23',NULL,2000.00,2000.00,NULL,NULL,'pagamento parcial do freelancer do ECRM / CNI'),
	(1806,1,79,NULL,NULL,6,'2015-11-27 11:15:34','2015-11-27',NULL,1827.43,1827.43,NULL,NULL,'Extra.com.br \npedido 92846653\n\nPrazo de entrega: \nEntrega: 01\nPrazo: at√© 04/01/2016\n\nProduto: TV SMART LED UHD 4K 43 WEB OS 43UF6900 BRANCA LG\nQtde: 1\nPre√ßo unit√°rio: R$ 1.799,00\nValor total: R$ 1.799,00\n\n\nForma de pagamento:\nMastercard\nParcelas: 1 vezes de R$ 1.827,43\n\nTotal Produtos R$ 1.799,00\nTotal Descontos R$ 0,00\nTotal Frete R$ 28,43\nTotal Pedido R$ 1.827,43'),
	(1807,1,24,NULL,NULL,6,'2015-11-29 19:51:39','2015-11-27',NULL,34.98,34.98,NULL,NULL,'niver claudir'),
	(1808,1,79,NULL,NULL,6,'2015-11-29 19:52:25','2015-11-28',NULL,72.84,72.84,NULL,NULL,'modem da m√£e'),
	(1809,1,26,NULL,NULL,6,'2015-11-29 19:53:17','2015-11-28',NULL,156.68,156.68,NULL,NULL,'540km\n41,3L'),
	(1810,1,44,NULL,NULL,6,'2015-11-29 19:54:05','2015-11-28',NULL,463.05,463.05,NULL,NULL,'cadeira de escrit√≥rio e t√°bua de passar roupa'),
	(1811,1,67,NULL,NULL,NULL,'2015-12-01 08:04:16','2015-11-30',NULL,4032.03,4032.03,NULL,NULL,NULL),
	(1812,1,75,13,NULL,NULL,'2015-12-07 08:28:55','2015-12-07',NULL,500.00,500.00,NULL,NULL,NULL),
	(1813,1,63,NULL,266,NULL,'2015-12-07 08:29:10','2015-12-07',NULL,561.00,561.00,NULL,NULL,NULL),
	(1814,1,63,NULL,314,NULL,'2015-12-07 08:29:22','2015-12-07',NULL,643.00,643.00,NULL,NULL,NULL),
	(1815,1,10,14,NULL,NULL,'2015-12-07 08:32:19','2015-12-07',NULL,303.71,264.44,NULL,NULL,NULL),
	(1816,1,63,NULL,26,NULL,'2015-12-07 08:33:22','2015-12-07',NULL,1196.90,1173.34,NULL,NULL,NULL),
	(1817,1,12,10,NULL,NULL,'2015-12-07 08:34:03','2015-12-07',NULL,150.64,67.92,NULL,NULL,NULL),
	(1818,1,14,11,NULL,NULL,'2015-12-07 08:34:37','2015-12-10',NULL,186.49,128.08,NULL,NULL,NULL),
	(1819,1,15,12,NULL,NULL,'2015-12-07 08:34:56','2015-12-10',NULL,104.80,104.80,NULL,NULL,NULL),
	(1820,1,20,NULL,NULL,NULL,'2015-12-08 08:11:19','2015-12-05',NULL,29.47,29.47,NULL,NULL,NULL),
	(1821,1,20,NULL,NULL,NULL,'2015-12-08 08:11:40','2015-12-05',NULL,29.63,29.63,NULL,NULL,NULL),
	(1822,1,25,NULL,NULL,NULL,'2015-12-08 08:13:00','2015-12-07',NULL,15.00,15.00,NULL,NULL,'cachorro quente'),
	(1823,1,26,NULL,NULL,NULL,'2015-12-08 08:14:04','2015-12-08',NULL,163.27,163.27,NULL,NULL,'643km\n43L'),
	(1824,1,50,NULL,NULL,NULL,'2015-12-08 08:17:03','2015-12-04',NULL,6251.11,6251.11,NULL,NULL,'CREDITO DE SALARIO INDRA BRAS 01645738000179'),
	(1825,1,48,15,NULL,NULL,'2015-12-08 08:17:53','2015-12-10',NULL,50.00,50.00,NULL,NULL,NULL),
	(1826,1,76,NULL,NULL,7,'2015-12-08 08:18:28','2015-12-02','2015-12-10',44.12,0.00,NULL,NULL,NULL),
	(1827,1,63,NULL,25,6,'2015-11-10 08:21:06','2015-11-10',NULL,2396.84,1198.42,NULL,NULL,'PGTO TITULO CEF'),
	(1828,1,76,NULL,NULL,6,'2015-12-08 09:01:36','2015-12-08','2015-12-10',2546.06,2501.95,NULL,NULL,NULL),
	(1829,1,78,NULL,NULL,7,'2015-12-10 19:53:18','2015-12-09',NULL,375.42,375.42,NULL,NULL,'apple developer'),
	(1830,1,25,NULL,NULL,NULL,'2015-12-10 19:53:49','2015-12-09',NULL,15.00,15.00,NULL,NULL,'cachorro quente'),
	(1831,1,20,NULL,NULL,NULL,'2015-12-10 19:54:14','2015-12-09',NULL,24.15,24.15,NULL,NULL,NULL),
	(1832,1,20,NULL,NULL,NULL,'2015-12-10 19:54:38','2015-12-10',NULL,37.26,37.26,NULL,NULL,NULL),
	(1833,1,24,NULL,NULL,NULL,'2015-12-14 08:26:22','2015-12-11',NULL,20.25,20.25,NULL,NULL,'almo√ßo com o boss'),
	(1834,1,28,NULL,NULL,NULL,'2015-12-14 08:27:06','2015-12-11',NULL,160.00,160.00,NULL,NULL,'conserto do m√≥dulo audiophonic'),
	(1835,1,43,NULL,NULL,NULL,'2015-12-14 08:28:14','2015-12-11',NULL,1349.78,1349.78,NULL,NULL,'300,00 em roupas para o miguel, o resto em roupas para mim'),
	(1836,1,25,NULL,NULL,NULL,'2015-12-14 08:28:40','2015-12-12',NULL,32.80,32.80,NULL,NULL,'comida aeroporto'),
	(1837,1,81,NULL,NULL,NULL,'2015-12-14 08:30:07','2015-12-12',NULL,300.00,300.00,NULL,NULL,'custos diversos em s√£o paulo\ntaxi, comida no estadio, bebidas na rua...etc'),
	(1838,1,77,NULL,NULL,NULL,'2015-12-14 08:30:34','2015-12-13',NULL,53.00,53.00,NULL,NULL,'aeroporto'),
	(1839,1,25,NULL,NULL,NULL,'2015-12-14 08:30:58','2015-12-13',NULL,15.00,15.00,NULL,NULL,'cachorro quente'),
	(1840,1,72,NULL,NULL,NULL,'2015-12-15 08:04:09','2015-12-15',NULL,1761.30,1761.30,NULL,NULL,'RESTITUICAO IMPOSTO DE RENDA PF DOC IRPF'),
	(1841,1,25,NULL,NULL,NULL,'2015-12-15 08:04:34','2015-12-14',NULL,15.00,15.00,NULL,NULL,'cachorro quente'),
	(1842,1,42,NULL,NULL,6,'2015-12-15 08:19:30','2015-12-07',NULL,201.90,201.90,NULL,NULL,'hospedagem s√£o paulo para show do david gilmour'),
	(1843,1,42,NULL,NULL,6,'2015-12-15 08:20:22','2015-12-07',NULL,1409.16,1409.16,NULL,NULL,'passagem TAM s√£o paulo-congonhas para o show do david gilmour'),
	(1844,1,78,NULL,NULL,6,'2015-12-15 15:58:39','2015-12-15',NULL,21.90,21.90,NULL,NULL,'licen√ßa windows 10'),
	(1845,1,25,NULL,NULL,NULL,'2015-12-20 15:46:21','2015-12-15',NULL,15.00,15.00,NULL,NULL,'cachorro quente'),
	(1846,1,20,NULL,NULL,NULL,'2015-12-20 15:47:05','2015-12-16',NULL,17.35,17.35,NULL,NULL,'big box lanches p/ miguel'),
	(1847,1,26,NULL,NULL,NULL,'2015-12-20 15:48:03','2015-12-16',NULL,150.94,150.94,NULL,NULL,'588km\n39,8L gasolina'),
	(1848,1,41,NULL,NULL,NULL,'2015-12-20 15:49:34','2015-12-18',NULL,24.80,24.80,NULL,NULL,'cine com divis, star wars'),
	(1849,1,41,NULL,NULL,NULL,'2015-12-20 15:50:09','2015-12-19',NULL,37.12,37.12,NULL,NULL,'ingressos star wars'),
	(1850,1,78,NULL,NULL,NULL,'2015-12-20 15:51:17','2015-12-19',NULL,99.90,99.90,NULL,NULL,'jogo lego marvel ps3, presente de natal'),
	(1851,1,77,NULL,NULL,NULL,'2015-12-20 15:51:50','2015-12-19',NULL,10.05,10.05,NULL,NULL,'taga shopping'),
	(1852,1,20,NULL,NULL,NULL,'2015-12-20 15:52:18','2015-12-20',NULL,12.59,12.59,NULL,NULL,NULL),
	(1853,1,25,NULL,NULL,NULL,'2015-12-20 15:52:38','2015-12-19',NULL,10.00,10.00,NULL,NULL,'cachorro quente'),
	(1854,1,67,NULL,NULL,NULL,'2015-12-20 15:55:40','2015-12-18',NULL,2442.50,2442.50,NULL,NULL,'CREDITO DE SALARIO INDRA BRAS 01645738000179'),
	(1856,1,20,NULL,NULL,NULL,'2015-12-21 21:08:54','2015-12-20',NULL,24.47,24.47,NULL,NULL,NULL),
	(1857,1,28,NULL,NULL,NULL,'2015-12-23 09:49:24','2015-12-22',NULL,220.00,220.00,NULL,NULL,'par de auto falantes jbl'),
	(1858,1,32,NULL,NULL,NULL,'2015-12-23 09:49:59','2015-12-22',NULL,42.04,42.04,NULL,NULL,'rem√©dios para a garganta'),
	(1859,1,20,NULL,NULL,NULL,'2015-12-23 09:50:42','2015-12-22',NULL,204.80,204.80,NULL,NULL,'old par , tequila'),
	(1860,1,20,NULL,NULL,NULL,'2015-12-23 09:51:07','2015-12-22',NULL,39.64,39.64,NULL,NULL,NULL),
	(1861,1,32,NULL,NULL,NULL,'2015-12-23 09:51:31','2015-12-22',NULL,36.00,36.00,NULL,NULL,'azul blue'),
	(1862,1,44,NULL,NULL,NULL,'2015-12-23 09:52:11','2015-12-22',NULL,200.00,200.00,NULL,NULL,'emprestimo para aline'),
	(1863,1,26,NULL,NULL,NULL,'2015-12-23 09:52:33','2015-12-23',NULL,158.76,158.76,NULL,NULL,NULL),
	(1864,1,72,NULL,NULL,NULL,'2015-12-28 07:38:49','2015-12-23',NULL,3000.00,3000.00,NULL,NULL,'segunda parte do extrator crm'),
	(1865,1,26,NULL,NULL,NULL,'2015-12-28 07:40:00','2015-12-23',NULL,113.02,113.02,NULL,NULL,'491km\n31,8 Litros de gasolina'),
	(1866,1,20,NULL,NULL,NULL,'2015-12-28 07:41:33','2015-12-24',NULL,175.65,175.65,NULL,NULL,'jack daniels, agua mineral, red bull'),
	(1867,1,77,NULL,NULL,NULL,'2015-12-28 07:43:23','2015-12-24',NULL,6.00,6.00,NULL,NULL,'uberaba'),
	(1868,1,32,NULL,NULL,NULL,'2015-12-28 07:44:33','2015-12-26',NULL,41.70,41.70,NULL,NULL,'maxsulid, pastilhas, gaze'),
	(1869,1,25,NULL,NULL,NULL,'2015-12-28 07:46:30','2015-12-27',NULL,40.50,40.50,NULL,NULL,'caf√© da manh√£, posto jk'),
	(1870,1,26,NULL,NULL,NULL,'2015-12-28 07:47:27','2015-12-27',NULL,125.30,125.30,NULL,NULL,'333km\n32,64 litros de gasolina'),
	(1871,1,25,NULL,NULL,NULL,'2015-12-28 07:47:57','2015-12-27',NULL,15.00,15.00,NULL,NULL,'cachorro quente mangueiral'),
	(1872,1,66,NULL,NULL,NULL,'2015-12-30 09:15:33','2015-12-30',NULL,355.99,355.99,NULL,NULL,'Subwoofer Audiophonic 12 Pol 400w Rms Club C1-12d4 Grave'),
	(1873,1,25,NULL,NULL,NULL,'2015-12-30 09:17:52','2015-12-29',NULL,15.00,15.00,NULL,NULL,'cachorro quente'),
	(1874,1,32,NULL,NULL,NULL,'2015-12-30 09:19:45','2015-12-29',NULL,147.34,147.34,NULL,NULL,'amoxicilina, dipirona, prednisona e texonican'),
	(1875,1,20,NULL,NULL,NULL,'2015-12-30 09:20:12','2015-12-29',NULL,51.46,51.46,NULL,NULL,NULL),
	(1876,1,20,NULL,NULL,6,'2015-12-30 09:21:26','2015-12-26',NULL,71.20,71.20,NULL,NULL,'carnes'),
	(1877,1,20,NULL,NULL,NULL,'2015-12-31 13:55:00','2015-12-31',NULL,209.24,209.24,NULL,NULL,'compras para o fim de ano'),
	(1878,1,20,NULL,NULL,NULL,'2015-12-31 13:55:30','2015-12-31',NULL,53.37,53.37,NULL,NULL,NULL),
	(1879,1,26,NULL,NULL,NULL,'2015-12-31 13:56:41','2015-12-31',NULL,152.76,152.76,NULL,NULL,'602km\n40,4 gasolina'),
	(1880,1,12,10,NULL,NULL,'2016-01-04 07:43:43','2016-01-08',NULL,91.82,111.82,NULL,NULL,'DEBITO AUT. CTA ENERGIA ELETRICA'),
	(1881,1,15,12,NULL,NULL,'2016-01-04 07:44:06','2016-01-11',NULL,104.80,104.80,NULL,NULL,'DEBITO AUT. CONTA DE TELEFONE'),
	(1882,1,76,NULL,NULL,7,'2016-01-04 07:53:43','2016-01-04','2016-01-10',483.05,375.42,NULL,NULL,NULL),
	(1883,1,76,NULL,NULL,6,'2016-01-04 07:54:30','2016-01-04','2016-01-10',4133.95,3567.96,NULL,NULL,NULL),
	(1884,1,78,32,NULL,NULL,'2016-01-04 07:57:39','2016-01-04',NULL,94.70,94.70,NULL,NULL,NULL),
	(1885,1,63,NULL,315,NULL,'2016-01-07 19:40:21','2016-01-07',NULL,643.00,643.00,NULL,NULL,NULL),
	(1886,1,63,NULL,267,NULL,'2016-01-07 19:40:32','2016-01-07',NULL,561.00,561.00,NULL,NULL,NULL),
	(1887,1,75,13,NULL,NULL,'2016-01-07 19:41:49','2016-01-07',NULL,600.00,500.00,NULL,NULL,NULL),
	(1888,1,50,NULL,NULL,NULL,'2016-01-07 19:43:19','2016-01-07',NULL,6595.83,6595.83,NULL,NULL,'CREDITO DE SALARIO INDRA BRAS 01645738000179'),
	(1889,1,17,NULL,NULL,NULL,'2016-01-07 19:43:50','2016-01-07',NULL,800.00,800.00,NULL,NULL,'pagamento ao neg√£o'),
	(1890,1,20,NULL,NULL,NULL,'2016-01-07 19:45:13','2016-01-05',NULL,61.64,61.64,NULL,NULL,NULL),
	(1891,1,25,NULL,NULL,NULL,'2016-01-07 19:45:42','2016-01-06',NULL,15.00,15.00,NULL,NULL,'cachorro quente'),
	(1892,1,63,NULL,27,NULL,'2016-01-07 19:49:01','2016-01-07',NULL,1194.86,1170.19,NULL,NULL,NULL),
	(1893,1,10,14,NULL,NULL,'2016-01-07 19:52:02','2016-01-07',NULL,303.71,294.38,NULL,NULL,NULL),
	(1894,1,14,11,NULL,NULL,'2016-01-07 19:53:05','2016-01-11',NULL,181.22,147.74,NULL,NULL,NULL),
	(1895,1,41,NULL,NULL,NULL,'2016-01-10 10:27:52','2016-01-07',NULL,45.00,45.00,NULL,NULL,NULL),
	(1896,1,26,NULL,NULL,NULL,'2016-01-10 10:29:14','2016-01-08',NULL,165.21,165.21,NULL,NULL,'575km\n41,6L de gasolina'),
	(1897,1,20,NULL,NULL,NULL,'2016-01-10 10:29:53','2016-01-08',NULL,24.59,24.59,NULL,NULL,NULL),
	(1898,1,28,NULL,NULL,NULL,'2016-01-10 10:30:20','2016-01-09',NULL,250.00,250.00,NULL,NULL,'bateria'),
	(1899,1,28,NULL,NULL,NULL,'2016-01-10 10:30:47','2016-01-09',NULL,175.00,175.00,NULL,NULL,'√≥leo e filtro'),
	(1900,1,20,NULL,NULL,NULL,'2016-01-10 10:31:15','2016-01-09',NULL,23.34,23.34,NULL,NULL,'bolo'),
	(1901,1,20,NULL,NULL,NULL,'2016-01-10 10:31:38','2016-01-09',NULL,274.47,274.47,NULL,NULL,'extra'),
	(1902,729,54,46,NULL,NULL,'2016-01-11 19:05:58','2016-01-10',NULL,598.00,0.00,NULL,NULL,NULL),
	(1903,729,54,47,NULL,NULL,'2016-01-11 19:10:59','2016-01-11',NULL,598.00,0.00,NULL,NULL,NULL),
	(1904,729,26,NULL,NULL,NULL,'2016-01-11 19:12:03','2016-01-11',NULL,100.00,100.00,NULL,NULL,NULL),
	(1905,729,22,NULL,NULL,NULL,'2016-01-11 19:15:28','2016-01-11',NULL,19.00,19.00,NULL,NULL,''),
	(1906,729,20,NULL,NULL,NULL,'2016-01-12 13:38:05','2016-01-07',NULL,1250.00,1250.00,NULL,NULL,NULL),
	(1907,1,20,NULL,NULL,NULL,'2016-01-13 07:47:42','2016-01-12',NULL,36.98,36.98,NULL,NULL,NULL),
	(1908,1,68,NULL,NULL,NULL,'2016-01-13 07:48:15','2016-01-11',NULL,9561.79,9561.79,NULL,NULL,'CREDITO DE SALARIO INDRA BRAS 01645738000179'),
	(1909,729,34,NULL,NULL,NULL,'2016-01-13 08:42:25','2016-02-14',NULL,598.00,598.00,NULL,NULL,'falta PG'),
	(1910,1,25,NULL,NULL,NULL,'2016-01-19 12:37:23','2016-01-13',NULL,15.00,15.00,NULL,NULL,'cachorro quente'),
	(1911,1,18,NULL,NULL,NULL,'2016-01-19 12:38:26','2016-01-15',NULL,470.23,470.23,NULL,NULL,'iptu + TLP'),
	(1912,1,25,NULL,NULL,NULL,'2016-01-19 12:38:58','2016-01-15',NULL,15.00,15.00,NULL,NULL,'cachorro quente'),
	(1913,1,78,NULL,NULL,NULL,'2016-01-19 12:39:37','2016-01-16',NULL,75.00,75.00,NULL,NULL,'lanterna'),
	(1914,1,44,NULL,NULL,NULL,'2016-01-19 12:40:11','2016-01-16',NULL,99.00,99.00,NULL,NULL,'presente mariana'),
	(1915,1,20,NULL,NULL,NULL,'2016-01-19 12:40:41','2016-01-16',NULL,33.26,33.26,NULL,NULL,NULL),
	(1916,1,20,NULL,NULL,NULL,'2016-01-19 12:41:05','2016-01-16',NULL,23.97,23.97,NULL,NULL,'cerva'),
	(1917,1,26,NULL,NULL,NULL,'2016-01-19 12:42:11','2016-01-17',NULL,147.97,147.97,NULL,NULL,'428km\n37,97L gasol'),
	(1918,1,32,NULL,NULL,NULL,'2016-01-19 12:42:55','2016-01-17',NULL,28.90,28.90,NULL,NULL,'gel'),
	(1919,1,32,NULL,NULL,NULL,'2016-01-19 12:43:44','2016-01-18',NULL,29.47,29.47,NULL,NULL,'sal de fruta, rem√©dio para refluxo'),
	(1920,1,81,NULL,NULL,NULL,'2016-01-22 20:34:19','2016-01-21',NULL,60.00,60.00,NULL,NULL,'patina√ß√£o no gelo'),
	(1921,1,62,NULL,NULL,NULL,'2016-01-22 20:35:09','2016-01-21',NULL,115.97,115.97,NULL,NULL,'brinquedo'),
	(1922,1,62,NULL,NULL,NULL,'2016-01-22 20:35:46','2016-01-21',NULL,113.80,113.80,NULL,NULL,'presente pra dar a m√£e dele'),
	(1923,1,77,NULL,NULL,NULL,'2016-01-22 20:36:21','2016-01-21',NULL,11.75,11.75,NULL,NULL,'tagua'),
	(1924,1,20,NULL,NULL,NULL,'2016-01-22 20:36:47','2016-01-21',NULL,33.56,33.56,NULL,NULL,'diversos'),
	(1925,1,25,NULL,NULL,NULL,'2016-01-22 20:37:09','2016-01-21',NULL,15.00,15.00,NULL,NULL,'cachorro quente'),
	(1926,1,78,NULL,NULL,6,'2016-01-22 20:37:42','2016-01-22',NULL,158.39,158.39,NULL,NULL,'teclado usb'),
	(1927,1,66,NULL,NULL,NULL,'2016-01-23 20:59:10','2016-01-23',NULL,80.00,80.00,NULL,NULL,'caixa de grave'),
	(1928,1,79,NULL,NULL,NULL,'2016-01-23 20:59:30','2016-01-23',NULL,120.00,120.00,NULL,NULL,'m√°quina de cortar cabelo'),
	(1929,1,78,NULL,NULL,NULL,'2016-01-23 20:59:56','2016-01-23',NULL,10.00,10.00,NULL,NULL,'blue ray do mad max'),
	(1930,1,66,NULL,NULL,NULL,'2016-01-23 21:00:17','2016-01-23',NULL,20.00,20.00,NULL,NULL,'suporte para celular'),
	(1931,1,25,NULL,NULL,NULL,'2016-01-27 22:38:27','2016-01-23',NULL,15.00,15.00,NULL,NULL,'cachorro quente'),
	(1932,1,25,NULL,NULL,NULL,'2016-01-27 22:38:50','2016-01-24',NULL,15.00,15.00,NULL,NULL,'cachorro quente'),
	(1933,1,20,NULL,NULL,NULL,'2016-01-27 22:39:33','2016-01-26',NULL,27.89,27.89,NULL,NULL,NULL),
	(1934,1,32,NULL,NULL,NULL,'2016-01-27 22:40:05','2016-01-26',NULL,354.70,354.70,NULL,NULL,'ritalina'),
	(1935,1,25,NULL,NULL,NULL,'2016-01-27 22:40:34','2016-01-26',NULL,7.99,7.99,NULL,NULL,'redbull'),
	(1936,1,20,NULL,NULL,NULL,'2016-01-27 22:41:11','2016-01-26',NULL,106.90,106.90,NULL,NULL,'compras p/ cachorro quente'),
	(1937,1,22,NULL,NULL,NULL,'2016-01-27 22:41:37','2016-01-26',NULL,27.10,27.10,NULL,NULL,'p√£es p/ cachorro quente'),
	(1938,1,20,NULL,NULL,NULL,'2016-01-27 22:42:05','2016-01-27',NULL,44.64,44.64,NULL,NULL,NULL),
	(1939,1,20,NULL,NULL,NULL,'2016-01-30 20:51:38','2016-01-28',NULL,24.81,24.81,NULL,NULL,NULL),
	(1940,1,20,NULL,NULL,NULL,'2016-01-30 20:52:01','2016-01-28',NULL,24.60,24.60,NULL,NULL,NULL),
	(1941,1,26,NULL,NULL,NULL,'2016-01-30 20:52:55','2016-01-29',NULL,159.27,159.27,NULL,NULL,'533km\n39,9Litros de gasol adit.'),
	(1942,1,77,NULL,NULL,NULL,'2016-01-30 20:53:31','2016-01-29',NULL,10.14,10.14,NULL,NULL,'conjunto nacional'),
	(1943,1,43,NULL,NULL,NULL,'2016-01-30 20:54:08','2016-01-29',NULL,25.99,25.99,NULL,NULL,'bon√© branco C&A'),
	(1944,1,43,NULL,NULL,NULL,'2016-01-30 20:54:44','2016-01-30',NULL,60.00,60.00,NULL,NULL,'bon√© cinza de el√°stico na  feirinha'),
	(1945,1,44,NULL,NULL,NULL,'2016-01-30 20:55:02','2016-01-30',NULL,10.00,10.00,NULL,NULL,'protetor de ouvido'),
	(1946,1,44,NULL,NULL,NULL,'2016-01-30 20:55:30','2016-01-30',NULL,15.00,15.00,NULL,NULL,'raquete el√©trica'),
	(1947,1,20,NULL,NULL,NULL,'2016-02-09 22:32:52','2016-02-01',NULL,17.90,17.90,NULL,NULL,NULL),
	(1948,1,26,NULL,NULL,NULL,'2016-02-09 22:33:36','2016-02-02',NULL,50.00,50.00,NULL,NULL,NULL),
	(1949,1,20,NULL,NULL,NULL,'2016-02-09 22:34:18','2016-02-02',NULL,49.33,49.33,NULL,NULL,NULL),
	(1950,1,25,NULL,NULL,NULL,'2016-02-09 22:35:40','2016-02-02',NULL,20.00,20.00,NULL,NULL,'cachorro quente da tia, ruim demais'),
	(1951,1,41,NULL,NULL,NULL,'2016-02-09 22:36:43','2016-02-03',NULL,30.00,30.00,NULL,NULL,'filme ca√ßadores de emo√ß√£o'),
	(1952,1,20,NULL,NULL,NULL,'2016-02-09 22:37:05','2016-02-04',NULL,47.02,47.02,NULL,NULL,NULL),
	(1953,1,26,NULL,NULL,NULL,'2016-02-09 22:38:00','2016-02-04',NULL,166.26,166.26,NULL,NULL,NULL),
	(1954,1,25,NULL,NULL,NULL,'2016-02-09 22:38:43','2016-02-04',NULL,28.00,28.00,NULL,NULL,'cachorro quente'),
	(1955,1,50,NULL,NULL,NULL,'2016-02-09 22:39:18','2016-02-05',NULL,3955.72,3955.72,NULL,NULL,'CREDITO DE SALARIO INDRA BRAS 01645738000179'),
	(1956,1,56,NULL,NULL,NULL,'2016-02-09 22:39:56','2016-02-05',NULL,50.00,50.00,NULL,NULL,'flauta doce'),
	(1957,1,32,NULL,NULL,NULL,'2016-02-09 22:40:36','2016-02-06',NULL,21.00,21.00,NULL,NULL,'repelente'),
	(1958,1,20,NULL,NULL,NULL,'2016-02-09 22:41:04','2016-02-06',NULL,81.86,81.86,NULL,NULL,'cerva, doces'),
	(1959,1,25,NULL,NULL,NULL,'2016-02-09 22:41:40','2016-02-07',NULL,40.00,40.00,NULL,NULL,NULL),
	(1960,1,20,NULL,NULL,NULL,'2016-02-09 22:42:00','2016-02-06',NULL,11.58,11.58,NULL,NULL,NULL),
	(1961,1,25,NULL,NULL,NULL,'2016-02-09 22:42:44','2016-02-08',NULL,28.50,28.50,NULL,NULL,'gbomba'),
	(1962,1,78,NULL,NULL,NULL,'2016-02-09 22:43:36','2016-02-04',NULL,2500.00,2500.00,NULL,NULL,'iphone 6 plus 64gb'),
	(1963,1,63,NULL,316,NULL,'2016-02-09 22:48:30','2016-02-09',NULL,643.00,643.00,NULL,NULL,NULL),
	(1964,1,63,NULL,268,NULL,'2016-02-09 22:48:37','2016-02-09',NULL,561.00,561.00,NULL,NULL,NULL),
	(1965,1,75,13,NULL,NULL,'2016-02-09 22:48:49','2016-02-09',NULL,600.00,533.33,NULL,NULL,NULL),
	(1966,1,76,NULL,NULL,6,'2016-02-09 22:50:13','2016-02-09','2016-02-10',1093.83,805.52,NULL,NULL,NULL),
	(1967,1,76,NULL,NULL,7,'2016-02-09 22:51:05','2016-02-09','2016-02-10',53.11,0.00,NULL,NULL,NULL),
	(1968,1,63,NULL,28,NULL,'2016-02-09 22:55:27','2016-02-09',NULL,1192.72,1167.05,NULL,NULL,NULL),
	(1969,1,78,NULL,NULL,NULL,'2016-02-11 08:16:09','2016-02-10',NULL,70.00,70.00,NULL,NULL,'pel√≠cula e capinha'),
	(1970,1,10,14,NULL,NULL,'2016-02-11 09:20:13','2016-02-11',NULL,303.71,299.04,NULL,NULL,NULL),
	(1971,1,12,10,NULL,NULL,'2016-02-11 09:20:46','2016-02-11',NULL,88.64,121.23,NULL,NULL,NULL),
	(1972,1,15,12,NULL,NULL,'2016-02-11 09:21:01','2016-02-11',NULL,104.80,104.80,NULL,NULL,NULL),
	(1973,1,14,11,NULL,NULL,'2016-02-11 09:21:19','2016-02-11',NULL,145.01,165.65,NULL,NULL,NULL),
	(1975,1,25,NULL,NULL,NULL,'2016-02-17 07:44:14','2016-02-11',NULL,15.00,15.00,NULL,NULL,'cachorro quente'),
	(1976,1,20,NULL,NULL,NULL,'2016-02-17 07:44:32','2016-02-11',NULL,47.15,47.15,NULL,NULL,NULL),
	(1977,1,79,NULL,NULL,NULL,'2016-02-17 07:49:20','2016-02-12',NULL,140.00,140.00,NULL,NULL,'lanterna e guarda-chuva'),
	(1978,1,20,NULL,NULL,NULL,'2016-02-17 07:49:42','2016-02-12',NULL,71.56,71.56,NULL,NULL,NULL),
	(1979,1,26,NULL,NULL,NULL,'2016-02-17 07:50:57','2016-02-13',NULL,158.17,158.17,NULL,NULL,'510 km\n39,8 litros'),
	(1980,1,20,NULL,NULL,NULL,'2016-02-17 07:51:16','2016-02-14',NULL,80.63,80.63,NULL,NULL,NULL),
	(1981,1,24,NULL,NULL,NULL,'2016-02-17 07:51:45','2016-02-14',NULL,51.37,51.37,NULL,NULL,NULL),
	(1982,1,41,NULL,NULL,NULL,'2016-02-17 07:53:06','2016-02-14',NULL,53.40,53.40,NULL,NULL,'dead pool'),
	(1983,1,78,NULL,NULL,NULL,'2016-02-17 07:54:20','2016-02-02',NULL,53.79,53.79,NULL,NULL,'dbz xenoverse'),
	(1984,1,79,NULL,NULL,7,'2016-02-17 07:54:48','2016-02-04',NULL,53.79,53.79,NULL,NULL,'dbz xenoverse'),
	(1985,1,78,NULL,NULL,7,'2016-02-17 07:55:28','2016-02-09',NULL,21.07,21.07,NULL,NULL,'dbz xenoverse pack'),
	(1986,1,78,NULL,NULL,NULL,'2016-02-17 07:56:30','2016-02-14',NULL,85.04,85.04,NULL,NULL,'psn dbz xenoverse'),
	(1987,1,32,NULL,NULL,NULL,'2016-02-18 14:56:04','2016-02-17',NULL,28.00,28.00,NULL,NULL,'maxsulid'),
	(1988,1,25,NULL,NULL,NULL,'2016-02-18 14:56:29','2016-02-17',NULL,15.00,15.00,NULL,NULL,'cachorro quente'),
	(1989,1,25,NULL,NULL,NULL,'2016-02-19 10:04:09','2016-02-18',NULL,15.00,15.00,NULL,NULL,''),
	(1990,1,26,NULL,NULL,NULL,'2016-02-22 08:06:27','2016-02-22',NULL,179.44,179.44,NULL,NULL,'45 litros  gasolina'),
	(1991,1,72,NULL,NULL,NULL,'2016-02-22 08:08:10','2016-02-19',NULL,15000.00,15000.00,NULL,NULL,'freeler  SOPE'),
	(1992,1,0,NULL,NULL,NULL,'2016-02-22 08:12:43','2016-02-19',NULL,450.00,450.00,NULL,NULL,'projeto: SOPE\nNome: Abel \nServi√ßo: instala√ß√£o do servidor'),
	(1993,1,0,NULL,NULL,NULL,'2016-02-22 08:13:45','2016-02-19',NULL,4500.00,4500.00,NULL,NULL,'Projeto: SOPE\nNome: Gilcimar\nServi√ßo: An√°lise, modelagem e Documenta√ß√£o do sistema'),
	(1994,1,20,NULL,NULL,NULL,'2016-02-22 08:15:58','2016-02-20',NULL,46.05,46.05,NULL,NULL,NULL),
	(1995,1,78,NULL,NULL,7,'2016-02-22 08:44:59','2016-02-20',NULL,150.56,150.56,NULL,NULL,'minecraft e ninjago'),
	(1996,1,78,NULL,NULL,NULL,'2016-02-22 08:45:37','2016-02-20',NULL,80.29,80.29,NULL,NULL,'minecraft ps3'),
	(1997,1,25,NULL,NULL,NULL,'2016-02-22 08:46:09','2016-02-20',NULL,16.00,16.00,NULL,NULL,'hamburger gbomba'),
	(1998,1,20,NULL,NULL,NULL,'2016-02-22 08:47:01','2016-02-21',NULL,15.60,15.60,NULL,NULL,'4x skol beats'),
	(1999,1,25,NULL,NULL,NULL,'2016-02-22 08:47:23','2016-02-21',NULL,15.00,15.00,NULL,NULL,'cachorro quente'),
	(2000,1,83,NULL,NULL,NULL,'2016-02-25 08:30:55','2016-02-24',NULL,10000.00,10000.00,NULL,NULL,'quita√ß√£o do financiamento do nissan versa'),
	(2001,1,20,NULL,NULL,NULL,'2016-02-29 16:18:38','2016-02-27',NULL,72.38,72.38,NULL,NULL,''),
	(2002,1,20,NULL,NULL,NULL,'2016-02-29 16:19:19','2016-02-28',NULL,133.91,133.91,NULL,NULL,''),
	(2003,1,26,NULL,NULL,NULL,'2016-03-01 17:13:38','2016-03-01',NULL,144.47,144.47,NULL,NULL,'36,39 aditivada'),
	(2004,1,50,NULL,NULL,NULL,'2016-03-01 18:32:21','2016-03-01',NULL,27.60,27.60,NULL,NULL,'CREDITO DE SALARIO INDRA BRAS 01645738000179\n\n3476 Pgto Diferen√ßas (ADIPAR)'),
	(2005,1,63,NULL,317,NULL,'2016-03-04 13:26:47','2016-03-04',NULL,643.00,643.00,NULL,NULL,NULL),
	(2006,1,63,NULL,269,NULL,'2016-03-04 13:27:02','2016-03-04',NULL,561.00,561.00,NULL,NULL,NULL),
	(2007,1,75,13,NULL,NULL,'2016-03-04 13:27:18','2016-03-04',NULL,600.00,566.67,NULL,NULL,NULL),
	(2008,1,10,14,NULL,NULL,'2016-03-04 13:27:45','2016-03-04',NULL,305.11,303.71,NULL,NULL,NULL),
	(2009,1,63,NULL,29,NULL,'2016-03-04 13:28:05','2016-03-04',NULL,1190.72,1163.89,NULL,NULL,NULL),
	(2010,1,50,NULL,NULL,NULL,'2016-03-04 13:28:45','2016-03-04',NULL,5265.88,5265.88,NULL,NULL,NULL),
	(2011,1,76,NULL,NULL,6,'2016-03-04 13:30:23','2016-03-04','2016-03-10',678.79,575.93,NULL,NULL,NULL),
	(2012,1,76,NULL,NULL,7,'2016-03-04 13:31:26','2016-03-04','2016-03-10',488.61,225.42,NULL,NULL,NULL),
	(2013,1,12,10,NULL,NULL,'2016-03-04 13:31:59','2016-03-08',NULL,92.98,110.37,NULL,NULL,NULL),
	(2014,1,15,12,NULL,NULL,'2016-03-04 13:32:39','2016-03-10',NULL,119.80,104.80,NULL,NULL,NULL),
	(2015,1,14,11,NULL,NULL,'2016-03-04 13:33:00','2016-03-10',NULL,189.89,170.91,NULL,NULL,NULL),
	(2016,1,41,NULL,NULL,NULL,'2016-03-07 07:39:03','2016-03-04',NULL,20.00,20.00,NULL,NULL,''),
	(2017,1,32,NULL,NULL,NULL,'2016-03-07 07:39:50','2016-03-04',NULL,19.99,19.99,NULL,NULL,'naridrin'),
	(2018,1,79,NULL,NULL,NULL,'2016-03-07 07:41:05','2016-03-05',NULL,149.00,149.00,NULL,NULL,'fujioka - moldem roteador'),
	(2019,1,78,NULL,NULL,7,'2016-03-07 07:41:37','2016-03-05',NULL,40.87,40.87,NULL,NULL,'icloud armazenamento'),
	(2020,1,32,NULL,NULL,NULL,'2016-03-07 07:41:59','2016-03-06',NULL,27.90,27.90,NULL,NULL,'maxsulid'),
	(2021,1,50,NULL,NULL,NULL,'2016-03-09 07:37:04','2016-03-09',NULL,360.00,360.00,NULL,NULL,'sal√°rio stefanini'),
	(2022,1,50,NULL,NULL,NULL,'2016-03-11 13:21:53','2016-03-11',NULL,8295.43,8295.43,NULL,NULL,'Rescis√£o INDRA'),
	(2023,1,26,NULL,NULL,NULL,'2016-03-11 16:57:00','2016-03-11',NULL,162.73,162.73,NULL,NULL,'603km\n41.30 gas adit.'),
	(2024,1,20,NULL,NULL,NULL,'2016-03-15 12:39:25','2016-03-11',NULL,16.14,16.14,NULL,NULL,NULL),
	(2025,1,25,NULL,NULL,NULL,'2016-03-15 12:40:29','2016-03-11',NULL,24.00,24.00,NULL,NULL,'red bull'),
	(2026,1,25,NULL,NULL,NULL,'2016-03-15 12:40:51','2016-03-11',NULL,26.95,26.95,NULL,NULL,'churrasquinho'),
	(2027,1,24,NULL,NULL,NULL,'2016-03-15 12:41:19','2016-03-12',NULL,42.00,42.00,NULL,NULL,'peixe na rede'),
	(2028,1,24,NULL,NULL,NULL,'2016-03-15 12:42:09','2016-03-13',NULL,180.57,180.57,NULL,NULL,'outback caro pra carai'),
	(2029,1,26,NULL,NULL,NULL,'2016-03-15 17:17:20','2016-03-15',NULL,159.55,159.55,NULL,NULL,'561km\n40,1 gas aditivada'),
	(2030,1,41,NULL,NULL,NULL,'2016-03-21 22:22:58','2016-03-17',NULL,50.00,50.00,NULL,NULL,'insurgente'),
	(2031,1,20,NULL,NULL,NULL,'2016-03-21 22:23:45','2016-03-19',NULL,41.79,41.79,NULL,NULL,NULL),
	(2032,1,24,NULL,NULL,NULL,'2016-03-21 22:24:46','2016-03-19',NULL,45.00,45.00,NULL,NULL,'buteco em braz junto com as manas'),
	(2033,1,20,NULL,NULL,NULL,'2016-03-21 22:25:10','2016-03-20',NULL,64.05,64.05,NULL,NULL,'pingas'),
	(2034,1,20,NULL,NULL,NULL,'2016-03-21 22:25:37','2016-03-20',NULL,39.65,39.65,NULL,NULL,'sand√°lia'),
	(2035,1,20,NULL,NULL,NULL,'2016-03-21 22:26:13','2016-03-21',NULL,56.01,56.01,NULL,NULL,'salm√£o, ovos, tomate e maionese'),
	(2036,1,20,NULL,NULL,NULL,'2016-03-22 21:46:26','2016-03-22',NULL,25.42,25.42,NULL,NULL,''),
	(2037,1,26,NULL,NULL,NULL,'2016-03-24 07:11:32','2016-03-24',NULL,167.46,167.46,NULL,NULL,'41,9 litros de gasolina aditivada \n\n617km'),
	(2038,1,78,NULL,NULL,NULL,'2016-03-28 18:33:07','2016-03-23',NULL,100.00,100.00,NULL,NULL,'troca de iphone'),
	(2039,1,20,NULL,NULL,NULL,'2016-03-28 18:34:19','2016-03-24',NULL,87.98,87.98,NULL,NULL,'ovos de p√°scoa'),
	(2040,1,83,NULL,NULL,NULL,'2016-03-28 18:35:15','2016-03-27',NULL,584.00,584.00,NULL,NULL,'d√≠vida com a silvia'),
	(2041,1,20,NULL,NULL,NULL,'2016-03-28 18:37:14','2016-03-26',NULL,77.32,77.32,NULL,NULL,'coisas para o churrasco'),
	(2042,1,43,NULL,NULL,NULL,'2016-03-28 18:38:08','2016-03-26',NULL,224.96,224.96,NULL,NULL,'duas cal√ßas sociais, uma bermuda para o velho e uma camisa para o miguel'),
	(2043,1,20,NULL,NULL,NULL,'2016-03-28 18:38:43','2016-03-28',NULL,35.49,35.49,NULL,NULL,'salm√£o'),
	(2044,1,78,NULL,NULL,7,'2016-03-28 18:40:14','2016-03-15',NULL,100.37,100.37,NULL,NULL,'psn plus'),
	(2045,1,78,NULL,NULL,7,'2016-03-28 18:40:59','2016-03-23',NULL,41.15,41.15,NULL,NULL,'game ps4 axion verge'),
	(2046,1,26,NULL,NULL,NULL,'2016-04-01 17:18:46','2016-04-01',NULL,147.33,147.33,NULL,NULL,'567km\n38,7 aditv.'),
	(2047,1,72,NULL,NULL,NULL,'2016-04-04 08:04:18','2016-03-31',NULL,26298.56,26298.56,NULL,NULL,'saque FGTS'),
	(2048,1,25,NULL,NULL,NULL,'2016-04-04 08:05:47','2016-04-01',NULL,55.55,55.55,NULL,NULL,'churrasquinho'),
	(2049,1,60,NULL,NULL,NULL,'2016-04-04 08:06:35','2016-04-02',NULL,64.98,64.98,NULL,NULL,'roupas'),
	(2050,1,20,NULL,NULL,NULL,'2016-04-04 08:07:30','2016-04-02',NULL,15.47,15.47,NULL,NULL,NULL),
	(2051,1,25,NULL,NULL,NULL,'2016-04-04 08:08:09','2016-04-02',NULL,40.50,40.50,NULL,NULL,'g-bomba'),
	(2052,1,24,NULL,NULL,NULL,'2016-04-04 08:08:45','2016-04-03',NULL,20.45,20.45,NULL,NULL,'subway'),
	(2053,1,20,NULL,NULL,NULL,'2016-04-04 08:09:17','2016-04-03',NULL,75.88,75.88,NULL,NULL,NULL),
	(2054,1,20,NULL,NULL,NULL,'2016-04-04 08:11:00','2016-03-31',NULL,47.19,47.19,NULL,NULL,'super cei'),
	(2055,1,50,NULL,NULL,NULL,'2016-04-05 18:09:57','2016-04-05',NULL,4560.53,4560.53,NULL,NULL,'LIQUIDO DE VENCIMENTO STEFANINI 58069360000120'),
	(2056,1,63,NULL,318,NULL,'2016-04-05 18:13:21','2016-04-05',NULL,643.00,643.00,NULL,NULL,NULL),
	(2057,1,63,NULL,270,NULL,'2016-04-05 18:13:31','2016-04-05',NULL,561.00,561.00,NULL,NULL,NULL),
	(2058,1,75,13,NULL,NULL,'2016-04-05 18:13:39','2016-04-05',NULL,600.00,600.00,NULL,NULL,NULL),
	(2059,1,63,NULL,30,NULL,'2016-04-05 18:18:25','2016-04-05',NULL,1188.80,1160.74,NULL,NULL,NULL),
	(2060,1,76,NULL,NULL,6,'2016-04-05 18:19:51','2016-04-05','2016-04-10',515.56,575.93,NULL,NULL,NULL),
	(2061,1,76,NULL,NULL,7,'2016-04-05 18:20:59','2016-04-05','2016-04-10',637.87,182.39,NULL,NULL,NULL),
	(2062,1,78,32,NULL,NULL,'2016-04-05 18:23:39','2016-04-05',NULL,94.70,94.70,NULL,NULL,NULL),
	(2063,1,12,10,NULL,NULL,'2016-04-05 18:25:22','2016-04-05',NULL,68.51,91.15,NULL,NULL,NULL),
	(2064,1,15,12,NULL,NULL,'2016-04-05 18:25:46','2016-04-05',NULL,122.09,109.80,NULL,NULL,NULL),
	(2065,1,14,11,NULL,NULL,'2016-04-05 18:26:15','2016-04-12',NULL,189.99,172.04,NULL,NULL,NULL),
	(2066,1,20,NULL,NULL,NULL,'2016-04-07 21:42:42','2016-04-07',NULL,19.84,19.84,NULL,NULL,''),
	(2067,1,32,NULL,NULL,NULL,'2016-04-07 21:43:18','2016-04-07',NULL,68.40,68.40,NULL,NULL,'maxsulid e vitaminas'),
	(2068,1,10,14,NULL,NULL,'2016-04-08 07:37:03','2016-04-08',NULL,305.11,304.18,NULL,NULL,NULL),
	(2069,1,26,NULL,NULL,NULL,'2016-04-08 17:25:39','2016-04-08',NULL,118.85,118.85,NULL,NULL,'450km\n30,71 litros de gasolina aditivada'),
	(2070,1,20,NULL,NULL,NULL,'2016-04-12 09:10:14','2016-04-10',NULL,26.20,26.20,NULL,NULL,NULL),
	(2071,1,20,NULL,NULL,NULL,'2016-04-12 09:10:50','2016-04-10',NULL,63.64,63.64,NULL,NULL,'vinhos'),
	(2072,1,25,NULL,NULL,NULL,'2016-04-12 09:11:18','2016-04-10',NULL,18.00,18.00,NULL,NULL,'pizza'),
	(2073,1,20,NULL,NULL,NULL,'2016-04-12 09:11:43','2016-04-11',NULL,31.12,31.12,NULL,NULL,NULL),
	(2074,1,83,NULL,NULL,NULL,'2016-04-13 12:47:29','2016-04-12',NULL,19963.04,30221.00,NULL,NULL,'quita√ß√£o do empr√©stimo da ch√°cara'),
	(2075,1,84,NULL,NULL,NULL,'2016-04-13 13:16:13','2016-04-12',NULL,10000.00,10000.00,NULL,NULL,'para comprar tobata'),
	(2076,1,24,NULL,NULL,NULL,'2016-04-14 07:46:38','2016-04-13',NULL,20.65,20.65,NULL,NULL,NULL),
	(2077,1,44,NULL,NULL,NULL,'2016-04-14 07:47:06','2016-04-13',NULL,20.00,20.00,NULL,NULL,'mega sena bol√£o'),
	(2078,1,26,NULL,NULL,NULL,'2016-04-16 21:04:04','2016-04-16',NULL,132.67,132.67,NULL,NULL,'490km\n34,73 litros de gasolina aditivada'),
	(2079,1,20,NULL,NULL,NULL,'2016-04-18 08:08:12','2016-04-15',NULL,97.28,97.28,NULL,NULL,NULL),
	(2080,1,32,NULL,NULL,NULL,'2016-04-18 08:08:58','2016-04-16',NULL,20.00,20.00,NULL,NULL,NULL),
	(2081,1,60,NULL,NULL,NULL,'2016-04-18 08:09:46','2016-04-16',NULL,27.99,27.99,NULL,NULL,NULL),
	(2082,1,20,NULL,NULL,NULL,'2016-04-18 08:10:16','2016-04-16',NULL,53.69,53.69,NULL,NULL,NULL),
	(2083,1,13,NULL,NULL,NULL,'2016-04-18 08:10:43','2016-04-18',NULL,23.22,23.22,NULL,NULL,NULL),
	(2084,1,44,NULL,NULL,NULL,'2016-04-18 08:11:12','2016-04-18',NULL,10.00,10.00,NULL,NULL,'internet no trabalho'),
	(2085,1,20,NULL,NULL,NULL,'2016-04-19 12:57:49','2016-04-18',NULL,14.20,14.20,NULL,NULL,NULL),
	(2086,1,24,NULL,NULL,NULL,'2016-04-19 12:58:04','2016-04-19',NULL,18.63,18.63,NULL,NULL,NULL),
	(2087,1,32,NULL,NULL,6,'2016-04-19 12:58:50','2016-04-19',NULL,378.00,378.00,NULL,NULL,'ritalina'),
	(2088,1,24,NULL,NULL,NULL,'2016-04-25 08:28:00','2016-04-20',NULL,20.88,20.88,NULL,NULL,'fausto  e manuel'),
	(2089,1,20,NULL,NULL,NULL,'2016-04-25 08:28:27','2016-04-20',NULL,95.75,95.75,NULL,NULL,NULL),
	(2090,1,20,NULL,NULL,NULL,'2016-04-25 08:28:54','2016-04-21',NULL,55.03,55.03,NULL,NULL,NULL),
	(2091,1,20,NULL,NULL,NULL,'2016-04-25 08:29:33','2016-04-21',NULL,42.87,42.87,NULL,NULL,NULL),
	(2092,1,20,NULL,NULL,NULL,'2016-04-25 08:29:59','2016-04-24',NULL,62.19,62.19,NULL,NULL,NULL),
	(2093,1,25,NULL,NULL,NULL,'2016-04-27 07:51:40','2016-04-26',NULL,19.90,19.90,NULL,NULL,'na hora lanches'),
	(2094,1,26,NULL,NULL,NULL,'2016-04-29 07:43:46','2016-04-29',NULL,162.32,162.32,NULL,NULL,'630km\n43,4 litros de gasolina adiitvada'),
	(2095,1,25,NULL,NULL,NULL,'2016-05-02 12:48:39','2016-04-26',NULL,18.00,18.00,NULL,NULL,'na hora lanches'),
	(2096,1,24,NULL,NULL,NULL,'2016-05-02 12:49:24','2016-04-29',NULL,17.74,17.74,NULL,NULL,'fausto e manuel'),
	(2097,1,25,NULL,NULL,NULL,'2016-05-02 12:50:03','2016-05-01',NULL,21.50,21.50,NULL,NULL,'conveniencia'),
	(2098,1,24,NULL,NULL,NULL,'2016-05-02 12:50:20','2016-05-02',NULL,6.04,6.04,NULL,NULL,NULL),
	(2099,1,24,NULL,NULL,6,'2016-05-02 12:52:20','2016-04-30',NULL,183.79,183.79,NULL,NULL,'camar√£o no coco bambu'),
	(2100,1,41,NULL,NULL,NULL,'2016-05-02 12:52:54','2016-04-30',NULL,64.08,64.08,NULL,NULL,'filme guerra civil'),
	(2101,1,24,NULL,NULL,6,'2016-05-02 12:54:29','2016-05-01',NULL,23.50,23.50,NULL,NULL,'mac donalds'),
	(2102,1,76,NULL,NULL,6,'2016-05-05 09:07:20','2016-05-05','2016-05-10',438.29,434.93,NULL,NULL,NULL),
	(2103,1,76,NULL,NULL,7,'2016-05-05 09:08:42','2016-05-05','2016-05-10',410.91,0.00,NULL,NULL,NULL),
	(2104,1,15,12,NULL,NULL,'2016-05-05 09:09:29','2016-05-10',NULL,133.09,115.56,NULL,NULL,NULL),
	(2105,1,14,11,NULL,NULL,'2016-05-05 09:09:49','2016-05-10',NULL,189.99,174.96,NULL,NULL,NULL),
	(2106,1,12,10,NULL,NULL,'2016-05-05 09:10:07','2016-05-09',NULL,100.30,83.38,NULL,NULL,NULL),
	(2107,1,50,NULL,NULL,NULL,'2016-05-05 09:10:52','2016-05-05',NULL,5564.46,5564.46,NULL,NULL,'sal√°rio stefanini'),
	(2108,1,75,13,NULL,NULL,'2016-05-05 09:12:09','2016-05-05',NULL,600.00,600.00,NULL,NULL,NULL),
	(2109,1,63,NULL,319,NULL,'2016-04-13 12:47:29','2016-04-13',NULL,0.00,643.00,NULL,NULL,'empr√©stimo quitado'),
	(2110,1,63,NULL,31,NULL,'2016-05-05 10:15:08','2016-05-05',NULL,1186.50,1157.59,NULL,NULL,NULL),
	(2111,1,10,14,NULL,NULL,'2016-05-05 13:39:21','2016-05-05',NULL,305.11,304.64,NULL,NULL,NULL),
	(2112,1,25,NULL,NULL,NULL,'2016-05-05 13:41:00','2016-05-05',NULL,9.50,9.50,NULL,NULL,''),
	(2113,1,24,NULL,NULL,NULL,'2016-05-05 13:41:26','2016-05-04',NULL,14.64,14.64,NULL,NULL,''),
	(2114,1,26,NULL,NULL,NULL,'2016-05-07 10:08:02','2016-05-06',NULL,151.06,151.06,NULL,NULL,'640km\n40,3 litros de gasolina aditivada'),
	(2115,1,44,NULL,NULL,NULL,'2016-05-07 10:32:26','2016-05-07',NULL,230.46,230.46,NULL,NULL,'presente para a m√£e do Miguel \ndia das m√£es'),
	(2116,1,24,NULL,NULL,NULL,'2016-05-07 10:33:39','2016-05-06',NULL,16.30,16.30,NULL,NULL,''),
	(2117,1,32,NULL,NULL,7,'2016-05-07 10:37:16','2016-05-05',NULL,90.51,90.51,NULL,NULL,'cloreto de magn√©sio'),
	(2118,1,41,NULL,NULL,NULL,'2016-05-07 10:39:35','2016-05-06',NULL,22.00,22.00,NULL,NULL,'batman vs superman'),
	(2119,1,63,NULL,320,NULL,'2016-04-13 12:47:29','2016-04-13',NULL,0.00,643.00,NULL,NULL,'empr√©stimo quitado'),
	(2120,1,63,NULL,321,NULL,'2016-04-13 12:47:29','2016-04-13',NULL,0.00,643.00,NULL,NULL,'empr√©stimo quitado'),
	(2121,1,63,NULL,322,NULL,'2016-04-13 12:47:29','2016-04-13',NULL,0.00,643.00,NULL,NULL,'empr√©stimo quitado'),
	(2122,1,63,NULL,323,NULL,'2016-04-13 12:47:29','2016-04-13',NULL,0.00,643.00,NULL,NULL,'empr√©stimo quitado'),
	(2123,1,63,NULL,324,NULL,'2016-04-13 12:47:29','2016-04-13',NULL,0.00,643.00,NULL,NULL,'empr√©stimo quitado'),
	(2124,1,63,NULL,325,NULL,'2016-04-13 12:47:29','2016-04-13',NULL,0.00,643.00,NULL,NULL,'empr√©stimo quitado'),
	(2125,1,63,NULL,326,NULL,'2016-04-13 12:47:29','2016-04-13',NULL,0.00,643.00,NULL,NULL,'empr√©stimo quitado'),
	(2126,1,63,NULL,327,NULL,'2016-04-13 12:47:29','2016-04-13',NULL,0.00,643.00,NULL,NULL,'empr√©stimo quitado'),
	(2127,1,63,NULL,328,NULL,'2016-04-13 12:47:29','2016-04-13',NULL,0.00,643.00,NULL,NULL,'empr√©stimo quitado'),
	(2128,1,63,NULL,329,NULL,'2016-04-13 12:47:29','2016-04-13',NULL,0.00,643.00,NULL,NULL,'empr√©stimo quitado'),
	(2129,1,63,NULL,330,NULL,'2016-04-13 12:47:29','2016-04-13',NULL,0.00,643.00,NULL,NULL,'empr√©stimo quitado'),
	(2130,1,63,NULL,331,NULL,'2016-04-13 12:47:29','2016-04-13',NULL,0.00,643.00,NULL,NULL,'empr√©stimo quitado'),
	(2131,1,63,NULL,332,NULL,'2016-04-13 12:47:29','2016-04-13',NULL,0.00,643.00,NULL,NULL,'empr√©stimo quitado'),
	(2132,1,63,NULL,333,NULL,'2016-04-13 12:47:29','2016-04-13',NULL,0.00,643.00,NULL,NULL,'empr√©stimo quitado'),
	(2133,1,63,NULL,334,NULL,'2016-04-13 12:47:29','2016-04-13',NULL,0.00,643.00,NULL,NULL,'empr√©stimo quitado'),
	(2134,1,63,NULL,335,NULL,'2016-04-13 12:47:29','2016-04-13',NULL,0.00,643.00,NULL,NULL,'empr√©stimo quitado'),
	(2135,1,63,NULL,336,NULL,'2016-04-13 12:47:29','2016-04-13',NULL,0.00,643.00,NULL,NULL,'empr√©stimo quitado'),
	(2136,1,63,NULL,337,NULL,'2016-04-13 12:47:29','2016-04-13',NULL,0.00,643.00,NULL,NULL,'empr√©stimo quitado'),
	(2137,1,63,NULL,338,NULL,'2016-04-13 12:47:29','2016-04-13',NULL,0.00,643.00,NULL,NULL,'empr√©stimo quitado'),
	(2138,1,63,NULL,339,NULL,'2016-04-13 12:47:29','2016-04-13',NULL,0.00,643.00,NULL,NULL,'empr√©stimo quitado'),
	(2139,1,63,NULL,340,NULL,'2016-04-13 12:47:29','2016-04-13',NULL,0.00,643.00,NULL,NULL,'empr√©stimo quitado'),
	(2140,1,63,NULL,341,NULL,'2016-04-13 12:47:29','2016-04-13',NULL,0.00,643.00,NULL,NULL,'empr√©stimo quitado'),
	(2141,1,63,NULL,342,NULL,'2016-04-13 12:47:29','2016-04-13',NULL,0.00,643.00,NULL,NULL,'empr√©stimo quitado'),
	(2142,1,63,NULL,343,NULL,'2016-04-13 12:47:29','2016-04-13',NULL,0.00,643.00,NULL,NULL,'empr√©stimo quitado'),
	(2143,1,63,NULL,344,NULL,'2016-04-13 12:47:29','2016-04-13',NULL,0.00,643.00,NULL,NULL,'empr√©stimo quitado'),
	(2144,1,63,NULL,345,NULL,'2016-04-13 12:47:29','2016-04-13',NULL,0.00,643.00,NULL,NULL,'empr√©stimo quitado'),
	(2145,1,63,NULL,346,NULL,'2016-04-13 12:47:29','2016-04-13',NULL,0.00,643.00,NULL,NULL,'empr√©stimo quitado'),
	(2146,1,63,NULL,347,NULL,'2016-04-13 12:47:29','2016-04-13',NULL,0.00,643.00,NULL,NULL,'empr√©stimo quitado'),
	(2147,1,63,NULL,348,NULL,'2016-04-13 12:47:29','2016-04-13',NULL,0.00,643.00,NULL,NULL,'empr√©stimo quitado'),
	(2148,1,63,NULL,349,NULL,'2016-04-13 12:47:29','2016-04-13',NULL,0.00,643.00,NULL,NULL,'empr√©stimo quitado'),
	(2149,1,63,NULL,350,NULL,'2016-04-13 12:47:29','2016-04-13',NULL,0.00,643.00,NULL,NULL,'empr√©stimo quitado'),
	(2150,1,63,NULL,351,NULL,'2016-04-13 12:47:29','2016-04-13',NULL,0.00,643.00,NULL,NULL,'empr√©stimo quitado'),
	(2151,1,63,NULL,352,NULL,'2016-04-13 12:47:29','2016-04-13',NULL,0.00,643.00,NULL,NULL,'empr√©stimo quitado'),
	(2152,1,63,NULL,353,NULL,'2016-04-13 12:47:29','2016-04-13',NULL,0.00,643.00,NULL,NULL,'empr√©stimo quitado'),
	(2153,1,63,NULL,354,NULL,'2016-04-13 12:47:29','2016-04-13',NULL,0.00,643.00,NULL,NULL,'empr√©stimo quitado'),
	(2154,1,63,NULL,355,NULL,'2016-04-13 12:47:29','2016-04-13',NULL,0.00,643.00,NULL,NULL,'empr√©stimo quitado'),
	(2155,1,63,NULL,356,NULL,'2016-04-13 12:47:29','2016-04-13',NULL,0.00,643.00,NULL,NULL,'empr√©stimo quitado'),
	(2156,1,63,NULL,357,NULL,'2016-04-13 12:47:29','2016-04-13',NULL,0.00,643.00,NULL,NULL,'empr√©stimo quitado'),
	(2157,1,63,NULL,358,NULL,'2016-04-13 12:47:29','2016-04-13',NULL,0.00,643.00,NULL,NULL,'empr√©stimo quitado'),
	(2158,1,63,NULL,359,NULL,'2016-04-13 12:47:29','2016-04-13',NULL,0.00,643.00,NULL,NULL,'empr√©stimo quitado'),
	(2159,1,63,NULL,360,NULL,'2016-04-13 12:47:29','2016-04-13',NULL,0.00,643.00,NULL,NULL,'empr√©stimo quitado'),
	(2160,1,63,NULL,361,NULL,'2016-04-13 12:47:29','2016-04-13',NULL,0.00,643.00,NULL,NULL,'empr√©stimo quitado'),
	(2161,1,63,NULL,362,NULL,'2016-04-13 12:47:29','2016-04-13',NULL,0.00,643.00,NULL,NULL,'empr√©stimo quitado'),
	(2162,1,63,NULL,363,NULL,'2016-04-13 12:47:29','2016-04-13',NULL,0.00,643.00,NULL,NULL,'empr√©stimo quitado'),
	(2163,1,63,NULL,364,NULL,'2016-04-13 12:47:29','2016-04-13',NULL,0.00,643.00,NULL,NULL,'empr√©stimo quitado'),
	(2164,1,63,NULL,365,NULL,'2016-04-13 12:47:29','2016-04-13',NULL,0.00,643.00,NULL,NULL,'empr√©stimo quitado'),
	(2182,1,63,NULL,271,NULL,'2016-05-05 12:47:29','2016-05-05',NULL,643.00,561.00,NULL,NULL,''),
	(2183,1,44,NULL,NULL,NULL,'2016-05-10 08:57:51','2016-05-07',NULL,120.00,120.00,NULL,NULL,'mesa'),
	(2184,1,20,NULL,NULL,NULL,'2016-05-10 08:58:19','2016-05-08',NULL,12.76,12.76,NULL,NULL,'cerva'),
	(2185,1,32,NULL,NULL,NULL,'2016-05-10 08:58:47','2016-05-08',NULL,27.90,27.90,NULL,NULL,'maxsulid'),
	(2186,1,25,NULL,NULL,NULL,'2016-05-10 08:59:08','2016-05-10',NULL,17.50,17.50,NULL,NULL,'caf√© da manh√£'),
	(2187,1,24,NULL,NULL,NULL,'2016-05-11 08:14:30','2016-05-10',NULL,22.00,22.00,NULL,NULL,''),
	(2188,1,26,NULL,NULL,NULL,'2016-05-14 18:59:13','2016-05-14',NULL,157.97,157.97,NULL,NULL,'42 litros de gasolina aditivada \n557km'),
	(2189,1,24,NULL,NULL,NULL,'2016-05-16 18:47:34','2016-05-11',NULL,8.69,8.69,NULL,NULL,NULL),
	(2190,1,24,NULL,NULL,NULL,'2016-05-16 18:48:15','2016-05-11',NULL,11.00,11.00,NULL,NULL,NULL),
	(2191,1,20,NULL,NULL,NULL,'2016-05-16 18:48:52','2016-05-12',NULL,20.55,20.55,NULL,NULL,NULL),
	(2192,1,25,NULL,NULL,NULL,'2016-05-16 18:49:33','2016-05-12',NULL,16.50,16.50,NULL,NULL,'cachorro quente mangueiral'),
	(2193,1,24,NULL,NULL,NULL,'2016-05-16 18:50:32','2016-05-13',NULL,14.36,14.36,NULL,NULL,NULL),
	(2194,1,44,NULL,NULL,NULL,'2016-05-16 18:51:18','2016-05-14',NULL,20.20,20.20,NULL,NULL,'embalagens de bolo'),
	(2195,1,44,NULL,NULL,NULL,'2016-05-16 18:52:18','2016-05-16',NULL,210.00,210.00,NULL,NULL,'inscri√ß√£o no IADES concurso da pcdf perito TI'),
	(2196,1,44,NULL,NULL,NULL,'2016-05-16 18:52:49','2016-05-16',NULL,10.00,10.00,NULL,NULL,'rateio da internet no trabalho'),
	(2197,1,25,NULL,NULL,NULL,'2016-05-19 14:30:06','2016-05-19',NULL,17.00,17.00,NULL,NULL,''),
	(2198,1,20,NULL,NULL,NULL,'2016-05-20 15:02:11','2016-05-19',NULL,20.60,20.60,NULL,NULL,'pingas'),
	(2199,1,24,NULL,NULL,NULL,'2016-05-20 15:04:08','2016-05-18',NULL,16.50,16.50,NULL,NULL,'cachorro quente'),
	(2200,1,78,NULL,NULL,6,'2016-05-20 15:05:02','2016-05-19',NULL,28.00,28.00,NULL,NULL,'teclas'),
	(2201,1,24,NULL,NULL,NULL,'2016-05-20 15:12:12','2016-05-20',NULL,10.50,10.50,NULL,NULL,''),
	(2202,1,26,NULL,NULL,NULL,'2016-05-24 17:20:03','2016-05-24',NULL,148.52,148.52,NULL,NULL,'41.37\n589km'),
	(2203,1,24,NULL,NULL,NULL,'2016-05-24 18:59:36','2016-05-24',NULL,50.56,50.56,NULL,NULL,NULL),
	(2204,1,78,NULL,NULL,NULL,'2016-05-24 19:01:02','2016-05-23',NULL,37.00,37.00,NULL,NULL,'carregador e dvd'),
	(2205,1,20,NULL,NULL,NULL,'2016-05-24 19:01:59','2016-05-22',NULL,21.35,21.35,NULL,NULL,NULL),
	(2206,1,25,NULL,NULL,NULL,'2016-05-24 19:03:32','2016-05-19',NULL,30.50,30.50,NULL,NULL,NULL),
	(2207,1,24,NULL,NULL,NULL,'2016-05-27 08:32:31','2016-05-25',NULL,17.74,17.74,NULL,NULL,NULL),
	(2208,1,28,NULL,NULL,6,'2016-05-27 08:33:37','2016-05-26',NULL,30.00,30.00,NULL,NULL,'far√≥is'),
	(2209,1,24,NULL,NULL,6,'2016-05-27 08:34:18','2016-05-26',NULL,22.00,22.00,NULL,NULL,'cachorros quentes'),
	(2210,1,77,NULL,NULL,NULL,'2016-06-01 18:54:13','2016-05-27',NULL,11.90,11.90,NULL,NULL,'taguashopping'),
	(2211,1,25,NULL,NULL,NULL,'2016-06-01 18:55:27','2016-05-28',NULL,20.50,20.50,NULL,NULL,NULL),
	(2212,1,32,NULL,NULL,NULL,'2016-06-01 18:56:04','2016-05-30',NULL,24.98,24.98,NULL,NULL,'maxsulid'),
	(2213,1,78,NULL,NULL,NULL,'2016-06-01 18:56:46','2016-06-01',NULL,30.00,30.00,NULL,NULL,'cabo iphone'),
	(2214,1,28,NULL,NULL,6,'2016-06-01 18:58:55','2016-05-26',NULL,30.00,30.00,NULL,NULL,'far√≥is'),
	(2215,1,36,NULL,NULL,6,'2016-06-01 18:59:57','2016-05-29',NULL,598.80,598.80,NULL,NULL,'gran cursos - perito b√°sico'),
	(2216,1,41,NULL,NULL,6,'2016-06-01 19:00:46','2016-05-27',NULL,45.00,45.00,NULL,NULL,'x-men'),
	(2217,1,24,NULL,NULL,NULL,'2016-06-02 13:48:21','2016-06-02',NULL,10.00,10.00,NULL,NULL,''),
	(2218,1,24,NULL,NULL,NULL,'2016-06-02 13:48:46','2016-06-02',NULL,24.02,24.02,NULL,NULL,''),
	(2219,1,26,NULL,NULL,6,'2016-06-03 08:21:35','2016-06-03',NULL,147.12,147.12,NULL,NULL,'590km\n41 litros de gasolina aditivada'),
	(2220,1,24,NULL,NULL,6,'2016-06-03 13:43:18','2016-06-03',NULL,67.48,67.48,NULL,NULL,'terra√ßo shopping'),
	(2221,1,63,NULL,32,NULL,'2016-06-06 08:11:31','2016-06-06',NULL,1184.88,1154.44,NULL,NULL,NULL),
	(2222,1,75,13,NULL,NULL,'2016-06-06 08:12:48','2016-06-06',NULL,600.00,600.00,NULL,NULL,NULL),
	(2223,1,76,NULL,NULL,6,'2016-06-06 08:18:26','2016-06-06','2016-06-10',775.95,670.22,NULL,NULL,NULL),
	(2224,1,76,NULL,NULL,7,'2016-06-06 08:18:49','2016-06-06','2016-06-10',434.39,30.17,NULL,NULL,NULL),
	(2225,1,12,10,NULL,NULL,'2016-06-06 08:19:38','2016-06-08',NULL,83.72,87.26,NULL,NULL,NULL),
	(2226,1,14,11,NULL,NULL,'2016-06-06 08:20:59','2016-06-06',NULL,189.99,189.96,NULL,NULL,NULL),
	(2227,1,15,12,NULL,NULL,'2016-06-06 08:22:36','2016-06-10',NULL,138.58,124.99,NULL,NULL,NULL),
	(2228,1,10,14,NULL,NULL,'2016-06-06 08:27:40','2016-06-06',NULL,305.11,305.11,NULL,NULL,NULL),
	(2229,1,63,NULL,272,NULL,'2016-06-06 08:28:14','2016-06-06',NULL,561.00,561.00,NULL,NULL,NULL),
	(2230,1,20,NULL,NULL,NULL,'2016-06-06 08:29:48','2016-06-05',NULL,81.88,81.88,NULL,NULL,'exdtra'),
	(2231,1,24,NULL,NULL,NULL,'2016-06-08 08:06:43','2016-06-07',NULL,15.00,15.00,NULL,NULL,'lanches'),
	(2232,1,24,NULL,NULL,NULL,'2016-06-08 08:07:55','2016-06-08',NULL,5.50,5.50,NULL,NULL,NULL),
	(2233,1,24,NULL,NULL,NULL,'2016-06-08 17:52:50','2016-06-08',NULL,38.50,38.50,NULL,NULL,'mac donalds'),
	(2234,1,32,NULL,NULL,NULL,'2016-06-09 10:06:22','2016-06-08',NULL,69.12,69.12,NULL,NULL,'azulzinha'),
	(2235,1,41,NULL,NULL,NULL,'2016-06-09 10:07:00','2016-06-08',NULL,43.50,43.50,NULL,NULL,'alice'),
	(2236,1,24,NULL,NULL,NULL,'2016-06-09 10:07:28','2016-06-08',NULL,69.74,69.74,NULL,NULL,'outback'),
	(2237,1,77,NULL,NULL,NULL,'2016-06-09 10:07:57','2016-06-08',NULL,23.80,23.80,NULL,NULL,'pier 21'),
	(2238,1,24,NULL,NULL,NULL,'2016-06-10 14:16:34','2016-06-10',NULL,20.00,20.00,NULL,NULL,''),
	(2239,1,72,NULL,NULL,NULL,'2016-06-12 11:28:25','2016-06-09',NULL,5000.00,5000.00,NULL,NULL,'Projeto CETIQT'),
	(2240,1,24,NULL,NULL,NULL,'2016-06-12 11:29:32','2016-06-09',NULL,6.85,6.85,NULL,NULL,NULL),
	(2241,1,24,NULL,NULL,NULL,'2016-06-12 11:30:03','2016-06-10',NULL,20.00,20.00,NULL,NULL,NULL),
	(2242,1,26,NULL,NULL,NULL,'2016-06-12 11:30:49','2016-06-10',NULL,156.93,156.93,NULL,NULL,'620km\n42 litros de gasolina aditivada'),
	(2243,1,32,NULL,NULL,NULL,'2016-06-12 11:31:29','2016-06-10',NULL,10.00,10.00,NULL,NULL,'azulzinha'),
	(2244,1,24,NULL,NULL,NULL,'2016-06-12 11:32:26','2016-06-10',NULL,133.87,133.87,NULL,NULL,'mormaii surf bar -  sushis'),
	(2245,1,80,NULL,NULL,NULL,'2016-06-12 11:33:12','2016-06-11',NULL,74.30,74.30,NULL,NULL,'tinta spray'),
	(2246,1,20,NULL,NULL,NULL,'2016-06-12 11:33:38','2016-06-11',NULL,269.39,269.39,NULL,NULL,'extra'),
	(2247,1,32,NULL,NULL,NULL,'2016-06-12 11:34:50','2016-06-11',NULL,73.68,73.68,NULL,NULL,'resfenol, celestamine e maxsulid'),
	(2248,1,50,NULL,NULL,NULL,'2016-06-12 11:39:51','2016-06-06',NULL,5560.46,5560.46,NULL,NULL,'LIQUIDO DE VENCIMENTO STEFANINI 58069360000120'),
	(2249,1,24,NULL,NULL,NULL,'2016-06-12 18:29:56','2016-06-12',NULL,29.40,29.40,NULL,NULL,''),
	(2250,1,44,NULL,NULL,NULL,'2016-06-12 18:30:32','2016-06-12',NULL,83.90,83.90,NULL,NULL,'presente cacau show'),
	(2251,1,24,NULL,NULL,NULL,'2016-06-17 07:25:52','2016-06-14',NULL,5.50,5.50,NULL,NULL,'caf√© da manh√£'),
	(2252,1,24,NULL,NULL,NULL,'2016-06-17 07:26:17','2016-06-14',NULL,13.22,13.22,NULL,NULL,NULL),
	(2253,1,13,NULL,NULL,NULL,'2016-06-17 07:26:59','2016-06-14',NULL,32.50,32.50,NULL,NULL,NULL),
	(2254,1,24,NULL,NULL,NULL,'2016-06-17 07:27:17','2016-06-15',NULL,5.50,5.50,NULL,NULL,'caf√© da manh√£'),
	(2255,1,24,NULL,NULL,NULL,'2016-06-17 07:27:40','2016-06-15',NULL,19.08,19.08,NULL,NULL,'fausto'),
	(2256,1,24,NULL,NULL,NULL,'2016-06-17 07:28:19','2016-06-15',NULL,16.50,16.50,NULL,NULL,'cachorro quente mangueiral'),
	(2257,1,24,NULL,NULL,NULL,'2016-06-17 07:28:38','2016-06-16',NULL,5.50,5.50,NULL,NULL,'caf√© da manh√£'),
	(2258,1,24,NULL,NULL,NULL,'2016-06-17 07:29:04','2016-06-16',NULL,7.39,7.39,NULL,NULL,NULL),
	(2259,1,24,NULL,NULL,NULL,'2016-06-17 07:29:43','2016-06-13',NULL,7.66,7.66,NULL,NULL,NULL),
	(2260,1,29,NULL,NULL,NULL,'2016-06-17 07:31:44','2016-06-16',NULL,920.09,920.09,NULL,NULL,'IPVA'),
	(2261,1,32,NULL,NULL,NULL,'2016-06-17 07:32:12','2016-06-16',NULL,40.00,40.00,NULL,NULL,'xarope e naridrin'),
	(2262,1,24,NULL,NULL,NULL,'2016-06-17 07:32:33','2016-06-17',NULL,7.50,7.50,NULL,NULL,'caf√© da manh√£'),
	(2263,1,29,NULL,NULL,NULL,'2016-06-17 07:37:06','2016-06-17',NULL,105.65,105.65,NULL,NULL,'Empresa:	SEGURADORA LIDER - DPVAT\nConvenio de Arrecadacao:	00336496000900000521\nCodigo de Barras:	86670000001-5 05650924860-7 80005283229-5 74102111607-3\nCota:	PARCELA UNICA\nData de Pagamento:	17/06/2016\nValor:	R$ 105,65\nData da Transacao:	17/06/2016\nHora da Transacao:	07:39:50\nCanal:	INTERNET BANKING\nAutenticacao:	59E686AF626BD74446FA69A'),
	(2264,1,26,NULL,NULL,NULL,'2016-06-17 17:07:15','2016-06-17',NULL,130.06,130.06,NULL,NULL,'530km\n36,4 litros de gasolina aditivada'),
	(2265,1,18,NULL,NULL,NULL,'2016-06-17 18:21:16','2016-06-17',NULL,420.38,420.38,NULL,NULL,'Empresa:	SEFAZ DISTRITO FEDERAL\nConvenio de Arrecadacao:	00333035000935609236\nCodigo de Barras:	85640000004-3 20380009170-4 61600005119-6 71270061252-6\nData de Pagamento:	17/06/2016\nData de Vencimento:	17/06/2016\nValor:	R$ 420,38\nData da Transacao:	17/06/2016\nHora da Transacao:	18:23:53\nCanal:	INTERNET BANKING\nAutenticacao:	5796847F623B975447D769B'),
	(2266,1,25,NULL,NULL,NULL,'2016-06-17 18:21:44','2016-06-17',NULL,24.30,24.30,NULL,NULL,''),
	(2267,1,24,NULL,NULL,NULL,'2016-06-18 16:48:01','2016-06-17',NULL,16.50,16.50,NULL,NULL,'cachorro quente'),
	(2268,1,20,NULL,NULL,NULL,'2016-06-18 16:48:18','2016-06-18',NULL,34.56,34.56,NULL,NULL,NULL),
	(2269,1,24,NULL,NULL,NULL,'2016-06-22 07:40:10','2016-06-19',NULL,11.00,11.00,NULL,NULL,'cachorro quente'),
	(2270,1,24,NULL,NULL,NULL,'2016-06-22 07:40:43','2016-06-20',NULL,7.84,7.84,NULL,NULL,NULL),
	(2271,1,24,NULL,NULL,NULL,'2016-06-22 07:41:04','2016-06-21',NULL,10.94,10.94,NULL,NULL,NULL),
	(2272,1,44,NULL,NULL,NULL,'2016-06-22 07:41:26','2016-06-21',NULL,19.60,19.60,NULL,NULL,'loteria'),
	(2273,1,20,NULL,NULL,NULL,'2016-06-22 07:41:44','2016-06-21',NULL,15.25,15.25,NULL,NULL,NULL),
	(2274,1,24,NULL,NULL,NULL,'2016-06-22 07:42:00','2016-06-22',NULL,5.50,5.50,NULL,NULL,'tapioca'),
	(2275,1,83,NULL,NULL,NULL,'2016-06-22 07:47:17','2016-06-13',NULL,13000.00,18513.00,NULL,NULL,NULL),
	(2276,1,63,NULL,273,NULL,'2016-06-13 15:47:29','2016-06-13',NULL,0.00,561.00,NULL,NULL,'empr√©stimo quitado'),
	(2277,1,63,NULL,274,NULL,'2016-06-13 15:47:29','2016-06-13',NULL,0.00,561.00,NULL,NULL,'empr√©stimo quitado'),
	(2278,1,63,NULL,275,NULL,'2016-06-13 15:47:29','2016-06-13',NULL,0.00,561.00,NULL,NULL,'empr√©stimo quitado'),
	(2279,1,63,NULL,276,NULL,'2016-06-13 15:47:29','2016-06-13',NULL,0.00,561.00,NULL,NULL,'empr√©stimo quitado'),
	(2280,1,63,NULL,277,NULL,'2016-06-13 15:47:29','2016-06-13',NULL,0.00,561.00,NULL,NULL,'empr√©stimo quitado'),
	(2281,1,63,NULL,278,NULL,'2016-06-13 15:47:29','2016-06-13',NULL,0.00,561.00,NULL,NULL,'empr√©stimo quitado'),
	(2282,1,63,NULL,279,NULL,'2016-06-13 15:47:29','2016-06-13',NULL,0.00,561.00,NULL,NULL,'empr√©stimo quitado'),
	(2283,1,63,NULL,280,NULL,'2016-06-13 15:47:29','2016-06-13',NULL,0.00,561.00,NULL,NULL,'empr√©stimo quitado'),
	(2284,1,63,NULL,281,NULL,'2016-06-13 15:47:29','2016-06-13',NULL,0.00,561.00,NULL,NULL,'empr√©stimo quitado'),
	(2285,1,63,NULL,282,NULL,'2016-06-13 15:47:29','2016-06-13',NULL,0.00,561.00,NULL,NULL,'empr√©stimo quitado'),
	(2286,1,63,NULL,283,NULL,'2016-06-13 15:47:29','2016-06-13',NULL,0.00,561.00,NULL,NULL,'empr√©stimo quitado'),
	(2287,1,63,NULL,284,NULL,'2016-06-13 15:47:29','2016-06-13',NULL,0.00,561.00,NULL,NULL,'empr√©stimo quitado'),
	(2288,1,63,NULL,285,NULL,'2016-06-13 15:47:29','2016-06-13',NULL,0.00,561.00,NULL,NULL,'empr√©stimo quitado'),
	(2289,1,63,NULL,286,NULL,'2016-06-13 15:47:29','2016-06-13',NULL,0.00,561.00,NULL,NULL,'empr√©stimo quitado'),
	(2290,1,63,NULL,287,NULL,'2016-06-13 15:47:29','2016-06-13',NULL,0.00,561.00,NULL,NULL,'empr√©stimo quitado'),
	(2291,1,63,NULL,288,NULL,'2016-06-13 15:47:29','2016-06-13',NULL,0.00,561.00,NULL,NULL,'empr√©stimo quitado'),
	(2292,1,63,NULL,289,NULL,'2016-06-13 15:47:29','2016-06-13',NULL,0.00,561.00,NULL,NULL,'empr√©stimo quitado'),
	(2293,1,63,NULL,290,NULL,'2016-06-13 15:47:29','2016-06-13',NULL,0.00,561.00,NULL,NULL,'empr√©stimo quitado'),
	(2294,1,63,NULL,291,NULL,'2016-06-13 15:47:29','2016-06-13',NULL,0.00,561.00,NULL,NULL,'empr√©stimo quitado'),
	(2295,1,63,NULL,292,NULL,'2016-06-13 15:47:29','2016-06-13',NULL,0.00,561.00,NULL,NULL,'empr√©stimo quitado'),
	(2296,1,63,NULL,293,NULL,'2016-06-13 15:47:29','2016-06-13',NULL,0.00,561.00,NULL,NULL,'empr√©stimo quitado'),
	(2297,1,63,NULL,294,NULL,'2016-06-13 15:47:29','2016-06-13',NULL,0.00,561.00,NULL,NULL,'empr√©stimo quitado'),
	(2298,1,63,NULL,295,NULL,'2016-06-13 15:47:29','2016-06-13',NULL,0.00,561.00,NULL,NULL,'empr√©stimo quitado'),
	(2299,1,63,NULL,296,NULL,'2016-06-13 15:47:29','2016-06-13',NULL,0.00,561.00,NULL,NULL,'empr√©stimo quitado'),
	(2300,1,63,NULL,297,NULL,'2016-06-13 15:47:29','2016-06-13',NULL,0.00,561.00,NULL,NULL,'empr√©stimo quitado'),
	(2301,1,63,NULL,298,NULL,'2016-06-13 15:47:29','2016-06-13',NULL,0.00,561.00,NULL,NULL,'empr√©stimo quitado'),
	(2302,1,63,NULL,299,NULL,'2016-06-13 15:47:29','2016-06-13',NULL,0.00,561.00,NULL,NULL,'empr√©stimo quitado'),
	(2303,1,63,NULL,300,NULL,'2016-06-13 15:47:29','2016-06-13',NULL,0.00,561.00,NULL,NULL,'empr√©stimo quitado'),
	(2304,1,63,NULL,301,NULL,'2016-06-13 15:47:29','2016-06-13',NULL,0.00,561.00,NULL,NULL,'empr√©stimo quitado'),
	(2305,1,63,NULL,302,NULL,'2016-06-13 15:47:29','2016-06-13',NULL,0.00,561.00,NULL,NULL,'empr√©stimo quitado'),
	(2306,1,63,NULL,303,NULL,'2016-06-13 15:47:29','2016-06-13',NULL,0.00,561.00,NULL,NULL,'empr√©stimo quitado'),
	(2307,1,63,NULL,304,NULL,'2016-06-13 15:47:29','2016-06-13',NULL,0.00,561.00,NULL,NULL,'empr√©stimo quitado'),
	(2308,1,63,NULL,305,NULL,'2016-06-13 15:47:29','2016-06-13',NULL,0.00,561.00,NULL,NULL,'empr√©stimo quitado'),
	(2339,1,24,NULL,NULL,NULL,'2016-06-23 09:08:21','2016-06-22',NULL,11.00,11.00,NULL,NULL,NULL),
	(2340,1,44,NULL,NULL,NULL,'2016-06-23 09:08:43','2016-06-22',NULL,150.00,150.00,NULL,NULL,'√≥culos'),
	(2341,1,20,NULL,NULL,NULL,'2016-06-27 07:25:50','2016-06-23',NULL,25.11,25.11,NULL,NULL,NULL),
	(2342,1,32,NULL,NULL,NULL,'2016-06-27 07:26:30','2016-06-23',NULL,33.90,33.90,NULL,NULL,'amoxilina'),
	(2343,1,24,NULL,NULL,NULL,'2016-06-27 07:26:48','2016-06-24',NULL,7.50,7.50,NULL,NULL,NULL),
	(2344,1,45,NULL,NULL,NULL,'2016-06-27 07:27:28','2016-06-25',NULL,10.00,10.00,NULL,NULL,'corte de cabelo'),
	(2345,1,28,NULL,NULL,NULL,'2016-06-27 07:27:55','2016-06-25',NULL,120.00,120.00,NULL,NULL,'troca de √≥leo'),
	(2346,1,44,NULL,NULL,NULL,'2016-06-27 07:28:39','2016-06-25',NULL,30.00,30.00,NULL,NULL,'fichas no tagua shopping'),
	(2347,1,24,NULL,NULL,NULL,'2016-06-27 07:29:06','2016-06-25',NULL,21.00,21.00,NULL,NULL,'mc donalds'),
	(2348,1,32,NULL,NULL,NULL,'2016-06-27 07:31:41','2016-06-25',NULL,30.00,30.00,NULL,NULL,'maxsulid'),
	(2349,1,41,NULL,NULL,NULL,'2016-06-27 07:32:15','2016-06-25',NULL,75.00,75.00,NULL,NULL,'tartarugas ninjas'),
	(2350,1,77,NULL,NULL,NULL,'2016-06-27 07:32:39','2016-06-25',NULL,12.00,12.00,NULL,NULL,NULL),
	(2351,1,25,NULL,NULL,NULL,'2016-06-27 07:33:10','2016-06-25',NULL,65.50,65.50,NULL,NULL,'mc donalds'),
	(2352,1,32,NULL,NULL,NULL,'2016-06-27 07:33:48','2016-06-26',NULL,11.00,11.00,NULL,NULL,'seringas'),
	(2353,1,24,NULL,NULL,NULL,'2016-06-27 07:34:21','2016-06-26',NULL,11.00,11.00,NULL,NULL,'cachorro quente mangueiral'),
	(2354,1,24,NULL,NULL,NULL,'2016-06-30 22:53:22','2016-06-28',NULL,20.43,20.43,NULL,NULL,NULL),
	(2355,1,20,NULL,NULL,NULL,'2016-06-30 22:53:49','2016-06-28',NULL,108.26,108.26,NULL,NULL,NULL),
	(2356,1,32,NULL,NULL,NULL,'2016-06-30 22:54:40','2016-06-29',NULL,116.12,116.12,NULL,NULL,'remedios do otorrino'),
	(2357,1,20,NULL,NULL,NULL,'2016-06-30 22:55:19','2016-06-30',NULL,11.00,11.00,NULL,NULL,NULL),
	(2358,1,24,NULL,NULL,NULL,'2016-06-30 22:55:43','2016-06-30',NULL,16.50,16.50,NULL,NULL,'cachorro quente'),
	(2359,1,26,NULL,NULL,NULL,'2016-07-01 09:49:12','2016-06-25',NULL,135.09,135.09,NULL,NULL,'512km\n37 Litros de Gasolina Aditivada'),
	(2360,1,26,NULL,NULL,NULL,'2016-07-01 09:49:59','2016-07-01',NULL,137.03,137.03,NULL,NULL,'521km\n38,6 litros de gasolina aditivada'),
	(2361,1,24,NULL,NULL,NULL,'2016-07-04 07:23:35','2016-07-01',NULL,36.34,36.34,NULL,NULL,NULL),
	(2362,1,24,NULL,NULL,NULL,'2016-07-04 07:24:15','2016-07-01',NULL,9.50,9.50,NULL,NULL,'g bomba'),
	(2363,1,20,NULL,NULL,NULL,'2016-07-04 07:24:41','2016-07-02',NULL,46.00,46.00,NULL,NULL,'cerva'),
	(2364,1,20,NULL,NULL,NULL,'2016-07-04 07:25:32','2016-07-03',NULL,101.45,101.45,NULL,NULL,'2 bandejas de frango e 3 lampadas led e kinder ovo'),
	(2365,1,24,NULL,NULL,NULL,'2016-07-04 07:37:37','2016-07-03',NULL,11.00,11.00,NULL,NULL,'cachorro quente'),
	(2366,1,32,NULL,NULL,6,'2016-07-04 07:38:42','2016-07-03',NULL,378.00,378.00,NULL,NULL,'santa rita LA 40mg'),
	(2367,1,24,NULL,NULL,NULL,'2016-07-05 07:26:17','2016-07-04',NULL,8.38,8.38,NULL,NULL,NULL),
	(2368,1,78,NULL,NULL,6,'2016-07-05 07:27:00','2016-07-05',NULL,286.68,286.68,NULL,NULL,'mem√≥ria 8gb'),
	(2369,1,50,NULL,NULL,NULL,'2016-07-05 07:27:33','2016-07-05',NULL,5556.46,5556.46,NULL,NULL,'sal√°rio stefanini'),
	(2370,1,15,12,NULL,NULL,'2016-07-05 07:28:33','2016-07-11',NULL,139.44,131.25,NULL,NULL,NULL),
	(2371,1,12,10,NULL,NULL,'2016-07-05 07:28:57','2016-07-08',NULL,92.95,84.18,NULL,NULL,NULL),
	(2372,1,14,11,NULL,NULL,'2016-07-05 07:29:38','2016-07-11',NULL,189.99,189.99,NULL,NULL,NULL),
	(2373,1,75,13,NULL,NULL,'2016-07-05 07:30:55','2016-07-05',NULL,600.00,600.00,NULL,NULL,NULL),
	(2374,1,76,NULL,NULL,6,'2016-07-05 07:33:00','2016-07-05','2016-07-10',772.99,637.43,NULL,NULL,NULL),
	(2375,1,76,NULL,NULL,7,'2016-07-05 07:34:02','2016-07-05','2016-07-10',472.84,30.17,NULL,NULL,NULL),
	(2376,1,10,14,NULL,NULL,'2016-07-05 07:35:15','2016-07-05',NULL,309.31,305.11,NULL,NULL,NULL),
	(2377,1,63,NULL,33,NULL,'2016-07-05 07:38:22','2016-07-05',NULL,1182.90,1151.29,NULL,NULL,NULL),
	(2378,1,78,32,NULL,NULL,'2016-07-05 07:39:43','2016-07-05',NULL,94.70,94.70,NULL,NULL,NULL),
	(2379,1,24,NULL,NULL,NULL,'2016-07-07 18:58:46','2016-07-05',NULL,9.38,9.38,NULL,NULL,NULL),
	(2380,1,24,NULL,NULL,NULL,'2016-07-07 18:59:09','2016-07-06',NULL,24.47,24.47,NULL,NULL,NULL),
	(2381,1,32,NULL,NULL,NULL,'2016-07-07 18:59:36','2016-07-06',NULL,10.88,10.88,NULL,NULL,'prestobarba'),
	(2382,1,44,NULL,NULL,NULL,'2016-07-07 19:00:30','2016-07-06',NULL,140.00,140.00,NULL,NULL,'lentes escuras com grau para o √≥culos'),
	(2383,1,24,NULL,NULL,NULL,'2016-07-07 19:01:11','2016-07-06',NULL,126.28,126.28,NULL,NULL,'mormaii surf bar'),
	(2384,1,77,NULL,NULL,NULL,'2016-07-07 19:01:39','2016-07-06',NULL,7.90,7.90,NULL,NULL,NULL),
	(2385,1,24,NULL,NULL,NULL,'2016-07-07 19:01:56','2016-07-07',NULL,7.30,7.30,NULL,NULL,NULL),
	(2386,1,24,NULL,NULL,NULL,'2016-07-08 08:26:32','2016-07-07',NULL,16.50,16.50,NULL,NULL,'cachorro quente'),
	(2387,1,24,NULL,NULL,NULL,'2016-07-08 08:26:54','2016-07-08',NULL,5.50,5.50,NULL,NULL,NULL),
	(2388,1,60,NULL,NULL,NULL,'2016-07-12 13:26:23','2016-07-09',NULL,70.00,70.00,NULL,NULL,'bota'),
	(2389,1,25,NULL,NULL,NULL,'2016-07-12 13:26:53','2016-07-09',NULL,17.99,17.99,NULL,NULL,'rebull'),
	(2390,1,26,NULL,NULL,NULL,'2016-07-12 13:30:07','2016-07-10',NULL,166.69,166.69,NULL,NULL,'614km\n47 litros de gasolina aditivada'),
	(2391,1,24,NULL,NULL,NULL,'2016-07-12 13:30:46','2016-07-10',NULL,11.00,11.00,NULL,NULL,'cachorro quente'),
	(2392,1,20,NULL,NULL,NULL,'2016-07-12 13:31:23','2016-07-11',NULL,94.37,94.37,NULL,NULL,NULL),
	(2393,1,84,NULL,NULL,NULL,'2016-07-12 13:31:43','2016-07-12',NULL,350.00,350.00,NULL,NULL,'clebys'),
	(2394,1,24,NULL,NULL,NULL,'2016-07-16 17:13:43','2016-07-13',NULL,16.50,16.50,NULL,NULL,NULL),
	(2395,1,24,NULL,NULL,NULL,'2016-07-16 17:13:57','2016-07-14',NULL,16.50,16.50,NULL,NULL,NULL),
	(2396,1,24,NULL,NULL,NULL,'2016-07-16 17:14:10','2016-07-15',NULL,16.50,16.50,NULL,NULL,NULL),
	(2397,1,72,NULL,NULL,NULL,'2016-07-16 17:15:14','2016-07-15',NULL,2762.61,2762.61,NULL,NULL,'RESTITUICAO IMPOSTO DE RENDA PF DOC IRPF'),
	(2398,1,26,NULL,NULL,NULL,'2016-07-18 16:53:45','2016-07-18',NULL,142.30,142.30,NULL,NULL,'560km\n40.5 litros'),
	(2399,1,20,NULL,NULL,NULL,'2016-07-19 07:20:37','2016-07-16',NULL,40.96,40.96,NULL,NULL,NULL),
	(2400,1,20,NULL,NULL,NULL,'2016-07-19 07:21:00','2016-07-16',NULL,33.88,33.88,NULL,NULL,NULL),
	(2401,1,20,NULL,NULL,NULL,'2016-07-19 07:21:22','2016-07-16',NULL,39.27,39.27,NULL,NULL,NULL),
	(2402,1,20,NULL,NULL,NULL,'2016-07-19 07:21:42','2016-07-17',NULL,81.16,81.16,NULL,NULL,NULL),
	(2403,1,24,NULL,NULL,NULL,'2016-07-19 07:22:02','2016-07-17',NULL,11.00,11.00,NULL,NULL,NULL),
	(2404,1,26,NULL,NULL,NULL,'2016-07-24 23:37:19','2016-07-24',NULL,147.43,147.43,NULL,NULL,'40 litros \n575km'),
	(2405,1,43,NULL,NULL,NULL,'2016-07-25 08:43:53','2016-07-20',NULL,350.00,350.00,NULL,NULL,'sapatos'),
	(2406,1,84,NULL,NULL,NULL,'2016-07-25 08:44:27','2016-07-21',NULL,400.00,400.00,NULL,NULL,'aline gomes'),
	(2407,1,24,NULL,NULL,NULL,'2016-07-25 08:44:46','2016-07-21',NULL,16.50,16.50,NULL,NULL,'cachorro quente'),
	(2408,1,24,NULL,NULL,NULL,'2016-07-25 08:45:15','2016-07-22',NULL,20.50,20.50,NULL,NULL,NULL),
	(2409,1,20,NULL,NULL,NULL,'2016-07-25 08:45:47','2016-07-24',NULL,105.41,105.41,NULL,NULL,NULL),
	(2410,1,32,NULL,NULL,NULL,'2016-08-01 08:47:28','2016-07-26',NULL,18.89,18.89,NULL,NULL,'rem√©dio para bixo de p√©'),
	(2411,1,41,NULL,NULL,NULL,'2016-08-01 08:48:02','2016-07-26',NULL,26.00,26.00,NULL,NULL,'truque de mestre 2'),
	(2412,1,29,NULL,NULL,NULL,'2016-08-01 08:49:03','2016-07-29',NULL,73.33,73.33,NULL,NULL,'TAXA DE LICENCIAMENTO ANUAL / 2016'),
	(2413,1,65,NULL,NULL,NULL,'2016-08-01 08:51:49','2016-07-29',NULL,170.26,170.26,NULL,NULL,'13/12/2015 ¬≠14:25 Transitar velocidade superior max permit ate 20%\n03/04/2015¬≠ 11:45 Transitar velocidade superior max permit ate 20%'),
	(2414,1,20,NULL,NULL,NULL,'2016-08-01 08:52:42','2016-07-29',NULL,114.13,114.13,NULL,NULL,'cerva'),
	(2415,1,20,NULL,NULL,NULL,'2016-08-01 08:53:19','2016-07-30',NULL,102.29,102.29,NULL,NULL,'itens para o almo√ßo'),
	(2416,1,23,NULL,NULL,NULL,'2016-08-01 08:53:50','2016-07-30',NULL,50.00,50.00,NULL,NULL,'itens para o almo√ßo'),
	(2417,1,62,NULL,NULL,NULL,'2016-08-01 08:54:29','2016-07-30',NULL,62.90,62.90,NULL,NULL,'camisa pink floyd'),
	(2418,1,20,NULL,NULL,NULL,'2016-08-01 08:54:58','2016-07-30',NULL,13.27,13.27,NULL,NULL,NULL),
	(2419,1,24,NULL,NULL,NULL,'2016-08-01 08:55:27','2016-07-30',NULL,23.00,23.00,NULL,NULL,'gbomba'),
	(2420,1,26,NULL,NULL,NULL,'2016-08-01 08:56:45','2016-07-31',NULL,143.99,143.99,NULL,NULL,'540km\n40,2 litros de gasolina'),
	(2421,1,78,NULL,NULL,7,'2016-08-01 08:57:55','2016-07-28',NULL,10.04,10.04,NULL,NULL,'alpha mission'),
	(2422,1,78,NULL,NULL,7,'2016-08-01 08:58:22','2016-07-29',NULL,18.57,18.57,NULL,NULL,'mega man x4'),
	(2423,1,81,NULL,NULL,6,'2016-08-03 07:56:02','2016-07-29',NULL,1309.44,1309.44,NULL,NULL,'2 ingressos do show do guns n roses em bras√≠lia'),
	(2424,1,24,NULL,NULL,NULL,'2016-08-03 07:58:03','2016-08-01',NULL,27.90,27.90,NULL,NULL,'pizza'),
	(2425,1,20,NULL,NULL,NULL,'2016-08-03 07:58:31','2016-08-02',NULL,52.64,52.64,NULL,NULL,NULL),
	(2426,1,24,NULL,NULL,NULL,'2016-08-08 07:59:20','2016-08-04',NULL,16.50,16.50,NULL,NULL,'cachorro quente mangueiral'),
	(2427,1,50,NULL,NULL,NULL,'2016-08-08 07:59:56','2016-08-05',NULL,5434.41,5434.41,NULL,NULL,'LIQUIDO DE VENCIMENTO STEFANINI 58069360000120'),
	(2428,1,62,NULL,NULL,NULL,'2016-08-08 08:00:46','2016-08-05',NULL,189.99,189.99,NULL,NULL,'arco e flecha \nanivers√°rio'),
	(2429,1,24,NULL,NULL,NULL,'2016-08-08 08:01:22','2016-08-05',NULL,65.50,65.50,NULL,NULL,'pizzaria'),
	(2430,1,20,NULL,NULL,NULL,'2016-08-08 08:01:49','2016-08-06',NULL,96.00,96.00,NULL,NULL,NULL),
	(2431,1,32,NULL,NULL,NULL,'2016-08-08 08:02:33','2016-08-06',NULL,28.97,28.97,NULL,NULL,'protetor labial, sabonete'),
	(2432,1,24,NULL,NULL,NULL,'2016-08-08 08:03:08','2016-08-07',NULL,16.50,16.50,NULL,NULL,'cachorro quente'),
	(2433,1,12,10,NULL,NULL,'2016-08-08 08:03:39','2016-08-08',NULL,64.96,92.32,NULL,NULL,NULL),
	(2434,1,14,11,NULL,NULL,'2016-08-08 08:04:27','2016-08-10',NULL,189.99,189.99,NULL,NULL,NULL),
	(2435,1,15,12,NULL,NULL,'2016-08-08 08:04:56','2016-08-10',NULL,139.44,137.04,NULL,NULL,NULL),
	(2436,1,75,13,NULL,NULL,'2016-08-08 08:07:23','2016-08-08',NULL,600.00,600.00,NULL,NULL,NULL),
	(2437,1,76,NULL,NULL,6,'2016-08-08 08:08:18','2016-08-08','2016-08-10',741.46,508.72,NULL,NULL,NULL),
	(2438,1,76,NULL,NULL,7,'2016-08-08 08:09:13','2016-08-08','2016-08-10',484.84,30.17,NULL,NULL,NULL),
	(2439,1,63,NULL,34,NULL,'2016-08-08 08:11:55','2016-08-08',NULL,1181.14,1148.14,NULL,NULL,NULL),
	(2440,1,10,14,NULL,NULL,'2016-08-08 08:14:11','2016-08-08',NULL,309.31,306.51,NULL,NULL,NULL),
	(2441,1,26,NULL,NULL,NULL,'2016-08-08 17:03:33','2016-08-08',NULL,136.33,136.33,NULL,NULL,'38litros\n480km'),
	(2442,1,20,NULL,NULL,NULL,'2016-08-11 19:06:25','2016-08-08',NULL,47.23,47.23,NULL,NULL,NULL),
	(2443,1,24,NULL,NULL,NULL,'2016-08-11 19:06:45','2016-08-10',NULL,16.50,16.50,NULL,NULL,NULL),
	(2444,1,44,NULL,NULL,6,'2016-08-11 19:07:19','2016-08-11',NULL,70.00,70.00,NULL,NULL,'LP Guns N Roses'),
	(2445,1,24,NULL,NULL,NULL,'2016-08-19 18:29:19','2016-08-11',NULL,27.00,27.00,NULL,NULL,'almo√ßo com o boss'),
	(2446,1,24,NULL,NULL,NULL,'2016-08-19 18:29:42','2016-08-11',NULL,16.50,16.50,NULL,NULL,'cachorro quente'),
	(2447,1,20,NULL,NULL,NULL,'2016-08-19 18:29:57','2016-08-11',NULL,20.85,20.85,NULL,NULL,NULL),
	(2448,1,22,NULL,NULL,NULL,'2016-08-19 18:30:40','2016-08-12',NULL,75.00,75.00,NULL,NULL,'bolo'),
	(2449,1,24,NULL,NULL,NULL,'2016-08-19 18:31:17','2016-08-12',NULL,23.00,23.00,NULL,NULL,NULL),
	(2450,1,20,NULL,NULL,NULL,'2016-08-19 18:31:42','2016-08-12',NULL,27.00,27.00,NULL,NULL,'cerva'),
	(2451,1,20,NULL,NULL,NULL,'2016-08-19 18:32:11','2016-08-13',NULL,70.79,70.79,NULL,NULL,NULL),
	(2452,1,24,NULL,NULL,NULL,'2016-08-19 18:32:34','2016-08-13',NULL,38.50,38.50,NULL,NULL,'subway'),
	(2453,1,24,NULL,NULL,NULL,'2016-08-19 18:33:18','2016-08-13',NULL,37.00,37.00,NULL,NULL,'gbomba'),
	(2454,1,26,NULL,NULL,NULL,'2016-08-19 18:34:18','2016-08-17',NULL,135.61,135.61,NULL,NULL,'500km\n38,74Litros aditv.'),
	(2455,1,24,NULL,NULL,NULL,'2016-08-19 18:34:40','2016-08-17',NULL,49.90,49.90,NULL,NULL,'pizza'),
	(2456,1,24,NULL,NULL,NULL,'2016-08-19 18:34:59','2016-08-19',NULL,17.25,17.25,NULL,NULL,'almo√ßo com o boss'),
	(2457,1,78,NULL,NULL,7,'2016-08-19 18:36:41','2016-08-18',NULL,148.04,148.04,NULL,NULL,'gta V'),
	(2458,1,20,NULL,NULL,NULL,'2016-08-23 18:54:53','2016-08-19',NULL,68.29,68.29,NULL,NULL,'cerva'),
	(2459,1,20,NULL,NULL,NULL,'2016-08-23 18:55:25','2016-08-20',NULL,51.73,51.73,NULL,NULL,NULL),
	(2460,1,24,NULL,NULL,NULL,'2016-08-23 18:56:07','2016-08-21',NULL,135.08,135.08,NULL,NULL,'michelle-sushi'),
	(2461,1,32,NULL,NULL,NULL,'2016-08-23 18:56:38','2016-08-21',NULL,19.57,19.57,NULL,NULL,'michelle'),
	(2462,1,41,NULL,NULL,NULL,'2016-08-23 18:57:04','2016-08-21',NULL,37.00,37.00,NULL,NULL,'esquadr√£o suicida'),
	(2463,1,20,NULL,NULL,NULL,'2016-08-23 18:57:28','2016-08-22',NULL,21.15,21.15,NULL,NULL,NULL),
	(2464,1,32,NULL,NULL,NULL,'2016-08-23 18:57:55','2016-08-22',NULL,40.00,40.00,NULL,NULL,'alicate de unha e sabonetes'),
	(2465,1,26,NULL,NULL,NULL,'2016-08-24 19:19:17','2016-08-24',NULL,139.90,139.90,NULL,NULL,'511km\n39,97 litros de gasolina'),
	(2466,1,20,NULL,NULL,NULL,'2016-08-29 12:01:37','2016-08-23',NULL,24.55,24.55,NULL,NULL,NULL),
	(2467,1,20,NULL,NULL,NULL,'2016-08-29 12:02:18','2016-08-26',NULL,134.43,134.43,NULL,NULL,'cerva p/ niver miguel'),
	(2468,1,20,NULL,NULL,NULL,'2016-08-29 12:04:37','2016-08-27',NULL,91.54,91.54,NULL,NULL,'niver miguel'),
	(2469,1,20,NULL,NULL,NULL,'2016-08-29 12:05:38','2016-08-27',NULL,60.00,60.00,NULL,NULL,'cremosinho nver miguel'),
	(2470,1,26,NULL,NULL,NULL,'2016-09-01 19:16:56','2016-09-01',NULL,136.12,136.12,NULL,NULL,'482km\n38,8'),
	(2471,1,24,NULL,NULL,NULL,'2016-09-05 09:21:35','2016-08-30',NULL,37.50,37.50,NULL,NULL,'sushi'),
	(2472,1,24,NULL,NULL,NULL,'2016-09-05 09:22:02','2016-08-31',NULL,16.50,16.50,NULL,NULL,'cachorro quente'),
	(2473,1,24,NULL,NULL,NULL,'2016-09-05 09:22:24','2016-09-01',NULL,16.50,16.50,NULL,NULL,'cachorro quente'),
	(2474,1,25,NULL,NULL,NULL,'2016-09-05 09:26:37','2016-09-02',NULL,15.00,15.00,NULL,NULL,'pimenta'),
	(2475,1,44,NULL,NULL,NULL,'2016-09-05 09:27:01','2016-09-02',NULL,20.00,20.00,NULL,NULL,'carteirinha de estudante'),
	(2476,1,41,NULL,NULL,NULL,'2016-09-05 09:27:27','2016-09-02',NULL,30.50,30.50,NULL,NULL,'star treck'),
	(2477,1,50,NULL,NULL,NULL,'2016-09-05 09:28:21','2016-09-05',NULL,5425.27,5425.27,NULL,NULL,NULL),
	(2478,1,80,NULL,NULL,NULL,'2016-09-05 09:28:51','2016-09-03',NULL,139.08,139.08,NULL,NULL,'ferramentas e tintas'),
	(2479,1,44,NULL,NULL,NULL,'2016-09-05 09:29:20','2016-09-04',NULL,80.00,80.00,NULL,NULL,'ra√ß√£o p/ cachorros'),
	(2480,1,24,NULL,NULL,NULL,'2016-09-05 09:29:44','2016-09-04',NULL,16.50,16.50,NULL,NULL,'cachorro quente'),
	(2481,1,75,13,NULL,NULL,'2016-09-05 09:32:46','2016-09-05',NULL,600.00,600.00,NULL,NULL,NULL),
	(2482,1,76,NULL,NULL,6,'2016-09-05 09:33:33','2016-09-05','2016-09-10',977.86,1015.20,NULL,NULL,NULL),
	(2483,1,76,NULL,NULL,7,'2016-09-05 09:34:23','2016-09-05','2016-09-10',222.00,176.65,NULL,NULL,NULL),
	(2484,1,10,14,NULL,NULL,'2016-09-05 09:37:03','2016-09-05',NULL,309.31,307.91,NULL,NULL,NULL),
	(2485,1,63,NULL,35,NULL,'2016-09-05 09:40:48','2016-09-05',NULL,1179.25,1145.00,NULL,NULL,NULL),
	(2486,1,12,10,NULL,NULL,'2016-09-05 09:41:41','2016-09-08',NULL,66.43,80.54,NULL,NULL,NULL),
	(2487,1,15,12,NULL,NULL,'2016-09-05 09:42:30','2016-09-12',NULL,139.44,139.15,NULL,NULL,NULL),
	(2488,1,14,11,NULL,NULL,'2016-09-05 09:43:05','2016-09-12',NULL,189.99,189.99,NULL,NULL,NULL),
	(2489,1,26,NULL,NULL,NULL,'2016-09-07 16:42:27','2016-09-07',NULL,149.21,149.21,NULL,NULL,'560km\n 41,68 litros de gasolina aditivada'),
	(2490,1,24,NULL,NULL,NULL,'2016-09-12 06:30:50','2016-09-06',NULL,11.45,11.45,NULL,NULL,'mormaii surf bar'),
	(2491,1,20,NULL,NULL,NULL,'2016-09-12 06:31:21','2016-09-07',NULL,23.14,23.14,NULL,NULL,NULL),
	(2492,1,13,NULL,NULL,NULL,'2016-09-12 06:31:49','2016-09-08',NULL,25.75,25.75,NULL,NULL,NULL),
	(2493,1,24,NULL,NULL,NULL,'2016-09-12 06:32:12','2016-09-07',NULL,16.50,16.50,NULL,NULL,'cachorro quente'),
	(2494,1,0,NULL,NULL,NULL,'2016-09-12 06:33:52','2016-09-08',NULL,230.00,230.00,NULL,NULL,'d√≠vida com minha m√£e'),
	(2495,1,24,NULL,NULL,NULL,'2016-09-12 06:34:17','2016-09-08',NULL,16.50,16.50,NULL,NULL,'cachorro quente'),
	(2496,1,24,NULL,NULL,NULL,'2016-09-12 06:34:52','2016-09-09',NULL,22.40,22.40,NULL,NULL,'amigao'),
	(2497,1,79,NULL,NULL,NULL,'2016-09-12 06:35:35','2016-09-09',NULL,400.00,400.00,NULL,NULL,'galaxy s4, presente de anivers√°rio'),
	(2498,1,20,NULL,NULL,NULL,'2016-09-12 06:35:59','2016-09-10',NULL,93.29,93.29,NULL,NULL,NULL),
	(2499,1,32,NULL,NULL,NULL,'2016-09-12 06:36:35','2016-09-11',NULL,51.03,51.03,NULL,NULL,'maxsulid, vitamina c'),
	(2500,1,78,NULL,NULL,NULL,'2016-09-12 06:37:00','2016-09-11',NULL,89.00,89.00,NULL,NULL,'moldem'),
	(2501,1,20,NULL,NULL,NULL,'2016-09-12 06:37:35','2016-09-11',NULL,43.67,43.67,NULL,NULL,'batata doce, ovos e molho madeira'),
	(2502,1,26,NULL,NULL,NULL,'2016-09-14 13:01:50','2016-09-14',NULL,144.81,144.81,NULL,NULL,'516km\n40,4 litros de gasolina aditivada'),
	(2503,1,20,NULL,NULL,NULL,'2016-09-19 07:48:25','2016-09-12',NULL,9.85,9.85,NULL,NULL,NULL),
	(2504,1,32,NULL,NULL,NULL,'2016-09-19 07:49:03','2016-09-14',NULL,13.30,13.30,NULL,NULL,'prestobarba'),
	(2505,1,20,NULL,NULL,NULL,'2016-09-19 07:49:27','2016-09-16',NULL,57.62,57.62,NULL,NULL,NULL),
	(2506,1,25,NULL,NULL,NULL,'2016-09-19 07:50:05','2016-09-17',NULL,20.00,20.00,NULL,NULL,'frango assado'),
	(2507,1,32,NULL,NULL,NULL,'2016-09-19 07:51:00','2016-09-17',NULL,23.84,23.84,NULL,NULL,'escova de dentes e pasta'),
	(2508,1,32,NULL,NULL,6,'2016-09-19 07:53:06','2016-09-13',NULL,378.00,378.00,NULL,NULL,'ritalina'),
	(2509,1,26,NULL,NULL,NULL,'2016-09-23 07:22:11','2016-09-23',NULL,131.76,131.76,NULL,NULL,'40 litros \n513km'),
	(2510,1,24,NULL,NULL,NULL,'2016-09-28 11:35:29','2016-09-22',NULL,16.50,16.50,NULL,NULL,'cachorro quente'),
	(2511,1,41,NULL,NULL,NULL,'2016-09-28 11:36:20','2016-09-24',NULL,67.50,67.50,NULL,NULL,'pets'),
	(2512,1,20,NULL,NULL,NULL,'2016-09-28 11:37:11','2016-09-25',NULL,22.06,22.06,NULL,NULL,NULL),
	(2513,1,24,NULL,NULL,NULL,'2016-09-28 11:37:35','2016-09-25',NULL,16.50,16.50,NULL,NULL,'cachorro quente'),
	(2514,1,26,NULL,NULL,NULL,'2016-09-30 19:54:05','2016-09-30',NULL,142.32,142.32,NULL,NULL,'521km\n40,2 litros de gasolina aditivada'),
	(2515,1,24,NULL,NULL,NULL,'2016-10-04 07:35:56','2016-09-29',NULL,17.80,17.80,NULL,NULL,'amig√£o'),
	(2516,1,24,NULL,NULL,NULL,'2016-10-04 07:36:19','2016-09-29',NULL,16.50,16.50,NULL,NULL,'cachorro quente'),
	(2517,1,24,NULL,NULL,NULL,'2016-10-04 07:36:49','2016-09-30',NULL,22.95,22.95,NULL,NULL,'amig√£o'),
	(2518,1,20,NULL,NULL,NULL,'2016-10-04 07:37:19','2016-10-03',NULL,19.45,19.45,NULL,NULL,NULL),
	(2519,1,76,NULL,NULL,6,'2016-10-05 09:05:10','2016-10-05','2016-10-10',948.72,945.20,NULL,NULL,NULL),
	(2520,1,75,13,NULL,NULL,'2016-10-05 09:07:22','2016-10-05',NULL,600.00,600.00,NULL,NULL,NULL),
	(2521,1,12,10,NULL,NULL,'2016-10-05 09:09:18','2016-10-10',NULL,81.64,74.78,NULL,NULL,NULL),
	(2522,1,15,12,NULL,NULL,'2016-10-05 09:10:40','2016-10-10',NULL,139.44,139.44,NULL,NULL,NULL),
	(2523,1,10,14,NULL,NULL,'2016-10-05 09:12:04','2016-10-05',NULL,309.31,309.31,NULL,NULL,NULL),
	(2524,1,63,NULL,36,NULL,'2016-10-05 09:13:39','2016-10-05',NULL,1186.27,1141.85,NULL,NULL,NULL),
	(2525,1,78,32,NULL,NULL,'2016-10-05 09:14:30','2016-10-05',NULL,94.70,94.70,NULL,NULL,NULL),
	(2526,1,78,NULL,NULL,7,'2016-09-12 00:00:00','2016-09-12','2016-10-10',3.45,3.45,NULL,NULL,'apple'),
	(2527,1,76,NULL,NULL,7,'2016-10-05 15:13:32','2016-10-05','2016-10-10',84.14,3.45,NULL,NULL,NULL),
	(2528,1,14,11,NULL,NULL,'2016-10-06 10:31:02','2016-10-10',NULL,189.99,189.99,NULL,NULL,NULL),
	(2529,1,78,NULL,NULL,NULL,'2016-10-06 15:20:36','2016-10-06',NULL,52.00,52.00,NULL,NULL,'micro sd  64gb'),
	(2530,1,44,NULL,NULL,6,'2016-10-06 15:21:21','2016-10-06',NULL,119.98,119.98,NULL,NULL,'frigideira polishop'),
	(2531,1,44,NULL,NULL,NULL,'2016-10-06 15:22:11','2016-10-06',NULL,50.00,50.00,NULL,NULL,'ajuda v√≥'),
	(2532,1,26,NULL,NULL,NULL,'2016-10-07 16:46:08','2016-10-07',NULL,126.45,126.45,NULL,NULL,'500km\n38  litros de gasolina'),
	(2533,1,20,NULL,NULL,NULL,'2016-10-10 09:16:57','2016-10-07',NULL,50.42,50.42,NULL,NULL,NULL),
	(2534,1,43,NULL,NULL,NULL,'2016-10-10 09:17:32','2016-10-08',NULL,151.60,151.60,NULL,NULL,'roupas p/ praia'),
	(2535,1,44,NULL,NULL,NULL,'2016-10-10 09:18:11','2016-10-08',NULL,349.98,349.98,NULL,NULL,'presente Miguel e Alice'),
	(2536,1,20,NULL,NULL,NULL,'2016-10-10 09:18:37','2016-10-09',NULL,115.35,115.35,NULL,NULL,NULL),
	(2537,1,80,NULL,NULL,NULL,'2016-10-10 09:18:59','2016-10-09',NULL,24.50,24.50,NULL,NULL,NULL),
	(2538,1,50,NULL,NULL,NULL,'2016-10-10 09:20:09','2016-10-05',NULL,6388.65,6388.65,NULL,NULL,NULL),
	(2539,1,20,NULL,NULL,NULL,'2016-10-18 07:32:59','2016-10-11',NULL,11.70,11.70,NULL,NULL,NULL),
	(2540,1,24,NULL,NULL,NULL,'2016-10-18 07:33:37','2016-10-11',NULL,32.00,32.00,NULL,NULL,'gbomba'),
	(2541,1,43,NULL,NULL,NULL,'2016-10-18 07:34:30','2016-10-12',NULL,39.99,39.99,NULL,NULL,'sand√°lia p/ pai'),
	(2542,1,26,NULL,NULL,NULL,'2016-10-18 07:35:14','2016-10-13',NULL,102.00,102.00,NULL,NULL,'29 litros'),
	(2543,1,24,NULL,NULL,NULL,'2016-10-18 07:35:38','2016-10-13',NULL,60.00,60.00,NULL,NULL,NULL),
	(2544,1,26,NULL,NULL,NULL,'2016-10-18 07:36:07','2016-10-13',NULL,115.79,115.79,NULL,NULL,'COMPRA CARTAO MAESTRO 13/10 POSTO TIJUCO'),
	(2545,1,20,NULL,NULL,NULL,'2016-10-18 07:36:41','2016-10-13',NULL,63.02,63.02,NULL,NULL,'uberaba'),
	(2546,1,32,NULL,NULL,NULL,'2016-10-18 07:37:18','2016-10-13',NULL,19.80,19.80,NULL,NULL,'pastilhas - uberaba'),
	(2547,1,43,NULL,NULL,NULL,'2016-10-18 07:37:58','2016-10-14',NULL,107.70,107.70,NULL,NULL,'COMPRA CARTAO MAESTRO 14/10 RIACHUELO FL 31 - uberaba'),
	(2548,1,26,NULL,NULL,NULL,'2016-10-18 07:38:31','2016-10-16',NULL,45.48,45.48,NULL,NULL,'uberaba'),
	(2549,1,20,NULL,NULL,NULL,'2016-10-18 07:42:43','2016-10-14',NULL,101.89,101.89,NULL,NULL,'uberaba'),
	(2550,1,26,NULL,NULL,NULL,'2016-10-18 19:07:44','2016-10-18',NULL,134.18,134.18,NULL,NULL,'555km\n40.9 litros de gasolina comum'),
	(2551,1,32,NULL,NULL,NULL,'2016-10-21 08:56:24','2016-10-18',NULL,27.99,27.99,NULL,NULL,'maxsulid'),
	(2552,1,32,NULL,NULL,NULL,'2016-10-21 08:56:55','2016-10-19',NULL,9.37,9.37,NULL,NULL,'jo√£o'),
	(2553,1,26,NULL,NULL,NULL,'2016-10-25 17:08:44','2016-10-25',NULL,141.00,141.00,NULL,NULL,'557km\n41 litros de gasolina'),
	(2554,1,78,NULL,NULL,6,'2016-10-27 08:52:10','2016-10-27',NULL,23.90,23.90,NULL,NULL,'abo ps vita'),
	(2555,1,24,NULL,NULL,NULL,'2016-10-27 08:53:15','2016-10-25',NULL,61.38,61.38,NULL,NULL,'koni store'),
	(2556,1,44,NULL,NULL,NULL,'2016-10-27 08:53:52','2016-10-25',NULL,80.90,80.90,NULL,NULL,'motel'),
	(2557,1,20,NULL,NULL,NULL,'2016-10-27 08:54:23','2016-10-26',NULL,32.34,32.34,NULL,NULL,'coca cola'),
	(2558,1,20,NULL,NULL,NULL,'2016-11-01 11:02:32','2016-10-27',NULL,11.00,11.00,NULL,NULL,'cachorro quente'),
	(2559,1,72,NULL,NULL,NULL,'2016-11-01 11:03:10','2016-10-28',NULL,6000.00,6000.00,NULL,NULL,'cni-extrator crm'),
	(2560,1,20,NULL,NULL,NULL,'2016-11-01 11:03:48','2016-10-29',NULL,87.19,87.19,NULL,NULL,'festa alice'),
	(2561,1,22,NULL,NULL,NULL,'2016-11-01 11:04:10','2016-10-29',NULL,35.00,35.00,NULL,NULL,'festa alice'),
	(2562,1,24,NULL,NULL,NULL,'2016-11-01 11:04:40','2016-10-30',NULL,19.80,19.80,NULL,NULL,'happn'),
	(2563,1,24,NULL,NULL,NULL,'2016-11-01 11:05:09','2016-10-30',NULL,11.00,11.00,NULL,NULL,'cachorro quente'),
	(2564,1,20,NULL,NULL,NULL,'2016-11-01 11:05:29','2016-10-31',NULL,28.74,28.74,NULL,NULL,NULL),
	(2565,1,24,NULL,NULL,NULL,'2016-11-01 11:06:03','2016-11-01',NULL,10.00,10.00,NULL,NULL,'5 p√£es de queijo'),
	(2566,1,26,NULL,NULL,6,'2016-11-01 11:07:08','2016-10-30',NULL,143.19,143.19,NULL,NULL,NULL),
	(2567,1,66,NULL,NULL,6,'2016-11-01 11:13:21','2016-10-29',NULL,142.50,142.50,NULL,NULL,'passagem tia sheika'),
	(2568,1,26,NULL,NULL,NULL,'2016-11-05 10:30:10','2016-11-05',NULL,144.14,144.14,NULL,NULL,'41.3 litros de gasolina aditivada'),
	(2569,1,75,13,NULL,NULL,'2016-11-07 07:36:28','2016-11-07',NULL,600.00,600.00,NULL,NULL,NULL),
	(2570,1,12,10,NULL,NULL,'2016-11-07 07:37:16','2016-11-08',NULL,36.76,71.01,NULL,NULL,NULL),
	(2571,1,15,12,NULL,NULL,'2016-11-07 07:37:50','2016-11-10',NULL,138.97,139.44,NULL,NULL,NULL),
	(2572,1,14,11,NULL,NULL,'2016-11-07 07:38:02','2016-11-10',NULL,189.99,189.99,NULL,NULL,NULL),
	(2573,1,76,NULL,NULL,6,'2016-11-07 07:38:54','2016-11-07','2016-11-10',1603.79,936.68,NULL,NULL,NULL),
	(2574,1,10,14,NULL,NULL,'2016-11-07 07:43:47','2016-11-07',NULL,309.31,309.31,NULL,NULL,NULL),
	(2575,1,63,NULL,37,NULL,'2016-11-07 07:47:20','2016-11-07',NULL,1184.35,1138.70,NULL,NULL,NULL),
	(2576,1,50,NULL,NULL,NULL,'2016-11-07 07:48:48','2016-11-07',NULL,6396.65,6396.65,NULL,NULL,NULL),
	(2577,1,28,NULL,NULL,NULL,'2016-11-07 07:50:40','2016-11-02',NULL,10.00,10.00,NULL,NULL,'fus√≠veis'),
	(2578,1,20,NULL,NULL,NULL,'2016-11-07 07:51:21','2016-11-02',NULL,26.64,26.64,NULL,NULL,NULL),
	(2579,1,20,NULL,NULL,NULL,'2016-11-07 07:52:06','2016-11-03',NULL,16.90,16.90,NULL,NULL,NULL),
	(2580,1,20,NULL,NULL,NULL,'2016-11-07 07:52:44','2016-11-05',NULL,56.38,56.38,NULL,NULL,NULL),
	(2581,1,28,NULL,NULL,NULL,'2016-11-07 07:53:18','2016-11-05',NULL,150.00,150.00,NULL,NULL,'troca de √≥leo - bigas'),
	(2582,1,24,NULL,NULL,NULL,'2016-11-07 07:53:47','2016-11-06',NULL,16.50,16.50,NULL,NULL,'cachorro quente'),
	(2583,1,41,NULL,NULL,NULL,'2016-11-07 07:55:04','2016-11-03',NULL,70.09,70.09,NULL,NULL,'Dr. Estranho'),
	(2584,1,84,NULL,NULL,NULL,'2016-11-10 21:18:50','2016-11-07',NULL,1000.00,1000.00,NULL,NULL,'ediane'),
	(2585,1,20,NULL,NULL,NULL,'2016-11-10 21:19:13','2016-11-07',NULL,26.90,26.90,NULL,NULL,NULL),
	(2586,1,20,NULL,NULL,NULL,'2016-11-10 21:19:39','2016-11-08',NULL,17.42,17.42,NULL,NULL,NULL),
	(2587,1,78,NULL,NULL,6,'2016-11-10 21:20:07','2016-11-10',NULL,60.00,60.00,NULL,NULL,'mouse'),
	(2588,1,41,NULL,NULL,NULL,'2016-11-15 11:33:39','2016-11-11',NULL,40.00,40.00,NULL,NULL,'DR. ESTRANHO'),
	(2589,1,43,NULL,NULL,NULL,'2016-11-15 11:34:17','2016-11-11',NULL,89.90,89.90,NULL,NULL,'PRESENTE ALDEIZA'),
	(2590,1,24,NULL,NULL,NULL,'2016-11-15 11:34:42','2016-11-13',NULL,16.50,16.50,NULL,NULL,'CACHORRO QUENTE'),
	(2591,1,22,NULL,NULL,NULL,'2016-11-15 11:35:39','2016-11-15',NULL,39.43,39.43,NULL,NULL,NULL),
	(2592,1,26,NULL,NULL,6,'2016-11-15 11:36:45','2016-11-12',NULL,147.22,147.22,NULL,NULL,'41.47 LITROS DE GASOL ADITV.\n523KM'),
	(2593,1,20,NULL,NULL,NULL,'2016-11-17 16:59:35','2016-11-16',NULL,32.68,32.68,NULL,NULL,NULL),
	(2594,1,66,NULL,NULL,NULL,'2016-11-18 17:02:28','2016-11-18',NULL,6000.00,6000.00,NULL,NULL,'sinal de compra do lancer'),
	(2595,1,26,NULL,NULL,NULL,'2016-11-21 15:27:09','2016-11-18',NULL,50.00,50.00,NULL,NULL,NULL),
	(2596,1,24,NULL,NULL,NULL,'2016-11-21 15:27:38','2016-11-19',NULL,16.00,16.00,NULL,NULL,NULL),
	(2597,1,20,NULL,NULL,NULL,'2016-11-21 15:28:01','2016-11-20',NULL,58.75,58.75,NULL,NULL,NULL),
	(2598,1,81,NULL,NULL,NULL,'2016-11-21 15:28:33','2016-11-20',NULL,100.00,100.00,NULL,NULL,'guns n roses'),
	(2599,1,20,NULL,NULL,NULL,'2016-11-22 12:50:27','2016-11-21',NULL,19.48,19.48,NULL,NULL,NULL),
	(2600,1,26,NULL,NULL,NULL,'2016-11-22 12:50:42','2016-11-22',NULL,40.00,40.00,NULL,NULL,NULL),
	(2601,1,32,NULL,NULL,NULL,'2016-11-22 12:51:08','2016-11-22',NULL,46.96,46.96,NULL,NULL,'maxsulid 2cx'),
	(2602,1,72,NULL,NULL,NULL,'2016-11-22 14:41:51','2016-11-22',NULL,3750.00,3750.00,NULL,NULL,'pagamento 2/2 do Extrator CRM'),
	(2603,1,72,NULL,NULL,NULL,'2016-11-24 11:06:53','2016-11-24',NULL,24000.00,24000.00,NULL,NULL,'venda do versa'),
	(2604,1,44,NULL,NULL,NULL,'2016-11-24 11:07:56','2016-11-24',NULL,24000.00,24000.00,NULL,NULL,'entrada da compra do lancer'),
	(2605,1,76,NULL,NULL,7,'2016-11-24 13:01:50','2016-11-07','2016-11-10',123.06,0.00,NULL,NULL,NULL),
	(2606,1,66,NULL,NULL,NULL,'2016-11-24 17:18:12','2016-11-24',NULL,1750.00,1750.00,NULL,NULL,'despachante, emplacamento e m√≥dulo dos vidros para o Lancer'),
	(2607,1,26,NULL,NULL,NULL,'2016-11-24 17:20:23','2016-11-24',NULL,183.87,183.87,NULL,NULL,'49,70 litros de gasolina aditivada (R$ 3,699/Litro)\n0km (primeiro abastecimento do Lancer)'),
	(2608,1,78,NULL,NULL,NULL,'2016-11-25 16:15:20','2016-11-25',NULL,347.34,347.34,NULL,NULL,'espelhar celular na central multim√≠dia'),
	(2609,1,78,NULL,NULL,NULL,'2016-11-25 16:15:56','2016-11-25',NULL,947.13,947.13,NULL,NULL,'monitor 29 ultrawide  blackfriday'),
	(2610,1,78,NULL,NULL,NULL,'2016-11-25 16:16:27','2016-11-25',NULL,49.90,49.90,NULL,NULL,'street fighter 5 blackfriday'),
	(2612,1,80,NULL,NULL,6,'2016-11-25 16:23:51','2016-11-25',NULL,206.80,206.80,NULL,NULL,'parafusadeira blackfiday'),
	(2613,1,78,NULL,NULL,6,'2016-11-25 16:24:40','2016-11-25',NULL,345.67,345.67,NULL,NULL,'SSD blackfiday'),
	(2614,1,20,NULL,NULL,NULL,'2016-11-28 09:45:50','2016-11-25',NULL,73.00,73.00,NULL,NULL,'2cx cerva'),
	(2615,1,22,NULL,NULL,NULL,'2016-11-28 09:46:15','2016-11-26',NULL,15.24,15.24,NULL,NULL,NULL),
	(2616,1,20,NULL,NULL,NULL,'2016-11-28 09:46:38','2016-11-26',NULL,38.66,38.66,NULL,NULL,NULL),
	(2617,1,20,NULL,NULL,NULL,'2016-11-28 09:47:24','2016-11-26',NULL,38.00,38.00,NULL,NULL,'cerva'),
	(2618,1,32,NULL,NULL,NULL,'2016-11-28 09:48:06','2016-11-27',NULL,16.86,16.86,NULL,NULL,'seringas e lidocaina'),
	(2619,1,24,NULL,NULL,NULL,'2016-11-28 09:48:26','2016-11-27',NULL,11.00,11.00,NULL,NULL,'cachorro quente'),
	(2620,1,32,NULL,NULL,NULL,'2016-11-28 13:27:25','2016-11-28',NULL,378.00,378.00,NULL,NULL,'ritalina'),
	(2621,1,20,NULL,NULL,NULL,'2016-11-29 13:38:38','2016-11-28',NULL,65.13,65.13,NULL,NULL,NULL),
	(2622,1,44,NULL,NULL,NULL,'2016-11-29 13:39:08','2016-11-29',NULL,100.00,100.00,NULL,NULL,'bol√£o fim de ano'),
	(2623,1,44,NULL,NULL,NULL,'2016-11-29 13:39:40','2016-11-29',NULL,260.00,260.00,NULL,NULL,'prote√ß√£o de pintura - lancer'),
	(2624,1,67,NULL,NULL,NULL,'2016-11-29 13:43:50','2016-11-30',NULL,3232.87,3232.87,NULL,NULL,NULL),
	(2625,1,26,NULL,NULL,NULL,'2016-11-29 18:00:16','2016-11-29',NULL,164.05,164.05,NULL,NULL,'416km\n46,75 litros de gasolina aditivada'),
	(2626,1,10,14,NULL,NULL,'2016-12-04 22:13:34','2016-12-04',NULL,309.31,309.31,NULL,NULL,NULL),
	(2627,1,75,13,NULL,NULL,'2016-12-04 22:14:46','2016-12-04',NULL,700.00,600.00,NULL,NULL,NULL),
	(2628,1,76,NULL,NULL,6,'2016-12-04 22:15:50','2016-12-04','2016-12-10',909.27,708.03,NULL,NULL,NULL),
	(2629,1,76,NULL,NULL,7,'2016-12-04 22:16:32','2016-12-04','2016-12-10',111.11,0.00,NULL,NULL,NULL),
	(2630,1,63,NULL,38,NULL,'2016-12-04 22:20:14','2016-12-04',NULL,1182.25,1135.55,NULL,NULL,NULL),
	(2631,1,50,NULL,NULL,NULL,'2016-12-04 22:21:07','2016-12-05',NULL,6396.65,6396.65,NULL,NULL,NULL),
	(2632,1,78,NULL,NULL,6,'2016-12-04 22:25:29','2016-11-30',NULL,62.00,62.00,NULL,NULL,'micro sd 32gb'),
	(2633,1,24,NULL,NULL,NULL,'2016-12-04 22:26:24','2016-12-01',NULL,16.50,16.50,NULL,NULL,'cachorro quente'),
	(2634,1,44,NULL,NULL,NULL,'2016-12-04 22:27:10','2016-12-02',NULL,30.00,30.00,NULL,NULL,'suporte celular'),
	(2635,1,79,NULL,NULL,6,'2016-12-04 22:28:16','2016-12-02',NULL,169.80,169.80,NULL,NULL,'lanterna'),
	(2636,1,22,NULL,NULL,NULL,'2016-12-04 22:28:46','2016-12-03',NULL,20.49,20.49,NULL,NULL,NULL),
	(2637,1,20,NULL,NULL,NULL,'2016-12-04 22:29:20','2016-12-03',NULL,32.55,32.55,NULL,NULL,NULL),
	(2638,1,20,NULL,NULL,NULL,'2016-12-04 22:29:50','2016-12-03',NULL,17.88,17.88,NULL,NULL,NULL),
	(2639,1,29,NULL,NULL,NULL,'2016-12-05 16:25:41','2016-12-05',NULL,21.08,21.08,NULL,NULL,'seguro obrigat√≥rio Lancer'),
	(2640,1,65,NULL,NULL,NULL,'2016-12-05 16:26:04','2016-12-05',NULL,689.52,689.52,NULL,NULL,'multas do versa'),
	(2641,1,30,NULL,NULL,NULL,'2016-12-06 10:36:27','2016-12-06',NULL,370.20,370.20,NULL,NULL,'BRADESCO AUTO RE\ntransfer√™ncia, lancer'),
	(2642,1,26,NULL,NULL,NULL,'2016-12-07 07:17:32','2016-12-07',NULL,174.66,174.66,NULL,NULL,'440km\n48,53  litros de gasolina aditivada'),
	(2643,1,24,NULL,NULL,NULL,'2016-12-07 14:09:33','2016-12-07',NULL,42.00,42.00,NULL,NULL,'almo√ßo com a tha√≠s'),
	(2644,1,24,NULL,NULL,NULL,'2016-12-08 22:42:29','2016-12-07',NULL,104.17,104.17,NULL,NULL,'confraterniza√ß√£o Sicoob gesin2'),
	(2645,1,20,NULL,NULL,NULL,'2016-12-08 22:42:43','2016-12-08',NULL,25.44,25.44,NULL,NULL,NULL),
	(2646,1,44,NULL,NULL,NULL,'2016-12-08 22:43:59','2016-12-07',NULL,800.00,800.00,NULL,NULL,'cerca na ch√°cara'),
	(2647,1,44,NULL,NULL,NULL,'2016-12-09 15:51:56','2016-12-09',NULL,284.00,284.00,NULL,NULL,'suspens√£o do versa'),
	(2648,1,81,NULL,NULL,NULL,'2016-12-09 22:27:19','2016-12-09',NULL,107.20,107.20,NULL,NULL,'Moter Viper - Eli Pri Erik'),
	(2649,1,24,NULL,NULL,NULL,'2016-12-09 22:27:39','2016-12-09',NULL,29.90,29.90,NULL,NULL,'pizza'),
	(2652,1,44,NULL,NULL,NULL,'2016-11-18 12:39:07','2016-11-18',NULL,70000.00,97945.80,NULL,NULL,'Mitsubishi - Lancer\r\n\r\n70.000,00\r\n\r\nentrada de 30.000,00\r\nresto parcelado em 60 x 1.132,43\r\n'),
	(2653,1,63,NULL,612,NULL,'2016-12-10 11:09:15','2016-12-09',NULL,1132.43,1132.43,NULL,NULL,NULL),
	(2654,1,24,NULL,NULL,NULL,'2016-12-12 07:35:22','2016-12-10',NULL,62.40,62.40,NULL,NULL,NULL),
	(2655,1,78,NULL,NULL,NULL,'2016-12-12 07:35:50','2016-12-10',NULL,205.00,205.00,NULL,NULL,'moldem'),
	(2656,1,20,NULL,NULL,NULL,'2016-12-12 07:36:17','2016-12-11',NULL,60.15,60.15,NULL,NULL,NULL),
	(2657,1,14,11,NULL,NULL,'2016-12-12 07:37:32','2016-12-12',NULL,198.52,189.99,NULL,NULL,NULL),
	(2658,1,15,12,NULL,NULL,'2016-12-12 07:37:56','2016-12-12',NULL,139.44,139.28,NULL,NULL,NULL),
	(2659,1,12,10,NULL,NULL,'2016-12-12 07:38:34','2016-12-08',NULL,55.37,61.61,NULL,NULL,NULL),
	(2660,1,26,NULL,NULL,NULL,'2016-12-13 07:05:30','2016-12-13',NULL,168.93,168.93,NULL,NULL,'445km\n46,6   litros de gasolina    aditivada'),
	(2661,1,24,NULL,NULL,NULL,'2016-12-14 08:40:43','2016-12-12',NULL,22.92,22.92,NULL,NULL,NULL),
	(2662,1,20,NULL,NULL,NULL,'2016-12-14 08:41:00','2016-12-13',NULL,17.39,17.39,NULL,NULL,NULL),
	(2663,1,32,NULL,NULL,NULL,'2016-12-14 08:41:24','2016-12-13',NULL,23.00,23.00,NULL,NULL,'celestamine'),
	(2664,1,72,NULL,NULL,NULL,'2016-12-15 15:51:15','2016-12-15',NULL,8285.47,8285.47,NULL,NULL,'Pagamento Freelancer SENAI-CETIQT'),
	(2665,1,20,NULL,NULL,NULL,'2016-12-15 15:51:54','2016-12-14',NULL,10.79,10.79,NULL,NULL,NULL),
	(2666,1,24,NULL,NULL,NULL,'2016-12-16 13:05:52','2016-12-15',NULL,29.80,29.80,NULL,NULL,NULL),
	(2667,1,24,NULL,NULL,NULL,'2016-12-16 13:06:21','2016-12-16',NULL,27.01,27.01,NULL,NULL,'caf√© e almo√ßo'),
	(2668,1,44,NULL,NULL,NULL,'2016-12-18 12:17:48','2016-12-16',NULL,100.00,100.00,NULL,NULL,'bol>ao mega\'sena'),
	(2669,1,20,NULL,NULL,NULL,'2016-12-18 12:18:15','2016-12-16',NULL,49.58,49.58,NULL,NULL,NULL),
	(2670,1,20,NULL,NULL,NULL,'2016-12-18 12:18:37','2016-12-17',NULL,69.13,69.13,NULL,NULL,NULL),
	(2671,1,20,NULL,NULL,NULL,'2016-12-18 12:18:58','2016-12-17',NULL,16.94,16.94,NULL,NULL,NULL),
	(2672,1,22,NULL,NULL,NULL,'2016-12-18 12:19:20','2016-12-17',NULL,14.24,14.24,NULL,NULL,NULL),
	(2673,1,20,NULL,NULL,NULL,'2016-12-18 12:31:38','2016-12-17',NULL,716.13,716.13,NULL,NULL,'Cerveja Bohemia 350ml 12 latas - 22,32\nCerveja Itaipava premium 269ml 12 latas - 23,88\nCerveja Eisenbahn 355ml 6 garrafas - 22,74\nCerveja Budweiser 269ml 8 latas - 15,36\nEspumante Salton 750ml - 31,88  \nCerveja Stella 275ml 6 garrafas  - 21,54\nWhisky Jack Daniel - 119,90\nWhisky Ballatines - 79,90\nCerveja Skol Beats 330ml 6 garrafas - 19,14\nPresente Alice moto da barbie - 102,36\nCaixa de ferramentas - 62,90\nPilhas AAA 6 unidades - 18,90\ncanetas 3pct x 4 - 17,07\nl√¢mpada led - 29,90\npresente Bia teclado musical - 31,92\npresente Miguel espada laser - 66,32\nColchonete casal - 34,90'),
	(2674,1,24,NULL,NULL,NULL,'2016-12-18 12:32:13','2016-12-17',NULL,16.50,16.50,NULL,NULL,'cachorro quente'),
	(2675,1,20,NULL,NULL,NULL,'2016-12-18 12:32:28','2016-12-18',NULL,34.10,34.10,NULL,NULL,NULL),
	(2676,1,78,NULL,NULL,7,'2016-12-18 17:40:17','2016-12-18',NULL,33.68,33.68,NULL,NULL,'super mario p/ iphone'),
	(2677,1,42,NULL,NULL,NULL,'2016-12-20 18:39:20','2016-12-19',NULL,452.00,452.00,NULL,NULL,'ano novo\npai, m√£e, silvia e eu'),
	(2678,1,20,NULL,NULL,NULL,'2016-12-20 18:40:01','2016-12-18',NULL,21.99,21.99,NULL,NULL,NULL),
	(2679,1,44,NULL,NULL,NULL,'2016-12-20 18:41:41','2016-12-19',NULL,35.00,35.00,NULL,NULL,'doa√ß√£o'),
	(2680,1,24,NULL,NULL,NULL,'2016-12-20 18:42:07','2016-12-19',NULL,26.90,26.90,NULL,NULL,'pizza'),
	(2681,1,67,NULL,NULL,NULL,'2016-12-20 18:42:32','2016-12-20',NULL,1962.40,1962.40,NULL,NULL,'2¬∫ parcela'),
	(2682,1,26,NULL,NULL,NULL,'2016-12-21 06:59:47','2016-12-21',NULL,170.67,170.67,NULL,NULL,'467km\n47,16  litros de gasolina aditivada'),
	(2683,1,43,NULL,NULL,NULL,'2016-12-22 07:27:50','2016-12-21',NULL,2195.73,2195.73,NULL,NULL,'roupas para mim e o miguel'),
	(2685,1,24,NULL,NULL,NULL,'2016-12-22 07:29:06','2016-12-21',NULL,26.90,26.90,NULL,NULL,'pizza'),
	(2686,1,78,NULL,NULL,6,'2016-12-22 07:30:12','2016-12-21',NULL,26.95,26.95,NULL,NULL,'app better touch'),
	(2687,1,72,NULL,NULL,NULL,'2016-12-22 19:09:14','2016-12-22',NULL,4900.00,4900.00,NULL,NULL,'EXTRATOR CRM'),
	(2688,1,29,NULL,NULL,NULL,'2016-12-23 11:36:42','2016-12-23',NULL,193.96,193.96,NULL,NULL,'ipva - lancer'),
	(2689,1,24,NULL,NULL,NULL,'2016-12-23 11:37:17','2016-12-22',NULL,16.50,16.50,NULL,NULL,'cachorro quente'),
	(2690,1,20,NULL,NULL,NULL,'2016-12-25 19:04:21','2016-12-24',NULL,107.79,107.79,NULL,NULL,NULL),
	(2691,1,44,NULL,NULL,NULL,'2016-12-25 19:05:02','2016-12-24',NULL,33.50,33.50,NULL,NULL,'amigo da on√ßa'),
	(2692,1,26,NULL,NULL,NULL,'2016-12-27 17:01:59','2016-12-27',NULL,160.83,160.83,NULL,NULL,'424km\n43,13 litros de gasolina aditivada'),
	(2693,1,44,NULL,NULL,NULL,'2016-12-28 14:36:48','2016-12-27',NULL,171.69,171.69,NULL,NULL,'redbull 6,99\ncaixa t√©rmica 64,90\ncolchonete 29,90\nbarraca 69,90'),
	(2694,1,20,NULL,NULL,NULL,'2016-12-28 20:54:02','2016-12-27',NULL,351.19,351.19,NULL,NULL,'energ√©tico 2x garrafas - 32,98\np√£o caseiro - 3,40\ncabo xupeta - 39,90\ntoalha azul - 35,90\ntoalha verde - 35,90\npat√™ - 3,15\ncerveja amstel 269x12- 31,08\ncerveja corona 255x6 - 23,90\ncerveja heineken 250x6 - 17,10\ncerveja eisenbahn 255x6 - 17,94\nwhisky jack daniel - 109,90'),
	(2695,1,24,NULL,NULL,NULL,'2016-12-28 20:57:02','2016-12-28',NULL,26.90,26.90,NULL,NULL,'pizza'),
	(2696,1,44,NULL,NULL,NULL,'2016-12-28 20:57:26','2016-12-28',NULL,24.50,24.50,NULL,NULL,'mega sena'),
	(2697,1,26,NULL,NULL,NULL,'2016-12-29 13:49:09','2016-12-29',NULL,24.63,24.63,NULL,NULL,'278km'),
	(2698,1,26,NULL,NULL,NULL,'2016-12-29 15:34:44','2016-12-29',NULL,119.41,119.41,NULL,NULL,'102km\n30 litros de gasolina aditivada'),
	(2699,1,26,NULL,NULL,NULL,'2017-01-02 16:22:13','2017-01-02',NULL,177.85,177.85,NULL,NULL,'536km\n50,6 litros de gasolina comum'),
	(2700,1,26,NULL,NULL,NULL,'2016-12-30 13:08:37','2016-12-29',NULL,124.60,124.60,NULL,NULL,'361km\n33 litros de gasolina aditivada'),
	(2701,1,26,NULL,NULL,NULL,'2017-01-03 13:09:21','2017-01-02',NULL,130.07,130.07,NULL,NULL,'258km\n35 litros de gasolina aditivada'),
	(2702,1,72,NULL,NULL,NULL,'2016-12-30 13:11:30','2016-12-29',NULL,2100.00,2100.00,NULL,NULL,'Extrator CRM'),
	(2703,1,20,NULL,NULL,NULL,'2017-01-03 13:12:15','2017-01-02',NULL,17.06,17.06,NULL,NULL,NULL),
	(2704,1,20,NULL,NULL,NULL,'2017-01-03 13:12:31','2017-01-02',NULL,47.60,47.60,NULL,NULL,NULL),
	(2705,1,24,NULL,NULL,NULL,'2017-01-03 13:13:06','2017-01-02',NULL,42.00,42.00,NULL,NULL,NULL),
	(2706,1,44,NULL,NULL,NULL,'2017-01-03 13:13:33','2017-01-02',NULL,110.00,110.00,NULL,NULL,'lembran√ßas'),
	(2707,1,24,NULL,NULL,NULL,'2017-01-03 13:14:20','2017-01-02',NULL,33.40,33.40,NULL,NULL,NULL),
	(2708,1,32,NULL,NULL,NULL,'2017-01-03 13:14:52','2017-01-01',NULL,71.18,71.18,NULL,NULL,'antibi√≥tico'),
	(2709,1,20,NULL,NULL,NULL,'2016-12-30 13:15:34','2016-12-30',NULL,53.52,53.52,NULL,NULL,'bolachas e biscoitos'),
	(2710,1,32,NULL,NULL,NULL,'2016-12-30 13:16:13','2016-12-30',NULL,55.99,55.99,NULL,NULL,'protetor solar'),
	(2711,1,32,NULL,NULL,NULL,'2016-12-30 13:17:01','2016-12-30',NULL,19.31,19.31,NULL,NULL,'sorine'),
	(2712,1,24,NULL,NULL,NULL,'2016-12-29 13:18:38','2016-12-29',NULL,53.00,53.00,NULL,NULL,'posto jk'),
	(2713,1,24,NULL,NULL,NULL,'2016-12-29 13:19:33','2016-12-29',NULL,43.25,43.25,NULL,NULL,'posto jk - crista.'),
	(2714,1,75,13,NULL,NULL,'2017-01-05 08:25:31','2017-01-05',NULL,700.00,633.33,NULL,NULL,NULL),
	(2715,1,76,NULL,NULL,6,'2017-01-05 08:26:41','2017-01-05','2017-01-10',842.04,885.01,NULL,NULL,NULL),
	(2716,1,76,NULL,NULL,7,'2017-01-05 08:27:34','2017-01-05','2017-01-10',121.71,33.68,NULL,NULL,NULL),
	(2717,1,12,10,NULL,NULL,'2017-01-05 08:28:13','2017-01-09',NULL,63.62,57.92,NULL,NULL,NULL),
	(2718,1,15,12,NULL,NULL,'2017-01-05 08:28:50','2017-01-10',NULL,148.63,139.28,NULL,NULL,NULL),
	(2719,1,14,11,NULL,NULL,'2017-01-05 08:29:10','2017-01-10',NULL,202.27,192.83,NULL,NULL,NULL),
	(2720,1,63,NULL,39,NULL,'2017-01-05 08:32:05','2017-01-05',NULL,1180.22,1132.40,NULL,NULL,NULL),
	(2721,1,10,14,NULL,NULL,'2017-01-05 09:14:55','2017-01-05',NULL,309.31,309.31,NULL,NULL,NULL),
	(2722,1,78,32,NULL,NULL,'2017-01-05 09:15:43','2017-01-05',NULL,94.70,94.70,NULL,NULL,NULL),
	(2723,1,50,NULL,NULL,NULL,'2017-01-05 09:16:40','2017-01-05',NULL,5344.44,5344.44,NULL,NULL,NULL),
	(2724,1,32,NULL,NULL,NULL,'2017-01-05 12:28:45','2017-01-04',NULL,61.63,61.63,NULL,NULL,'rem√©dios para dor de garganta'),
	(2725,1,24,NULL,NULL,NULL,'2017-01-06 09:47:32','2017-01-05',NULL,18.00,18.00,NULL,NULL,''),
	(2726,1,63,NULL,613,NULL,'2017-01-07 15:40:45','2017-01-07',NULL,1132.43,1132.43,NULL,NULL,NULL),
	(2727,1,24,NULL,NULL,NULL,'2017-01-07 15:42:22','2017-01-06',NULL,26.90,26.90,NULL,NULL,'pizza'),
	(2728,1,24,NULL,NULL,NULL,'2017-01-08 22:50:19','2017-01-08',NULL,53.88,53.88,NULL,NULL,'sushi'),
	(2729,1,24,NULL,NULL,NULL,'2017-01-08 22:50:57','2017-01-07',NULL,18.00,18.00,NULL,NULL,'cachorro quente'),
	(2730,1,20,NULL,NULL,NULL,'2017-01-08 22:51:30','2017-01-07',NULL,35.07,35.07,NULL,NULL,NULL),
	(2731,1,24,NULL,NULL,NULL,'2017-01-10 16:07:13','2017-01-09',NULL,17.20,17.20,NULL,NULL,'sesi'),
	(2732,1,24,NULL,NULL,NULL,'2017-01-10 16:07:36','2017-01-09',NULL,26.90,26.90,NULL,NULL,'pizza'),
	(2733,1,26,NULL,NULL,NULL,'2017-01-12 17:29:11','2017-01-12',NULL,180.74,180.74,NULL,NULL,'532km\n47 litros de gasolina aditivada'),
	(2734,1,24,NULL,NULL,NULL,'2017-01-13 11:15:53','2017-01-10',NULL,18.00,18.00,NULL,NULL,NULL),
	(2735,1,65,NULL,NULL,NULL,'2017-01-13 11:16:18','2017-01-11',NULL,78.10,78.10,NULL,NULL,NULL),
	(2736,1,13,NULL,NULL,NULL,'2017-01-13 11:16:42','2017-01-11',NULL,21.02,21.02,NULL,NULL,NULL),
	(2737,1,20,NULL,NULL,NULL,'2017-01-13 11:17:03','2017-01-11',NULL,7.93,7.93,NULL,NULL,NULL),
	(2738,1,78,NULL,NULL,6,'2017-01-15 19:53:06','2017-01-15',NULL,109.70,109.70,NULL,NULL,'mercado livre-leds'),
	(2739,1,78,NULL,NULL,6,'2017-01-15 19:54:04','2017-01-15',NULL,105.41,105.41,NULL,NULL,'controle snes e led'),
	(2740,1,41,NULL,NULL,6,'2017-01-15 19:54:35','2017-01-15',NULL,25.59,25.59,NULL,NULL,'rogue one'),
	(2741,1,25,NULL,NULL,NULL,'2017-01-15 19:55:17','2017-01-15',NULL,22.00,22.00,NULL,NULL,'frango assado'),
	(2742,1,20,NULL,NULL,NULL,'2017-01-15 19:55:36','2017-01-15',NULL,24.99,24.99,NULL,NULL,NULL),
	(2743,1,20,NULL,NULL,NULL,'2017-01-15 19:56:21','2017-01-14',NULL,18.36,18.36,NULL,NULL,NULL),
	(2744,1,20,NULL,NULL,NULL,'2017-01-15 19:56:39','2017-01-13',NULL,23.97,23.97,NULL,NULL,NULL),
	(2745,1,24,NULL,NULL,NULL,'2017-01-15 19:57:03','2017-01-13',NULL,3.59,35.90,NULL,NULL,'burguer king'),
	(2746,1,24,NULL,NULL,NULL,'2017-01-19 12:55:37','2017-01-15',NULL,26.50,26.50,NULL,NULL,'spoleto'),
	(2747,1,24,NULL,NULL,NULL,'2017-01-19 12:56:05','2017-01-15',NULL,41.00,41.00,NULL,NULL,'cinemark pipoca'),
	(2748,1,24,NULL,NULL,NULL,'2017-01-19 12:56:26','2017-01-16',NULL,29.90,29.90,NULL,NULL,'spoleto'),
	(2749,1,24,NULL,NULL,NULL,'2017-01-19 12:56:50','2017-01-16',NULL,26.90,26.90,NULL,NULL,'pizza'),
	(2750,1,20,NULL,NULL,NULL,'2017-01-19 12:57:09','2017-01-17',NULL,24.18,24.18,NULL,NULL,NULL),
	(2751,1,24,NULL,NULL,NULL,'2017-01-19 12:57:29','2017-01-18',NULL,19.70,19.70,NULL,NULL,'ch√£o nativo'),
	(2752,1,24,NULL,NULL,NULL,'2017-01-19 12:57:54','2017-01-18',NULL,7.02,7.02,NULL,NULL,'cni'),
	(2753,1,24,NULL,NULL,NULL,'2017-01-19 12:58:12','2017-01-18',NULL,12.00,12.00,NULL,NULL,'cachorro quente'),
	(2754,1,78,NULL,NULL,6,'2017-01-19 13:00:18','2017-01-18',NULL,120.90,120.90,NULL,NULL,'mercado livre - lampadas tubo led'),
	(2755,1,26,NULL,NULL,NULL,'2017-01-20 07:04:23','2017-01-20',NULL,177.78,177.78,NULL,NULL,'540km\n49.4 litros de gasolina'),
	(2756,1,78,NULL,NULL,NULL,'2017-01-20 08:38:21','2017-01-20',NULL,207.90,207.90,NULL,NULL,'controle snes sem fio\nmercado livre'),
	(2757,1,77,NULL,NULL,NULL,'2017-01-23 09:09:41','2017-01-20',NULL,13.28,13.28,NULL,NULL,NULL),
	(2758,1,32,NULL,NULL,NULL,'2017-01-23 09:10:32','2017-01-20',NULL,378.00,378.00,NULL,NULL,'2cx de ritalina'),
	(2759,1,25,NULL,NULL,NULL,'2017-01-23 09:11:15','2017-01-20',NULL,10.99,10.99,NULL,NULL,'redbull'),
	(2760,1,44,NULL,NULL,NULL,'2017-01-23 09:11:43','2017-01-21',NULL,34.90,34.90,NULL,NULL,'carregador veicular'),
	(2761,1,32,NULL,NULL,NULL,'2017-01-23 09:13:01','2017-01-21',NULL,28.60,28.60,NULL,NULL,'maxsulid'),
	(2762,1,20,NULL,NULL,NULL,'2017-01-23 09:13:18','2017-01-22',NULL,46.03,46.03,NULL,NULL,NULL),
	(2763,1,26,NULL,NULL,NULL,'2017-01-24 17:28:15','2017-01-24',NULL,171.43,171.43,NULL,NULL,'426km\n47,6 litros de gasolina'),
	(2764,1,24,NULL,NULL,NULL,'2017-01-24 20:32:01','2017-01-24',NULL,18.00,18.00,NULL,NULL,'cachorro quente'),
	(2765,1,20,NULL,NULL,NULL,'2017-01-25 11:13:54','2017-01-21',NULL,5.84,5.84,NULL,NULL,NULL),
	(2766,1,24,NULL,NULL,NULL,'2017-01-25 11:14:20','2017-01-23',NULL,26.90,26.90,NULL,NULL,'pizza'),
	(2767,1,20,NULL,NULL,NULL,'2017-01-25 11:14:41','2017-01-24',NULL,24.90,24.90,NULL,NULL,NULL),
	(2768,1,24,NULL,NULL,NULL,'2017-01-30 13:17:54','2017-01-25',NULL,12.00,12.00,NULL,NULL,'cachorro quente'),
	(2769,1,24,NULL,NULL,NULL,'2017-01-30 13:18:25','2017-01-26',NULL,23.54,23.54,NULL,NULL,'almo√ßo com jo√£o - chin√™s'),
	(2770,1,24,NULL,NULL,NULL,'2017-01-30 13:18:46','2017-01-26',NULL,12.00,12.00,NULL,NULL,'cachorro quente'),
	(2771,1,20,NULL,NULL,NULL,'2017-01-30 13:19:07','2017-01-27',NULL,83.64,83.64,NULL,NULL,'cervas'),
	(2772,1,41,NULL,NULL,NULL,'2017-01-30 13:19:46','2017-01-27',NULL,43.50,43.50,NULL,NULL,'maxstell'),
	(2773,1,77,NULL,NULL,NULL,'2017-01-30 13:20:13','2017-01-27',NULL,13.70,13.70,NULL,NULL,NULL),
	(2774,1,20,NULL,NULL,NULL,'2017-01-30 13:20:45','2017-01-28',NULL,53.06,53.06,NULL,NULL,NULL),
	(2775,1,24,NULL,NULL,NULL,'2017-01-30 13:21:02','2017-01-29',NULL,12.00,12.00,NULL,NULL,'cachorro quente'),
	(2776,1,24,NULL,NULL,NULL,'2017-01-31 18:01:58','2017-01-30',NULL,5.75,5.75,NULL,NULL,NULL),
	(2777,1,26,NULL,NULL,NULL,'2017-02-01 19:40:54','2017-02-01',NULL,182.57,182.57,NULL,NULL,'490km\n47,31 litros de gasolina aditivada'),
	(2778,1,12,10,NULL,NULL,'2017-02-06 10:51:22','2017-02-08',NULL,90.44,51.92,NULL,NULL,NULL),
	(2779,1,15,12,NULL,NULL,'2017-02-06 10:51:56','2017-02-10',NULL,148.22,142.35,NULL,NULL,NULL),
	(2780,1,75,13,NULL,NULL,'2017-02-06 10:53:56','2017-02-06',NULL,700.00,666.67,NULL,NULL,NULL),
	(2781,1,63,NULL,40,NULL,'2017-02-06 10:56:46','2017-02-06',NULL,1178.23,1129.25,NULL,NULL,NULL),
	(2782,1,76,NULL,NULL,6,'2017-02-06 10:58:00','2017-02-06','2017-02-10',612.71,435.39,NULL,NULL,NULL),
	(2783,1,76,NULL,NULL,7,'2017-02-06 10:59:00','2017-02-06','2017-02-10',91.20,0.00,NULL,NULL,NULL),
	(2784,1,63,NULL,614,NULL,'2017-02-06 11:04:40','2017-02-05',NULL,1132.43,1132.43,NULL,NULL,NULL),
	(2785,1,50,NULL,NULL,NULL,'2017-02-06 11:08:40','2017-02-06',NULL,5879.73,5879.73,NULL,NULL,NULL),
	(2786,1,20,NULL,NULL,NULL,'2017-02-06 11:09:08','2017-02-04',NULL,64.39,64.39,NULL,NULL,NULL),
	(2787,1,20,NULL,NULL,NULL,'2017-02-06 11:11:26','2017-02-04',NULL,21.00,21.00,NULL,NULL,'skolbeats'),
	(2788,1,20,NULL,NULL,NULL,'2017-02-06 11:12:14','2017-02-05',NULL,42.00,42.00,NULL,NULL,'cerva heisingbahr'),
	(2789,1,20,NULL,NULL,NULL,'2017-02-06 11:12:36','2017-02-05',NULL,33.00,33.00,NULL,NULL,'cerva antarctica'),
	(2790,1,44,NULL,NULL,NULL,'2017-02-06 11:13:11','2017-02-05',NULL,27.36,27.36,NULL,NULL,'pasta e escova de dente'),
	(2791,1,78,NULL,NULL,7,'2017-02-06 11:13:45','2017-02-06',NULL,15.59,15.59,NULL,NULL,'app sql studio'),
	(2792,1,10,14,NULL,NULL,'2017-02-06 11:16:53','2017-02-06',NULL,309.31,309.31,NULL,NULL,NULL),
	(2793,1,14,11,NULL,NULL,'2017-02-07 12:00:16','2017-02-13',NULL,199.99,196.93,NULL,NULL,NULL),
	(2794,1,26,NULL,NULL,NULL,'2017-02-08 21:44:06','2017-02-08',NULL,165.80,165.80,NULL,NULL,'441km\n46,85 litros de gasolina'),
	(2795,1,44,NULL,NULL,NULL,'2017-02-10 09:30:42','2017-02-07',NULL,101.80,101.80,NULL,NULL,'moh teru lika'),
	(2796,1,24,NULL,NULL,NULL,'2017-02-10 09:31:07','2017-02-07',NULL,12.00,12.00,NULL,NULL,'cachorro'),
	(2797,1,24,NULL,NULL,NULL,'2017-02-10 09:31:31','2017-02-09',NULL,30.40,30.40,NULL,NULL,NULL),
	(2798,1,20,NULL,NULL,NULL,'2017-02-10 09:31:56','2017-02-09',NULL,88.73,88.73,NULL,NULL,NULL),
	(2799,1,41,NULL,NULL,NULL,'2017-02-11 14:42:55','2017-02-10',NULL,58.50,58.50,NULL,NULL,'DEBITO VISA ELECTRON BRASIL 10/02 PARK SHOPPING'),
	(2800,1,24,NULL,NULL,NULL,'2017-02-11 14:43:23','2017-02-10',NULL,53.60,53.60,NULL,NULL,'COMPRA CARTAO MAESTRO 10/02 GRANDE MURALHA'),
	(2801,1,77,NULL,NULL,NULL,'2017-02-11 14:43:52','2017-02-10',NULL,16.40,16.40,NULL,NULL,'COMPRA CARTAO MAESTRO 10/02 MULTIPLAN ADMIN'),
	(2802,1,24,NULL,NULL,NULL,'2017-02-11 14:44:24','2017-02-10',NULL,50.00,50.00,NULL,NULL,'COMPRA CARTAO MAESTRO 10/02 MC DONALDS EXM'),
	(2803,1,26,NULL,NULL,NULL,'2017-02-14 07:14:43','2017-02-14',NULL,195.57,195.57,NULL,NULL,'515km\n50,68 litros de gasolina aditivada'),
	(2804,1,20,NULL,NULL,NULL,'2017-02-14 07:30:47','2017-02-11',NULL,22.00,22.00,NULL,NULL,'cerva'),
	(2805,1,20,NULL,NULL,NULL,'2017-02-14 07:31:07','2017-02-12',NULL,15.34,15.34,NULL,NULL,NULL),
	(2806,1,26,NULL,NULL,6,'2017-02-19 06:58:25','2017-02-19',NULL,185.65,185.65,NULL,NULL,'540km\n50.19 litros de gasolina comum'),
	(2807,1,20,NULL,NULL,NULL,'2017-02-20 07:34:30','2017-02-14',NULL,54.07,54.07,NULL,NULL,NULL),
	(2808,1,24,NULL,NULL,NULL,'2017-02-20 07:34:56','2017-02-14',NULL,94.60,94.60,NULL,NULL,'sushi-san'),
	(2809,1,41,NULL,NULL,NULL,'2017-02-20 07:35:27','2017-02-15',NULL,26.00,26.00,NULL,NULL,'estrelas alem do tempo'),
	(2810,1,24,NULL,NULL,NULL,'2017-02-20 07:35:55','2017-02-15',NULL,25.19,25.19,NULL,NULL,'brownie'),
	(2811,1,24,NULL,NULL,NULL,'2017-02-20 07:36:26','2017-02-17',NULL,21.40,21.40,NULL,NULL,'bk'),
	(2812,1,20,NULL,NULL,NULL,'2017-02-20 07:36:47','2017-02-18',NULL,21.77,21.77,NULL,NULL,NULL),
	(2813,1,32,NULL,NULL,NULL,'2017-02-20 07:37:19','2017-02-19',NULL,52.48,52.48,NULL,NULL,'xarope'),
	(2814,1,24,NULL,NULL,NULL,'2017-02-20 07:40:54','2017-02-17',NULL,134.68,134.68,NULL,NULL,NULL),
	(2815,1,79,NULL,NULL,6,'2017-02-22 07:50:51','2017-02-22',NULL,199.80,199.80,NULL,NULL,'ml lampadas led tubular kit 5x 36w'),
	(2816,1,78,NULL,NULL,6,'2017-02-22 08:08:52','2017-02-18',NULL,204.39,204.39,NULL,NULL,'Livros NOVATEC EDITORA'),
	(2817,1,22,NULL,NULL,6,'2017-02-22 08:09:32','2017-02-19',NULL,23.15,23.15,NULL,NULL,NULL),
	(2818,1,78,NULL,NULL,7,'2017-02-22 08:11:05','2017-02-19',NULL,29.90,29.90,NULL,NULL,'Livro PDF\nPAGSEGURO*CasaDoCodigo'),
	(2819,1,26,NULL,NULL,6,'2017-02-26 18:32:54','2017-02-26',NULL,173.26,173.26,NULL,NULL,'438km\n46,8 litros de gasolina comum'),
	(2820,1,22,NULL,NULL,NULL,'2017-03-02 08:41:16','2017-02-25',NULL,18.24,18.24,NULL,NULL,NULL),
	(2821,1,20,NULL,NULL,NULL,'2017-03-02 08:41:42','2017-02-25',NULL,16.50,16.50,NULL,NULL,NULL),
	(2822,1,22,NULL,NULL,NULL,'2017-03-02 08:42:12','2017-02-26',NULL,14.24,14.24,NULL,NULL,NULL),
	(2823,1,78,NULL,NULL,6,'2017-03-02 08:46:20','2017-02-24',NULL,0.00,24.90,NULL,NULL,'teclas mac'),
	(2824,1,79,NULL,NULL,6,'2017-03-02 08:46:52','2017-02-24',NULL,0.00,24.90,NULL,NULL,'teclas mac'),
	(2825,1,24,NULL,NULL,NULL,'2017-03-02 08:47:34','2017-02-25',NULL,30.00,30.00,NULL,NULL,'churrasquinho maranh√£o'),
	(2826,1,79,NULL,NULL,6,'2017-03-02 08:48:26','2017-02-25',NULL,191.18,191.18,NULL,NULL,'pendrive 64gb'),
	(2827,1,25,NULL,NULL,NULL,'2017-03-02 08:48:52','2017-02-26',NULL,22.00,22.00,NULL,NULL,'frango assado'),
	(2828,1,75,13,NULL,NULL,'2017-03-06 09:02:49','2017-03-06',NULL,700.00,700.00,NULL,NULL,NULL),
	(2829,1,10,14,NULL,NULL,'2017-03-06 09:04:35','2017-03-06',NULL,309.31,309.31,NULL,NULL,NULL),
	(2830,1,12,10,NULL,NULL,'2017-03-06 09:05:26','2017-03-08',NULL,56.10,69.81,NULL,NULL,NULL),
	(2831,1,15,12,NULL,NULL,'2017-03-06 09:05:43','2017-03-10',NULL,148.63,145.43,NULL,NULL,NULL),
	(2832,1,76,NULL,NULL,6,'2017-03-06 09:06:39','2017-03-06','2017-03-10',778.51,686.78,NULL,NULL,NULL),
	(2833,1,76,NULL,NULL,7,'2017-03-06 09:07:36','2017-03-06','2017-03-10',143.80,45.49,NULL,NULL,NULL),
	(2834,1,63,NULL,41,NULL,'2017-03-06 09:08:56','2017-03-06',NULL,1175.09,1126.11,NULL,NULL,NULL),
	(2835,1,63,NULL,615,NULL,'2017-03-06 09:12:45','2017-03-06',NULL,1132.43,1132.43,NULL,NULL,NULL),
	(2836,1,50,NULL,NULL,NULL,'2017-03-06 09:14:20','2017-03-06',NULL,5844.95,5844.95,NULL,NULL,NULL),
	(2837,1,20,NULL,NULL,NULL,'2017-03-06 09:16:29','2017-03-03',NULL,108.94,108.94,NULL,NULL,NULL),
	(2838,1,20,NULL,NULL,NULL,'2017-03-06 09:16:56','2017-03-04',NULL,60.25,60.25,NULL,NULL,NULL),
	(2839,1,25,NULL,NULL,NULL,'2017-03-06 09:17:15','2017-03-04',NULL,11.00,11.00,NULL,NULL,NULL),
	(2840,1,38,NULL,NULL,NULL,'2017-03-06 09:17:46','2017-03-04',NULL,53.00,53.00,NULL,NULL,'livro sobre angularjs'),
	(2841,1,25,NULL,NULL,NULL,'2017-03-06 09:18:06','2017-03-05',NULL,12.00,12.00,NULL,NULL,'cachorro quente'),
	(2842,1,78,NULL,NULL,7,'2017-03-06 09:20:12','2017-02-28',NULL,15.56,15.56,NULL,NULL,'playstore - jogo minecraft'),
	(2843,1,41,NULL,NULL,6,'2017-03-06 09:24:20','2017-03-04',NULL,22.39,22.39,NULL,NULL,'filme john wick 2'),
	(2844,1,26,NULL,NULL,NULL,'2017-03-06 17:09:36','2017-03-06',NULL,155.13,155.13,NULL,NULL,'441km\n43,9 litros de gasolina comum'),
	(2845,1,14,11,NULL,NULL,'2017-03-08 15:10:39','2017-03-13',NULL,199.99,200.26,NULL,NULL,NULL),
	(2846,1,20,NULL,NULL,NULL,'2017-03-08 15:11:55','2017-03-06',NULL,50.93,50.93,NULL,NULL,NULL),
	(2847,1,24,NULL,NULL,NULL,'2017-03-09 07:34:48','2017-03-08',NULL,21.75,21.75,NULL,NULL,'almo√ßo com boss'),
	(2848,1,26,NULL,NULL,6,'2017-03-13 17:03:24','2017-03-13',NULL,155.67,155.67,NULL,NULL,'403km\n44,48 litros de gasolina aditivada'),
	(2849,1,25,NULL,NULL,NULL,'2017-03-13 18:44:33','2017-03-09',NULL,16.67,16.67,NULL,NULL,NULL),
	(2850,1,44,NULL,NULL,NULL,'2017-03-13 18:45:01','2017-03-10',NULL,70.00,70.00,NULL,NULL,'guarda-chuva'),
	(2851,1,20,NULL,NULL,NULL,'2017-03-13 18:45:30','2017-03-11',NULL,54.95,54.95,NULL,NULL,'churrasco'),
	(2852,1,20,NULL,NULL,NULL,'2017-03-13 18:45:59','2017-03-12',NULL,128.26,128.26,NULL,NULL,NULL),
	(2853,1,78,NULL,NULL,7,'2017-03-13 18:47:06','2017-03-13',NULL,313.07,313.07,NULL,NULL,'licen√ßa apple developer'),
	(2854,1,45,NULL,NULL,NULL,'2017-03-13 18:48:00','2017-03-11',NULL,10.00,10.00,NULL,NULL,'corte cabelo'),
	(2855,1,0,NULL,NULL,NULL,'2017-03-16 19:14:24','2017-03-16',NULL,2347.00,2347.00,NULL,NULL,'SCAE\n\nO imposto da nota fiscal chegou, segundo o contador ficou em torno de 8,5 %\n \nDa um valor de 2.347,00 R$  com vencimento para o dia 20/03/2017\n \nMinha conta bancaria √©\n \nConta Corrente Pessoa F√≠sica\n \nBanco 033 ¬ñ Santander\n \nAgencia: 0815\n \nConta: 010070868\n \nCPF 069.035.996-90\n \nQuando transferir me avise pelo zap\n \nBr√°ulio Ar√°ujo Zica\n(61)8428-4236\nbraulio@cybersystemti.com.br'),
	(2856,1,78,NULL,NULL,7,'2017-03-20 08:10:25','2017-03-19',NULL,54.10,54.10,NULL,NULL,'megaman collection'),
	(2857,1,78,NULL,NULL,7,'2017-03-20 08:11:13','2017-03-19',NULL,125.42,125.42,NULL,NULL,'tomb raider ps4'),
	(2858,1,25,NULL,NULL,NULL,'2017-03-20 13:49:32','2017-03-17',NULL,10.50,10.50,NULL,NULL,'g-bomba'),
	(2859,1,20,NULL,NULL,NULL,'2017-03-20 13:50:03','2017-03-19',NULL,15.97,15.97,NULL,NULL,NULL),
	(2860,1,32,NULL,NULL,NULL,'2017-03-20 13:50:34','2017-03-19',NULL,45.70,45.70,NULL,NULL,NULL),
	(2861,1,25,NULL,NULL,NULL,'2017-03-20 13:51:07','2017-03-18',NULL,50.00,50.00,NULL,NULL,'burguer caseiro'),
	(2862,1,28,NULL,NULL,NULL,'2017-03-20 13:51:27','2017-03-19',NULL,20.00,20.00,NULL,NULL,'pneu furado'),
	(2863,1,26,NULL,NULL,NULL,'2017-03-20 22:37:13','2017-03-20',NULL,160.89,160.89,NULL,NULL,'438km\n45,98 litros de gasolina aditivada'),
	(2864,1,26,NULL,NULL,NULL,'2017-03-27 06:55:50','2017-03-27',NULL,175.98,175.98,NULL,NULL,'485km\n50.29 litros de gasolina aditivada'),
	(2865,1,20,NULL,NULL,NULL,'2017-03-27 07:25:07','2017-03-24',NULL,60.00,60.00,NULL,NULL,'cerva admilson'),
	(2866,1,24,NULL,NULL,NULL,'2017-03-27 07:25:33','2017-03-24',NULL,21.50,21.50,NULL,NULL,'g-bomba'),
	(2867,1,24,NULL,NULL,NULL,'2017-03-27 07:26:01','2017-03-25',NULL,118.54,118.54,NULL,NULL,'rei do camar√£o'),
	(2868,1,43,NULL,NULL,NULL,'2017-03-27 07:26:48','2017-03-25',NULL,239.40,239.40,NULL,NULL,'roupas do m√°rio'),
	(2869,1,24,NULL,NULL,NULL,'2017-03-27 07:27:21','2017-03-25',NULL,53.50,53.50,NULL,NULL,'g-bomba'),
	(2870,1,78,NULL,NULL,7,'2017-03-27 07:29:56','2017-03-24',NULL,62.43,62.43,NULL,NULL,'pink floyd - pulse'),
	(2871,1,69,NULL,NULL,NULL,'2017-03-31 13:37:27','2017-03-31',NULL,10523.18,10523.18,NULL,NULL,NULL),
	(2872,1,78,NULL,NULL,6,'2017-03-31 13:39:25','2017-03-31',NULL,10534.90,10534.90,NULL,NULL,'macbook pro 2016 15 2.7 16gb 512 Space Gray - Touch Bar Mlh42ll/a \n\n2.7 GHz Intel Core i7 Quad-Core\n16GB of 2133 MHz RAM | 512GB PCIe SSD\n15.4\" 2880 x 1800 Retina Display\nAMD Radeon Pro 455 GPU (2GB GDDR5)\n802.11ac Wi-Fi | Bluetooth 4.2\nTouch Bar | Touch ID Sensor\n4 x Thunderbolt 3 (USB Type-C) Ports\n3.5mm Headphone Jack | Stereo Speakers\nLarger Force Touch Trackpad\nmacOS Sierra'),
	(2873,1,82,NULL,NULL,NULL,'2017-03-31 13:40:47','2017-03-31',NULL,450.00,450.00,NULL,NULL,'servi√ßos para elabora√ß√£o da restitui√ß√£o do imposto de renda'),
	(2874,1,26,NULL,NULL,NULL,'2017-04-03 16:53:37','2017-04-03',NULL,178.41,178.41,NULL,NULL,'491km\n50,98 litros de gasolina aditivada'),
	(2875,1,44,NULL,NULL,6,'2017-04-04 20:05:25','2017-03-30',NULL,20.80,20.80,NULL,NULL,'adesivo megaman'),
	(2876,1,44,NULL,NULL,6,'2017-04-04 20:06:11','2017-03-31',NULL,5.98,5.98,NULL,NULL,'adesivo megaman'),
	(2877,1,45,NULL,NULL,NULL,'2017-04-04 20:07:50','2017-04-01',NULL,35.00,35.00,NULL,NULL,'corte de cabelo'),
	(2878,1,22,NULL,NULL,NULL,'2017-04-04 20:08:14','2017-04-01',NULL,22.48,22.48,NULL,NULL,NULL),
	(2879,1,24,NULL,NULL,NULL,'2017-04-04 20:09:06','2017-04-01',NULL,54.50,54.50,NULL,NULL,'g-bomba'),
	(2880,1,22,NULL,NULL,NULL,'2017-04-04 20:09:27','2017-04-02',NULL,14.98,14.98,NULL,NULL,NULL),
	(2881,1,41,NULL,NULL,6,'2017-04-04 20:09:51','2017-04-02',NULL,28.15,28.15,NULL,NULL,NULL),
	(2882,1,78,NULL,NULL,6,'2017-04-04 20:11:19','2017-04-02',NULL,32.90,32.90,NULL,NULL,'usb-c -> usb 2.0'),
	(2883,1,78,NULL,NULL,6,'2017-04-04 20:12:00','2017-04-02',NULL,75.80,75.80,NULL,NULL,'usb-c -> hdmi'),
	(2884,1,78,NULL,NULL,6,'2017-04-04 20:13:04','2017-04-03',NULL,40.00,40.00,NULL,NULL,'usb-c -> usb 3.0'),
	(2885,1,20,NULL,NULL,NULL,'2017-04-04 20:13:29','2017-04-03',NULL,19.00,19.00,NULL,NULL,NULL),
	(2886,1,78,NULL,NULL,6,'2017-04-04 20:14:46','2017-04-03',NULL,35.89,35.89,NULL,NULL,'usb-c -> usb 3.1'),
	(2887,1,24,NULL,NULL,NULL,'2017-04-04 20:15:13','2017-04-04',NULL,57.91,57.91,NULL,NULL,'sushi'),
	(2888,1,78,NULL,NULL,NULL,'2017-04-04 20:15:51','2017-04-04',NULL,19.90,19.90,NULL,NULL,'usb-c -> usb macho'),
	(2889,1,78,NULL,NULL,6,'2017-04-04 20:16:41','2017-04-04',NULL,202.90,202.90,NULL,NULL,'case macbook'),
	(2890,1,20,NULL,NULL,NULL,'2017-04-04 20:17:01','2017-04-04',NULL,35.71,35.71,NULL,NULL,NULL),
	(2891,1,78,NULL,NULL,6,'2017-04-04 20:17:39','2017-04-04',NULL,188.70,188.70,NULL,NULL,'2 controles ps3'),
	(2892,1,75,13,NULL,NULL,'2017-04-05 19:26:52','2017-04-05',NULL,700.00,700.00,NULL,NULL,NULL),
	(2893,1,76,NULL,NULL,6,'2017-04-05 19:28:01','2017-04-05','2017-04-10',1053.41,520.70,NULL,NULL,NULL),
	(2894,1,76,NULL,NULL,7,'2017-04-05 19:28:50','2017-04-05','2017-04-10',820.37,570.58,NULL,NULL,NULL),
	(2895,1,28,NULL,NULL,NULL,'2017-04-05 19:30:14','2017-04-05',NULL,1470.00,1470.00,NULL,NULL,'revis√£o, alinhamento e balanceamento, c√¢mera de r√© e habilitar videos em movimento'),
	(2896,1,24,NULL,NULL,NULL,'2017-04-05 19:30:38','2017-04-05',NULL,20.10,20.10,NULL,NULL,''),
	(2897,1,20,NULL,NULL,NULL,'2017-04-05 19:30:55','2017-04-05',NULL,24.23,24.23,NULL,NULL,''),
	(2898,1,50,NULL,NULL,NULL,'2017-04-05 19:31:32','2017-04-05',NULL,5589.81,5589.81,NULL,NULL,NULL),
	(2899,1,10,14,NULL,NULL,'2017-04-05 19:32:59','2017-04-05',NULL,309.31,309.31,NULL,NULL,NULL),
	(2900,1,78,32,NULL,NULL,'2017-04-05 19:34:23','2017-04-05',NULL,94.70,94.70,NULL,NULL,NULL),
	(2901,1,63,NULL,42,NULL,'2017-04-05 19:37:24','2017-04-05',NULL,1172.42,1122.96,NULL,NULL,NULL),
	(2902,1,12,10,NULL,NULL,'2017-04-05 19:38:07','2017-04-10',NULL,107.06,70.05,NULL,NULL,NULL),
	(2903,1,15,12,NULL,NULL,'2017-04-05 19:38:32','2017-04-10',NULL,151.98,148.49,NULL,NULL,NULL),
	(2904,1,14,11,NULL,NULL,'2017-04-05 19:38:54','2017-04-10',NULL,199.99,200.75,NULL,NULL,NULL),
	(2905,1,13,NULL,NULL,NULL,'2017-04-05 19:46:50','2017-04-05',NULL,28.96,28.96,NULL,NULL,NULL),
	(2906,1,72,NULL,NULL,NULL,'2017-04-07 07:22:03','2017-04-06',NULL,26231.40,26231.40,NULL,NULL,'CNI - SCAE'),
	(2907,1,82,NULL,NULL,NULL,'2017-04-07 07:22:45','2017-04-07',NULL,11000.00,11000.00,NULL,NULL,'CNI - SCAE - Divis√£o com o Nelson'),
	(2908,1,24,NULL,NULL,NULL,'2017-04-07 07:25:04','2017-04-06',NULL,38.26,38.26,NULL,NULL,'almo√ßo pagando o do jo√£o'),
	(2909,1,25,NULL,NULL,NULL,'2017-04-07 07:25:32','2017-04-06',NULL,26.90,26.90,NULL,NULL,'pizza'),
	(2910,1,78,NULL,NULL,6,'2017-04-07 07:26:12','2017-04-06',NULL,143.90,143.90,NULL,NULL,'adaptador macbook HDMI'),
	(2911,1,26,NULL,NULL,NULL,'2017-04-09 16:57:40','2017-04-09',NULL,156.80,156.80,NULL,NULL,'434km\n46,4 litros de gasolina comum'),
	(2912,1,24,NULL,NULL,NULL,'2017-04-09 17:50:04','2017-04-07',NULL,12.00,12.00,NULL,NULL,NULL),
	(2913,1,24,NULL,NULL,NULL,'2017-04-09 17:50:50','2017-04-08',NULL,18.00,18.00,NULL,NULL,NULL),
	(2914,1,20,NULL,NULL,NULL,'2017-04-09 17:51:09','2017-04-09',NULL,17.48,17.48,NULL,NULL,NULL),
	(2915,1,24,NULL,NULL,NULL,'2017-04-09 17:51:50','2017-04-09',NULL,198.89,198.89,NULL,NULL,'rei do camar√£o'),
	(2916,1,41,NULL,NULL,NULL,'2017-04-09 17:52:30','2017-04-09',NULL,49.50,49.50,NULL,NULL,'chefinho'),
	(2917,1,41,NULL,NULL,6,'2017-04-09 17:52:55','2017-04-09',NULL,21.11,21.11,NULL,NULL,'chefinho'),
	(2918,1,44,NULL,NULL,NULL,'2017-04-09 17:53:57','2017-04-09',NULL,20.00,20.00,NULL,NULL,'lego batman'),
	(2919,1,81,NULL,NULL,NULL,'2017-04-09 17:54:37','2017-04-09',NULL,112.00,112.00,NULL,NULL,'video game show'),
	(2920,1,20,NULL,NULL,NULL,'2017-04-09 17:54:52','2017-04-09',NULL,22.51,22.51,NULL,NULL,NULL),
	(2921,1,20,NULL,NULL,6,'2017-04-13 08:34:22','2017-04-12',NULL,235.42,235.42,NULL,NULL,'ovos de p√°scoa'),
	(2922,1,24,NULL,NULL,NULL,'2017-04-13 08:38:25','2017-04-10',NULL,26.90,26.90,NULL,NULL,'pizza'),
	(2923,1,24,NULL,NULL,NULL,'2017-04-13 08:38:50','2017-04-11',NULL,20.88,20.88,NULL,NULL,'almo√ßo com boss'),
	(2924,1,24,NULL,NULL,NULL,'2017-04-13 08:39:17','2017-04-11',NULL,41.90,41.90,NULL,NULL,'pizza x2'),
	(2925,1,26,NULL,NULL,NULL,'2017-04-16 16:59:36','2017-04-16',NULL,187.99,187.99,NULL,NULL,'46 litros de gasolina aditivada \n520km'),
	(2926,1,24,NULL,NULL,NULL,'2017-04-18 08:30:38','2017-04-13',NULL,12.00,12.00,NULL,NULL,NULL),
	(2927,1,20,NULL,NULL,NULL,'2017-04-18 08:30:59','2017-04-13',NULL,70.08,70.08,NULL,NULL,NULL),
	(2928,1,24,NULL,NULL,NULL,'2017-04-18 08:31:27','2017-04-13',NULL,12.00,12.00,NULL,NULL,NULL),
	(2929,1,20,NULL,NULL,NULL,'2017-04-18 08:32:29','2017-04-15',NULL,41.47,41.47,NULL,NULL,'ovos'),
	(2930,1,22,NULL,NULL,NULL,'2017-04-18 08:32:51','2017-04-16',NULL,21.50,21.50,NULL,NULL,NULL),
	(2931,1,20,NULL,NULL,NULL,'2017-04-18 08:33:23','2017-04-16',NULL,38.21,38.21,NULL,NULL,'cerva'),
	(2932,1,24,NULL,NULL,NULL,'2017-04-18 08:33:51','2017-04-16',NULL,12.00,12.00,NULL,NULL,NULL),
	(2933,1,20,NULL,NULL,NULL,'2017-04-18 08:34:08','2017-04-16',NULL,8.99,8.99,NULL,NULL,NULL),
	(2934,1,32,NULL,NULL,6,'2017-04-18 08:34:40','2017-04-17',NULL,383.14,383.14,NULL,NULL,'santa rita'),
	(2935,1,78,NULL,NULL,7,'2017-04-18 08:37:17','2017-04-17',NULL,120.42,120.42,NULL,NULL,'PSN GAMES\nguilty gear xrd - revelator\njust cause 3'),
	(2936,1,78,NULL,NULL,6,'2017-04-19 08:55:45','2017-04-19',NULL,64.90,64.90,NULL,NULL,'2 cabos hdmi'),
	(2937,1,78,NULL,NULL,6,'2017-04-19 08:56:33','2017-04-19',NULL,374.40,374.40,NULL,NULL,'adaptador hdmi usb-c'),
	(2938,1,26,NULL,NULL,6,'2017-04-22 18:26:24','2017-04-22',NULL,164.01,164.01,NULL,NULL,'444km\n48,38 litros de gasolina comum'),
	(2939,1,24,NULL,NULL,NULL,'2017-04-27 08:04:03','2017-04-19',NULL,34.00,34.00,NULL,NULL,'humburguer'),
	(2940,1,24,NULL,NULL,NULL,'2017-04-27 08:04:29','2017-04-19',NULL,12.00,12.00,NULL,NULL,'cachorro quente'),
	(2941,1,24,NULL,NULL,NULL,'2017-04-27 08:04:57','2017-04-20',NULL,18.00,18.00,NULL,NULL,'cachorro quente'),
	(2942,1,24,NULL,NULL,6,'2017-04-27 08:05:41','2017-04-21',NULL,169.45,169.45,NULL,NULL,'bebidas e whisky'),
	(2943,1,43,NULL,NULL,6,'2017-04-27 08:06:28','2017-04-22',NULL,149.70,149.70,NULL,NULL,'camisas anime'),
	(2944,1,44,NULL,NULL,NULL,'2017-04-27 08:07:14','2017-04-21',NULL,45.00,22.00,NULL,NULL,'bandana e kunai'),
	(2945,1,44,NULL,NULL,6,'2017-04-27 08:07:56','2017-04-22',NULL,25.00,25.00,NULL,NULL,'kunai'),
	(2946,1,44,NULL,NULL,6,'2017-04-27 08:09:25','2017-04-22',NULL,65.00,65.00,NULL,NULL,'kyuubi'),
	(2947,1,44,NULL,NULL,6,'2017-04-27 08:12:52','2017-04-22',NULL,50.98,50.98,NULL,NULL,'presente gustavo'),
	(2948,1,78,NULL,NULL,6,'2017-04-27 08:14:01','2017-04-26',NULL,1507.80,1507.80,NULL,NULL,'ps4 branco - mercado livre'),
	(2949,1,26,NULL,NULL,NULL,'2017-04-30 15:21:38','2017-04-30',NULL,184.27,184.27,NULL,NULL,'527km\n53,5 litros de gasolina comum'),
	(2950,1,24,NULL,NULL,NULL,'2017-05-05 07:58:06','2017-05-04',NULL,51.15,51.15,NULL,NULL,'pizza'),
	(2951,1,24,NULL,NULL,NULL,'2017-05-05 07:59:13','2017-05-03',NULL,18.00,18.00,NULL,NULL,'cachorro quente'),
	(2952,1,44,NULL,NULL,NULL,'2017-05-05 07:59:44','2017-05-03',NULL,58.50,58.50,NULL,NULL,'mega senna'),
	(2953,1,24,NULL,NULL,NULL,'2017-05-05 08:20:01','2017-05-01',NULL,20.90,20.90,NULL,NULL,NULL),
	(2954,1,75,13,NULL,NULL,'2017-05-05 08:21:43','2017-05-05',NULL,700.00,700.00,NULL,NULL,NULL),
	(2955,1,50,NULL,NULL,NULL,'2017-05-05 08:22:19','2017-05-05',NULL,5940.44,5940.44,NULL,NULL,'stefanini'),
	(2956,1,76,NULL,NULL,6,'2017-05-05 08:23:56','2017-05-05','2017-05-10',12849.00,12647.64,NULL,NULL,NULL),
	(2957,1,63,NULL,43,NULL,'2017-05-05 08:28:03','2017-05-05',NULL,1169.14,1119.80,NULL,NULL,''),
	(2958,1,10,14,NULL,NULL,'2017-05-05 08:31:57','2017-05-05',NULL,310.00,309.31,NULL,NULL,NULL),
	(2959,1,12,10,NULL,NULL,'2017-05-05 08:33:02','2017-05-08',NULL,68.98,84.53,NULL,NULL,NULL),
	(2960,1,15,12,NULL,NULL,'2017-05-05 08:33:28','2017-05-10',NULL,157.21,149.61,NULL,NULL,NULL),
	(2961,1,14,11,NULL,NULL,'2017-05-05 08:33:41','2017-05-10',NULL,199.99,199.99,NULL,NULL,NULL),
	(2962,1,20,NULL,NULL,NULL,'2017-05-07 11:33:53','2017-04-27',NULL,37.61,37.61,NULL,NULL,NULL),
	(2963,1,24,NULL,NULL,NULL,'2017-05-07 11:34:20','2017-04-27',NULL,12.00,12.00,NULL,NULL,'cachorro quente'),
	(2964,1,24,NULL,NULL,NULL,'2017-05-07 11:34:57','2017-04-28',NULL,37.00,37.00,NULL,NULL,'g-bomba'),
	(2965,1,20,NULL,NULL,NULL,'2017-05-07 11:35:35','2017-04-29',NULL,56.33,56.33,NULL,NULL,NULL),
	(2966,1,20,NULL,NULL,NULL,'2017-05-07 11:36:11','2017-04-29',NULL,52.00,52.00,NULL,NULL,NULL),
	(2967,1,20,NULL,NULL,NULL,'2017-05-07 11:36:45','2017-04-30',NULL,33.87,33.87,NULL,NULL,NULL),
	(2968,1,26,NULL,NULL,NULL,'2017-05-08 20:06:59','2017-05-08',NULL,168.12,168.12,NULL,NULL,'481km\n50.5 litros de gasolina comum'),
	(2969,1,76,NULL,NULL,7,'2017-05-09 15:12:10','2017-05-09','2017-05-10',2623.17,120.42,NULL,NULL,NULL),
	(2970,1,24,NULL,NULL,NULL,'2017-05-15 09:05:14','2017-05-05',NULL,29.00,29.00,NULL,NULL,NULL),
	(2971,1,78,NULL,NULL,NULL,'2017-05-15 09:06:13','2017-05-06',NULL,28.00,28.00,NULL,NULL,'cabo de rede'),
	(2972,1,20,NULL,NULL,NULL,'2017-05-15 09:06:35','2017-05-07',NULL,31.36,31.36,NULL,NULL,NULL),
	(2973,1,20,NULL,NULL,NULL,'2017-05-15 09:07:13','2017-05-09',NULL,92.48,92.48,NULL,NULL,NULL),
	(2974,1,24,NULL,NULL,NULL,'2017-05-15 09:07:40','2017-05-09',NULL,41.90,41.90,NULL,NULL,'pizza'),
	(2975,1,20,NULL,NULL,NULL,'2017-05-15 09:08:08','2017-05-10',NULL,19.96,19.96,NULL,NULL,NULL),
	(2976,1,24,NULL,NULL,NULL,'2017-05-15 09:08:29','2017-05-11',NULL,24.00,24.00,NULL,NULL,NULL),
	(2977,1,32,NULL,NULL,NULL,'2017-05-15 09:08:59','2017-05-11',NULL,29.50,29.50,NULL,NULL,'maxsulid'),
	(2978,1,20,NULL,NULL,NULL,'2017-05-15 09:09:20','2017-05-11',NULL,41.87,41.87,NULL,NULL,NULL),
	(2979,1,22,NULL,NULL,NULL,'2017-05-15 09:09:40','2017-05-13',NULL,16.90,16.90,NULL,NULL,NULL),
	(2980,1,24,NULL,NULL,NULL,'2017-05-15 09:10:08','2017-05-13',NULL,37.50,37.50,NULL,NULL,'g-bomba'),
	(2981,1,43,NULL,NULL,NULL,'2017-05-15 09:10:41','2017-05-14',NULL,99.99,99.99,NULL,NULL,'presente m√£e miguel'),
	(2982,1,20,NULL,NULL,NULL,'2017-05-15 09:11:27','2017-05-14',NULL,16.69,16.69,NULL,NULL,'ovos'),
	(2983,1,79,NULL,NULL,6,'2017-05-15 09:12:24','2017-05-15',NULL,93.68,93.68,NULL,NULL,'led'),
	(2984,1,78,NULL,NULL,7,'2017-05-15 09:13:21','2017-05-15',NULL,260.00,260.00,NULL,NULL,'adaptador mac'),
	(2985,1,26,NULL,NULL,NULL,'2017-05-15 17:14:01','2017-05-15',NULL,154.65,154.65,NULL,NULL,'450km\n46 litros de gasolina comum'),
	(2986,1,26,NULL,NULL,NULL,'2017-05-18 06:22:11','2017-05-18',NULL,58.55,58.55,NULL,NULL,'167km\n17,43 litros de gasolina comum'),
	(2987,1,26,NULL,NULL,6,'2017-05-21 08:40:33','2017-05-18',NULL,150.57,150.57,NULL,NULL,'492km\n41 litros de gasolina comum'),
	(2988,1,26,NULL,NULL,6,'2017-05-21 08:45:34','2017-05-21',NULL,167.07,167.07,NULL,NULL,'346 km\n42.8 litros de gasolina comum'),
	(2989,1,26,NULL,NULL,6,'2017-05-22 17:27:14','2017-05-22',NULL,158.19,158.19,NULL,NULL,'454km\n48,53 litros de gasolina comum'),
	(2991,1,20,NULL,NULL,NULL,'2017-05-24 19:46:56','2017-05-15',NULL,52.10,52.10,NULL,NULL,NULL),
	(2992,1,32,NULL,NULL,NULL,'2017-05-24 19:47:27','2017-05-15',NULL,23.00,23.00,NULL,NULL,'xarope'),
	(2993,1,24,NULL,NULL,NULL,'2017-05-24 19:47:50','2017-05-16',NULL,18.00,18.00,NULL,NULL,'cachorro quente'),
	(2994,1,24,NULL,NULL,NULL,'2017-05-24 19:49:08','2017-05-21',NULL,21.00,21.00,NULL,NULL,'catal√£o - jk'),
	(2995,1,44,NULL,NULL,NULL,'2017-05-24 19:49:50','2017-05-21',NULL,35.00,35.00,NULL,NULL,'brinquedo miguel'),
	(2996,1,43,NULL,NULL,6,'2017-05-24 19:51:22','2017-05-17',NULL,36.00,36.00,NULL,NULL,'lavagem terno'),
	(2997,1,24,NULL,NULL,6,'2017-05-24 19:51:47','2017-05-17',NULL,10.00,10.00,NULL,NULL,'marmita'),
	(2998,1,20,NULL,NULL,6,'2017-05-24 19:52:17','2017-05-18',NULL,52.97,52.97,NULL,NULL,'kar√™'),
	(2999,1,24,NULL,NULL,6,'2017-05-24 19:52:58','2017-05-18',NULL,42.73,42.73,NULL,NULL,'catal√£o - jk'),
	(3000,1,24,NULL,NULL,6,'2017-05-24 19:53:59','2017-05-18',NULL,39.90,39.90,NULL,NULL,'mc donalds'),
	(3001,1,20,NULL,NULL,6,'2017-05-24 19:54:27','2017-05-19',NULL,30.91,30.91,NULL,NULL,NULL),
	(3002,1,20,NULL,NULL,6,'2017-05-24 19:54:48','2017-05-20',NULL,21.72,21.72,NULL,NULL,NULL),
	(3003,1,44,NULL,NULL,6,'2017-05-24 19:56:01','2017-05-20',NULL,230.00,230.00,NULL,NULL,'cacha√ßa'),
	(3004,1,24,NULL,NULL,6,'2017-05-24 19:56:50','2017-05-21',NULL,53.00,53.00,NULL,NULL,NULL),
	(3005,1,26,NULL,NULL,6,'2017-05-30 17:44:19','2017-05-30',NULL,155.51,155.51,NULL,NULL,'473km\n48,7 litros de gasolina comum'),
	(3006,1,26,NULL,NULL,NULL,'2017-06-04 18:43:04','2017-06-04',NULL,185.43,185.43,NULL,NULL,'490km\n55 litros de gasolina comum'),
	(3007,1,63,NULL,44,NULL,'2017-06-05 07:56:41','2017-06-05',NULL,1166.67,1116.65,NULL,NULL,NULL),
	(3008,1,76,NULL,NULL,6,'2017-06-05 07:58:41','2017-06-05','2017-06-10',1598.57,1508.95,NULL,NULL,NULL),
	(3009,1,50,NULL,NULL,NULL,'2017-06-05 07:59:20','2017-06-05',NULL,5780.44,5780.44,NULL,NULL,NULL),
	(3010,1,76,NULL,NULL,7,'2017-06-05 08:00:19','2017-06-05','2017-06-10',509.49,260.00,NULL,NULL,NULL),
	(3011,1,75,13,NULL,NULL,'2017-06-05 08:01:56','2017-06-05',NULL,700.00,700.00,NULL,NULL,NULL),
	(3012,1,12,10,NULL,NULL,'2017-06-05 08:03:31','2017-06-08',NULL,68.30,77.38,NULL,NULL,NULL),
	(3013,1,15,12,NULL,NULL,'2017-06-05 08:03:55','2017-06-12',NULL,157.21,152.61,NULL,NULL,NULL),
	(3014,1,20,NULL,NULL,NULL,'2017-06-05 08:06:22','2017-05-31',NULL,93.21,93.21,NULL,NULL,NULL),
	(3015,1,24,NULL,NULL,NULL,'2017-06-05 08:06:55','2017-06-02',NULL,34.00,34.00,NULL,NULL,NULL),
	(3016,1,20,NULL,NULL,NULL,'2017-06-05 08:07:41','2017-06-03',NULL,106.58,106.58,NULL,NULL,NULL),
	(3017,1,44,NULL,NULL,NULL,'2017-06-05 08:07:58','2017-06-03',NULL,69.99,69.99,NULL,NULL,NULL),
	(3018,1,20,NULL,NULL,NULL,'2017-06-05 08:08:20','2017-06-03',NULL,22.97,22.97,NULL,NULL,NULL),
	(3019,1,20,NULL,NULL,NULL,'2017-06-05 08:09:02','2017-06-03',NULL,101.00,101.00,NULL,NULL,'cerva'),
	(3020,1,22,NULL,NULL,NULL,'2017-06-05 08:09:23','2017-06-04',NULL,10.05,10.05,NULL,NULL,NULL),
	(3021,1,24,NULL,NULL,6,'2017-06-05 08:11:53','2017-05-26',NULL,22.50,22.50,NULL,NULL,'gbomba'),
	(3022,1,44,NULL,NULL,6,'2017-06-05 08:12:34','2017-05-27',NULL,30.00,30.00,NULL,NULL,'casa do fazendeiro'),
	(3023,1,44,NULL,NULL,6,'2017-06-05 08:15:11','2017-05-27',NULL,121.00,121.00,NULL,NULL,'cadeira de escrit√≥rio'),
	(3024,1,44,NULL,NULL,6,'2017-06-05 08:18:39','2017-05-29',NULL,203.94,203.94,NULL,NULL,'led'),
	(3025,1,78,NULL,NULL,6,'2017-06-05 08:19:39','2017-05-29',NULL,97.80,97.80,NULL,NULL,'cabo mac'),
	(3026,1,32,NULL,NULL,6,'2017-06-05 08:20:14','2017-05-29',NULL,38.44,38.44,NULL,NULL,'maxsulid'),
	(3027,1,78,NULL,NULL,6,'2017-06-05 08:23:23','2017-06-01',NULL,251.88,251.88,NULL,NULL,'mac display port'),
	(3028,1,10,14,NULL,NULL,'2017-06-06 08:18:30','2017-06-06',NULL,310.00,309.54,NULL,NULL,NULL);

INSERT INTO `LANCAMENTO` (`COD_LANCAMENTO`, `COD_USUARIO`, `COD_CATEGORIA`, `COD_AGENDAMENTO`, `COD_PARCELA`, `COD_CARTAO_CREDITO`, `DAT_LANCAMENTO`, `DAT_REFERENCIA`, `DAT_FATURA`, `VAL_LANCAMENTO`, `VAL_PREVISTO`, `URL_ANEXO`, `NUM_BOLETO`, `DES_LANCAMENTO`)
VALUES
	(3029,1,14,11,NULL,NULL,'2017-06-06 08:19:37','2017-06-12',NULL,221.32,199.99,NULL,NULL,NULL),
	(3030,1,26,NULL,NULL,7,'2017-06-11 10:52:07','2017-06-11',NULL,179.83,179.83,NULL,NULL,'52 litros de gasolina comum \n518km'),
	(3031,1,26,NULL,NULL,7,'2017-06-18 17:43:36','2017-06-18',NULL,137.93,137.93,NULL,NULL,'404km\n43,94 litros de gasolina comum'),
	(3032,1,26,NULL,NULL,NULL,'2017-06-23 15:24:53','2017-06-23',NULL,100.70,100.70,NULL,NULL,'314km\n32 litros de gasolina comum'),
	(3033,1,26,NULL,NULL,NULL,'2017-06-23 21:08:09','2017-06-23',NULL,154.42,154.42,NULL,NULL,'450km\n45 litros de gasolina comum'),
	(3034,1,26,NULL,NULL,NULL,'2017-06-25 17:47:28','2017-06-25',NULL,178.30,178.30,NULL,NULL,'356km\n45 litros de gasolina comum'),
	(3035,1,20,NULL,NULL,NULL,'2017-06-26 08:32:27','2017-06-12',NULL,60.73,60.73,NULL,NULL,NULL),
	(3036,1,32,NULL,NULL,NULL,'2017-06-26 08:33:15','2017-06-22',NULL,57.37,57.37,NULL,NULL,'maxsulid, neosoro'),
	(3037,1,44,NULL,NULL,NULL,'2017-06-26 08:33:50','2017-06-22',NULL,24.50,24.50,NULL,NULL,'dvd david gilmour'),
	(3038,1,20,NULL,NULL,NULL,'2017-06-26 08:34:34','2017-06-22',NULL,215.70,215.70,NULL,NULL,'wisky'),
	(3039,1,72,NULL,NULL,NULL,'2017-06-26 08:35:10','2017-06-23',NULL,15151.00,15151.00,NULL,NULL,'Extrator CRM'),
	(3040,1,82,NULL,NULL,NULL,'2017-06-26 08:35:45','2017-06-23',NULL,5000.00,5000.00,NULL,NULL,'Extrator CRM - participa√ß√£o Nelson'),
	(3041,1,24,NULL,NULL,NULL,'2017-06-26 08:36:33','2017-06-23',NULL,24.89,24.89,NULL,NULL,'com boss'),
	(3042,1,25,NULL,NULL,NULL,'2017-06-26 08:37:36','2017-06-23',NULL,51.09,51.09,NULL,NULL,'lanche'),
	(3043,1,20,NULL,NULL,NULL,'2017-06-26 08:38:02','2017-06-24',NULL,91.68,91.68,NULL,NULL,NULL),
	(3044,1,20,NULL,NULL,NULL,'2017-06-26 08:38:17','2017-06-25',NULL,34.87,34.87,NULL,NULL,NULL),
	(3045,1,25,NULL,NULL,NULL,'2017-06-26 08:38:39','2017-06-25',NULL,42.00,42.00,NULL,NULL,'lanche'),
	(3046,1,44,NULL,NULL,6,'2017-06-26 08:40:50','2017-06-17',NULL,94.50,94.50,NULL,NULL,NULL),
	(3047,1,78,NULL,NULL,6,'2017-06-26 08:41:58','2017-06-07',NULL,399.00,399.00,NULL,NULL,'office'),
	(3048,1,20,NULL,NULL,7,'2017-06-26 08:42:54','2017-06-17',NULL,38.80,38.80,NULL,NULL,NULL),
	(3049,1,24,NULL,NULL,7,'2017-06-26 08:43:36','2017-06-17',NULL,14.00,14.00,NULL,NULL,NULL),
	(3050,1,24,NULL,NULL,NULL,'2017-06-26 08:44:19','2017-06-21',NULL,23.30,23.30,NULL,NULL,'sushi'),
	(3051,1,26,NULL,NULL,NULL,'2017-06-28 07:13:53','2017-06-28',NULL,157.04,157.04,NULL,NULL,'507km\n50 litros de gasolina comum'),
	(3052,1,26,NULL,NULL,NULL,'2017-07-02 13:39:29','2017-07-02',NULL,144.41,144.41,NULL,NULL,'411km\n43 litros de gasolina aditivada'),
	(3053,1,50,NULL,NULL,NULL,'2017-07-05 07:12:49','2017-07-05',NULL,5856.44,5856.44,NULL,NULL,'LIQUIDO DE VENCIMENTO STEFANINI 58069360000120'),
	(3054,1,12,10,NULL,NULL,'2017-07-05 07:13:56','2017-07-10',NULL,57.93,81.45,NULL,NULL,NULL),
	(3055,1,15,12,NULL,NULL,'2017-07-05 07:14:22','2017-07-10',NULL,157.21,155.47,NULL,NULL,NULL),
	(3056,1,63,NULL,45,NULL,'2017-07-05 07:20:10','2017-07-05',NULL,1163.38,1113.50,NULL,NULL,NULL),
	(3057,1,76,NULL,NULL,6,'2017-07-05 07:21:25','2017-07-05','2017-07-10',1800.22,1364.42,NULL,NULL,NULL),
	(3058,1,76,NULL,NULL,7,'2017-07-05 07:22:17','2017-07-05','2017-07-10',989.04,370.56,NULL,NULL,NULL),
	(3059,1,75,13,NULL,NULL,'2017-07-05 07:23:22','2017-07-05',NULL,800.00,700.00,NULL,NULL,NULL),
	(3060,1,10,14,NULL,NULL,'2017-07-05 07:24:52','2017-07-05',NULL,310.00,309.77,NULL,NULL,NULL),
	(3061,1,78,32,NULL,NULL,'2017-07-05 07:29:57','2017-07-05',NULL,94.70,94.70,NULL,NULL,NULL),
	(3062,1,71,NULL,NULL,NULL,'2017-07-07 13:29:01','2017-07-07',NULL,26000.00,56040.96,NULL,NULL,'consignado stefanini - santander'),
	(3063,1,69,NULL,NULL,NULL,'2017-07-07 13:29:28','2017-07-07',NULL,6000.00,6000.00,NULL,NULL,NULL),
	(3064,1,44,NULL,NULL,NULL,'2017-07-07 13:30:06','2017-07-07',NULL,31500.00,31500.00,NULL,NULL,'lote - lago norte'),
	(3065,1,26,NULL,NULL,NULL,'2017-07-08 13:55:31','2017-07-08',NULL,154.17,154.17,NULL,NULL,'450km\n49 litros de gasolina comum'),
	(3066,1,26,NULL,NULL,NULL,'2017-07-12 07:12:02','2017-07-12',NULL,151.44,151.44,NULL,NULL,'433km\n48 litros de gasolina comum'),
	(3067,1,26,NULL,NULL,NULL,'2017-07-18 07:05:11','2017-07-18',NULL,150.50,150.50,NULL,NULL,'450 km\n47,94 litros de gasolina comum'),
	(3068,1,26,NULL,NULL,NULL,'2017-07-23 23:16:47','2017-07-23',NULL,189.12,189.12,NULL,NULL,'500km\n51.12 litros de gasolina comum'),
	(3069,1,26,NULL,NULL,NULL,'2017-07-25 07:23:30','2017-07-25',NULL,153.06,153.06,NULL,NULL,'400km\n38,76 litros de gasolina comum'),
	(3070,1,26,NULL,NULL,NULL,'2017-07-29 11:46:46','2017-07-29',NULL,194.50,194.50,NULL,NULL,'390km\n48,74 litros de gasolina aditivada'),
	(3071,1,32,NULL,NULL,NULL,'2017-07-31 09:05:42','2017-07-03',NULL,65.33,65.33,NULL,NULL,NULL),
	(3072,1,20,NULL,NULL,NULL,'2017-07-31 09:06:26','2017-07-01',NULL,59.00,59.00,NULL,NULL,'ADERI ????'),
	(3073,1,24,NULL,NULL,NULL,'2017-07-31 09:06:56','2017-07-02',NULL,18.00,18.00,NULL,NULL,'cachorro quente'),
	(3074,1,24,NULL,NULL,NULL,'2017-07-31 09:07:56','2017-07-05',NULL,18.00,18.00,NULL,NULL,'cachorro quente'),
	(3075,1,32,NULL,NULL,NULL,'2017-07-31 09:14:44','2017-07-07',NULL,26.25,26.25,NULL,NULL,NULL),
	(3076,1,43,NULL,NULL,NULL,'2017-07-31 09:29:42','2017-07-07',NULL,149.70,149.70,NULL,NULL,'camisas naruto e dbz'),
	(3077,1,22,NULL,NULL,NULL,'2017-07-31 09:31:03','2017-07-08',NULL,15.73,15.73,NULL,NULL,NULL),
	(3078,1,24,NULL,NULL,NULL,'2017-07-31 09:31:28','2017-07-08',NULL,33.00,33.00,NULL,NULL,'g-bomba'),
	(3079,1,20,NULL,NULL,NULL,'2017-07-31 09:31:56','2017-07-09',NULL,218.30,218.30,NULL,NULL,'extra'),
	(3080,1,24,NULL,NULL,NULL,'2017-07-31 09:32:20','2017-07-09',NULL,45.90,45.90,NULL,NULL,'pizza'),
	(3081,1,24,NULL,NULL,NULL,'2017-07-31 09:33:36','2017-07-10',NULL,12.00,12.00,NULL,NULL,'almo√ßo'),
	(3082,1,24,NULL,NULL,NULL,'2017-07-31 09:34:01','2017-07-11',NULL,7.00,7.00,NULL,NULL,NULL),
	(3083,1,24,NULL,NULL,NULL,'2017-07-31 09:34:31','2017-07-14',NULL,26.00,26.00,NULL,NULL,'g-bomba'),
	(3084,1,22,NULL,NULL,NULL,'2017-07-31 09:35:14','2017-07-15',NULL,12.00,12.00,NULL,NULL,NULL),
	(3085,1,21,NULL,NULL,NULL,'2017-07-31 09:35:37','2017-07-15',NULL,54.51,54.51,NULL,NULL,NULL),
	(3086,1,20,NULL,NULL,NULL,'2017-07-31 09:36:11','2017-07-15',NULL,29.90,29.90,NULL,NULL,'chocolate'),
	(3087,1,32,NULL,NULL,NULL,'2017-07-31 09:37:07','2017-07-15',NULL,53.86,53.86,NULL,NULL,'maxsulid, naridrin e sal de fruta'),
	(3088,1,78,NULL,NULL,NULL,'2017-07-31 09:38:24','2017-07-16',NULL,79.00,79.00,NULL,NULL,'case hd externo'),
	(3089,1,78,NULL,NULL,NULL,'2017-07-31 09:39:28','2017-07-16',NULL,63.00,63.00,NULL,NULL,'cabo display port'),
	(3090,1,78,NULL,NULL,NULL,'2017-07-31 09:44:13','2017-07-16',NULL,40.00,40.00,NULL,NULL,'suporte cel car'),
	(3091,1,78,NULL,NULL,NULL,'2017-07-31 09:44:45','2017-07-16',NULL,25.00,25.00,NULL,NULL,'drive adaptador hd macbook'),
	(3092,1,20,NULL,NULL,NULL,'2017-07-31 09:45:04','2017-07-16',NULL,36.24,36.24,NULL,NULL,NULL),
	(3093,1,24,NULL,NULL,NULL,'2017-07-31 09:45:53','2017-07-16',NULL,10.00,10.00,NULL,NULL,'barzinho com as amigas'),
	(3094,1,32,NULL,NULL,NULL,'2017-07-31 09:48:31','2017-07-19',NULL,187.73,187.73,NULL,NULL,'rem√©dios p/ garganta'),
	(3095,1,68,NULL,NULL,NULL,'2017-07-31 09:49:18','2017-07-20',NULL,4327.24,4327.24,NULL,NULL,'LIQUIDO DE VENCIMENTO              STEFANINI  58069360000120'),
	(3096,1,24,NULL,NULL,NULL,'2017-07-31 09:49:47','2017-07-21',NULL,30.00,30.00,NULL,NULL,'g-bomba'),
	(3097,1,32,NULL,NULL,NULL,'2017-07-31 09:50:11','2017-07-22',NULL,80.53,80.53,NULL,NULL,NULL),
	(3098,1,44,NULL,NULL,NULL,'2017-07-31 09:51:02','2017-07-22',NULL,42.80,42.80,NULL,NULL,'LEITURA BRASILI - livro'),
	(3099,1,41,NULL,NULL,NULL,'2017-07-31 09:52:37','2017-07-23',NULL,65.00,65.00,NULL,NULL,'pier 21 - homen aranha e bebidas'),
	(3100,1,32,NULL,NULL,NULL,'2017-07-31 09:55:03','2017-07-24',NULL,38.98,38.98,NULL,NULL,'p√≠lula do dia seguinte'),
	(3101,1,28,NULL,NULL,NULL,'2017-07-31 09:55:49','2017-07-24',NULL,589.00,589.00,NULL,NULL,'2¬∫ revis√£o - Mitsubishi Lancer'),
	(3102,1,43,NULL,NULL,NULL,'2017-07-31 09:56:18','2017-07-24',NULL,249.30,249.30,NULL,NULL,'roupas p/ viagem'),
	(3103,1,26,NULL,NULL,NULL,'2017-07-31 09:58:53','2017-07-25',NULL,150.00,150.00,NULL,NULL,'434km\n52,69 litros de gasolina comum'),
	(3104,1,24,NULL,NULL,NULL,'2017-07-31 10:02:35','2017-07-25',NULL,89.51,89.51,NULL,NULL,'sushi'),
	(3105,1,32,NULL,NULL,NULL,'2017-07-31 10:03:42','2017-07-25',NULL,47.66,47.66,NULL,NULL,'coisas da aldeiza'),
	(3106,1,24,NULL,NULL,NULL,'2017-07-31 10:04:10','2017-07-25',NULL,18.90,18.90,NULL,NULL,'churros'),
	(3107,1,24,NULL,NULL,NULL,'2017-07-31 10:04:39','2017-07-25',NULL,92.00,92.00,NULL,NULL,'pizza'),
	(3108,1,32,NULL,NULL,NULL,'2017-07-31 10:05:47','2017-07-26',NULL,58.03,58.03,NULL,NULL,'rem√©dios p/ dor\ntenoxican e dolamin flex'),
	(3109,1,44,NULL,NULL,NULL,'2017-07-31 10:06:06','2017-07-26',NULL,20.00,20.00,NULL,NULL,'bol√£o da mega'),
	(3110,1,24,NULL,NULL,NULL,'2017-07-31 10:07:28','2017-07-26',NULL,119.90,119.90,NULL,NULL,'camar√£o na praia do prata \nPalmas-TO'),
	(3111,1,22,NULL,NULL,NULL,'2017-07-31 10:09:46','2017-07-26',NULL,26.00,26.00,NULL,NULL,'Palmas-TO'),
	(3112,1,24,NULL,NULL,NULL,'2017-07-31 10:10:22','2017-07-26',NULL,77.80,77.80,NULL,NULL,'mc donalds\nPalmas-TO'),
	(3113,1,24,NULL,NULL,NULL,'2017-07-31 10:11:05','2017-07-27',NULL,218.35,218.35,NULL,NULL,'camar√£o na ilha da canela\nPalmas-TO'),
	(3114,1,32,NULL,NULL,NULL,'2017-07-31 10:12:18','2017-07-27',NULL,57.60,57.60,NULL,NULL,'pomada p/ miguel e azulzinha'),
	(3115,1,24,NULL,NULL,NULL,'2017-07-31 10:13:12','2017-07-27',NULL,51.80,51.80,NULL,NULL,'Palmas-TO'),
	(3116,1,24,NULL,NULL,NULL,'2017-07-31 10:14:15','2017-07-28',NULL,48.40,48.40,NULL,NULL,'mc donalds\nPalmas-TO'),
	(3117,1,24,NULL,NULL,NULL,'2017-07-31 10:14:55','2017-07-28',NULL,115.00,115.00,NULL,NULL,'almo√ßo na fazenda ecol√≥gica\nPalmas-TO'),
	(3118,1,26,NULL,NULL,NULL,'2017-07-31 10:16:24','2017-07-29',NULL,172.05,172.05,NULL,NULL,'438 km\n45 litros de gasolina comum'),
	(3119,1,24,NULL,NULL,NULL,'2017-07-31 10:17:00','2017-07-30',NULL,47.50,47.50,NULL,NULL,'g-bomba'),
	(3120,1,44,NULL,NULL,NULL,'2017-07-31 10:23:04','2017-07-27',NULL,250.00,250.00,NULL,NULL,'compras diversas na viagem toda em Palmas-TO\n\ntotal de gastos na viagem:\n\n R$250,00 \n R$ 115,00 \n R$ 153,00 \n R$ 150,00 \n R$ 35,22 \n R$ 54,29 \n R$ 47,66 \n R$ 18,90 \n R$ 92,00 \n R$ 58,03 \n R$ 20,00 \n R$ 119,90 \n R$ 26,00 \n R$ 77,80 \n R$ 5,00 \n R$ 218,35 \n R$ 57,60 \n R$ 51,80 \n R$ 12,00 \n R$ 36,40 \n R$ 7,00 \n R$ 194,50 \n R$ 200,00 \n R$ 172,05 \n R$ 47,50 \nTOTAL:  R$ 2.220,00'),
	(3121,1,14,11,NULL,NULL,'2017-07-31 10:25:37','2017-07-10',NULL,219.98,207.10,NULL,NULL,NULL),
	(3122,1,63,NULL,616,NULL,'2017-04-17 00:00:00','2017-04-17',NULL,1080.58,1132.43,NULL,NULL,NULL),
	(3123,1,63,NULL,617,NULL,'2017-05-17 00:00:00','2017-05-17',NULL,1080.58,1132.43,NULL,NULL,NULL),
	(3124,1,63,NULL,618,NULL,'2017-06-17 00:00:00','2017-06-17',NULL,1080.58,1132.43,NULL,NULL,NULL),
	(3125,1,63,NULL,619,NULL,'2017-07-17 00:00:00','2017-07-17',NULL,1080.58,1132.43,NULL,NULL,NULL),
	(3126,1,63,NULL,620,NULL,'2017-08-17 00:00:00','2017-08-17',NULL,1080.58,1132.43,NULL,NULL,NULL),
	(3127,1,63,NULL,621,NULL,'2017-09-17 00:00:00','2017-09-17',NULL,1080.58,1132.43,NULL,NULL,NULL),
	(3128,1,26,NULL,NULL,NULL,'2017-07-31 16:31:25','2017-07-31',NULL,179.44,179.44,NULL,NULL,'450km\n48,25 litros de gasolina comum'),
	(3129,1,26,NULL,NULL,7,'2017-08-04 21:23:26','2017-08-04',NULL,187.37,187.37,NULL,NULL,'481km\n47,81 litros de gasolina aditivada'),
	(3130,1,75,13,NULL,NULL,'2017-08-07 17:49:32','2017-08-07',NULL,800.00,733.33,NULL,NULL,NULL),
	(3131,1,50,NULL,NULL,NULL,'2017-08-07 17:51:05','2017-08-04',NULL,3392.90,3392.90,NULL,NULL,'1002 SALARIO MENSALISTA 22,00 5.689,85\n4006 FERIAS NO MES 8,00 2.069,30\n4007 1/3 DE FERIAS NO MES 8,00 689,77\n4010 FERIAS NO PROXIMO MES 7,00 1.810,64\n4011 1/3 DE FERIAS NO PROXIMO MES 7,00 603,54\n8001 I.N.S.S. 11,00 360,13\n8008 I.N.S.S. FERIAS 9,00 248,31\n8011 I.N.S.S. FERIAS PROXIMO MES 9,00 217,27\n8014 I.R.R.F. 27,50 544,17\n8017 I.R.R.F. FERIAS 22,50 380,43\n8030 ADIANTAMENTO DE FERIAS 0,00 4.327,24\n8153 DESC. EMPRESTIMO SANTANDER S/A 0,00 1.167,52\n8156 MEDIAL 300 APARTAMENTO COPART 0,00 154,20\n8173 Amil - Dental 100 0,00 10,93\n8194 REFEI√á√ÉO 15,00 60,00'),
	(3132,1,76,NULL,NULL,6,'2017-08-07 17:51:59','2017-08-07','2017-08-10',558.63,177.84,NULL,NULL,NULL),
	(3133,1,63,NULL,782,NULL,'2017-08-07 17:54:24','2017-08-04',NULL,1167.52,1167.52,NULL,NULL,NULL),
	(3134,1,10,49,NULL,NULL,'2017-08-07 17:59:12','2017-08-07',NULL,90.00,0.00,NULL,NULL,NULL),
	(3135,1,12,10,NULL,NULL,'2017-08-07 18:00:21','2017-08-08',NULL,42.02,65.07,NULL,NULL,NULL),
	(3136,1,15,12,NULL,NULL,'2017-08-07 18:00:45','2017-08-10',NULL,159.09,157.21,NULL,NULL,NULL),
	(3137,1,14,11,NULL,NULL,'2017-08-07 18:01:03','2017-08-10',NULL,201.19,213.76,NULL,NULL,NULL),
	(3138,1,10,NULL,NULL,NULL,'2017-08-07 18:05:25','2017-08-07',NULL,120.00,120.00,NULL,NULL,'tx extra'),
	(3139,1,13,NULL,NULL,NULL,'2017-08-07 18:09:57','2017-08-07',NULL,23.50,23.50,NULL,NULL,''),
	(3140,1,63,NULL,46,6,'2017-08-07 18:11:05','2017-08-07',NULL,1160.58,1110.35,NULL,NULL,NULL),
	(3141,1,10,14,NULL,6,'2017-08-07 18:11:30','2017-08-07',NULL,311.80,310.00,NULL,NULL,NULL),
	(3142,1,25,NULL,NULL,NULL,'2017-08-07 18:26:34','2017-07-31',NULL,33.50,33.50,NULL,NULL,'cacau show'),
	(3143,1,24,NULL,NULL,NULL,'2017-08-07 18:27:12','2017-08-02',NULL,54.88,54.88,NULL,NULL,'sushi'),
	(3144,1,20,NULL,NULL,NULL,'2017-08-07 18:27:30','2017-08-03',NULL,21.04,21.04,NULL,NULL,NULL),
	(3145,1,22,NULL,NULL,NULL,'2017-08-07 18:28:27','2017-08-05',NULL,19.47,19.47,NULL,NULL,'caf√© da manh√£ do miguel'),
	(3146,1,20,NULL,NULL,NULL,'2017-08-07 18:29:22','2017-08-05',NULL,64.91,64.91,NULL,NULL,'frango'),
	(3147,1,24,NULL,NULL,NULL,'2017-08-07 18:29:50','2017-08-05',NULL,14.00,14.00,NULL,NULL,'g-bomba'),
	(3148,1,32,NULL,NULL,6,'2017-08-07 18:31:34','2017-07-31',NULL,191.57,191.57,NULL,NULL,'ritalina la 40'),
	(3149,1,41,NULL,NULL,6,'2017-08-07 18:32:54','2017-08-05',NULL,102.00,102.00,NULL,NULL,'parkshopping game center - creditos'),
	(3150,1,41,NULL,NULL,6,'2017-08-07 18:33:28','2017-08-04',NULL,40.00,40.00,NULL,NULL,'transformers'),
	(3151,1,24,NULL,NULL,7,'2017-08-07 18:37:13','2017-08-03',NULL,96.36,96.36,NULL,NULL,'sushi'),
	(3152,1,26,NULL,NULL,NULL,'2017-08-10 20:40:13','2017-08-10',NULL,173.81,173.81,NULL,NULL,'441km\n46,73 litros de gasolina comum'),
	(3153,1,26,NULL,NULL,7,'2017-08-17 22:50:10','2017-08-17',NULL,188.33,188.33,NULL,NULL,'476km\n49,57 litros de gasolina aditivada'),
	(3154,1,20,NULL,NULL,6,'2017-08-21 08:03:28','2017-08-11',NULL,237.14,237.14,NULL,NULL,NULL),
	(3155,1,41,NULL,NULL,6,'2017-08-21 08:04:20','2017-08-14',NULL,8.96,8.96,NULL,NULL,'valerian'),
	(3156,1,78,NULL,NULL,7,'2017-08-21 08:04:52','2017-08-15',NULL,110.88,110.88,NULL,NULL,'cabo iphone'),
	(3157,1,78,NULL,NULL,6,'2017-08-21 08:05:23','2017-08-17',NULL,59.90,59.90,NULL,NULL,'cabo iphone'),
	(3158,1,24,NULL,NULL,NULL,'2017-08-21 08:07:29','2017-08-10',NULL,18.00,18.00,NULL,NULL,'cachorro quente'),
	(3159,1,32,NULL,NULL,NULL,'2017-08-21 08:08:02','2017-08-12',NULL,29.99,29.99,NULL,NULL,'floratin'),
	(3160,1,32,NULL,NULL,NULL,'2017-08-21 08:08:45','2017-08-16',NULL,47.86,47.86,NULL,NULL,NULL),
	(3161,1,78,NULL,NULL,7,'2017-08-21 08:09:32','2017-08-18',NULL,29.90,29.90,NULL,NULL,'starcraft'),
	(3162,1,44,NULL,NULL,7,'2017-08-21 08:10:22','2017-08-19',NULL,30.75,30.75,NULL,NULL,'festa miguel'),
	(3163,1,20,NULL,NULL,7,'2017-08-21 08:10:56','2017-08-19',NULL,82.37,82.37,NULL,NULL,'festa miguel'),
	(3164,1,22,NULL,NULL,7,'2017-08-21 08:11:28','2017-08-20',NULL,45.00,45.00,NULL,NULL,'festa miguel'),
	(3165,1,44,NULL,NULL,NULL,'2017-08-21 08:11:50','2017-08-19',NULL,10.00,10.00,NULL,NULL,'corte cabelo'),
	(3166,1,44,NULL,NULL,NULL,'2017-08-21 08:58:07','2017-08-19',NULL,38.50,38.50,NULL,NULL,'mega sena'),
	(3167,1,20,NULL,NULL,NULL,'2017-08-21 08:58:44','2017-08-08',NULL,19.63,19.63,NULL,NULL,NULL),
	(3168,1,26,NULL,NULL,7,'2017-08-25 16:50:50','2017-08-25',NULL,189.31,189.31,NULL,NULL,'441 km\n48,8 litros de gasolina comum'),
	(3169,1,29,NULL,NULL,NULL,'2017-08-28 09:58:01','2017-08-28',NULL,2379.46,2379.46,NULL,NULL,'IPVA:\n1) R$605,73 \n2) R$598,00 \n3) R$591,38 \n4) R$584,35 \n R$2.379,46'),
	(3170,1,29,NULL,NULL,NULL,'2017-08-28 09:58:44','2017-08-28',NULL,68.10,68.10,NULL,NULL,'DPVAT'),
	(3171,1,65,NULL,NULL,NULL,'2017-08-28 10:19:07','2017-08-28',NULL,469.88,469.88,NULL,NULL,'2 multas	 R$260,32 \nmulta_1	 R$78,10 \nmulta_2	 R$131,46 \ntotal               R$469,88'),
	(3172,1,29,NULL,NULL,NULL,'2017-08-28 10:19:40','2017-08-28',NULL,78.54,78.54,NULL,NULL,'TAXA¬†DE¬†LICENCIAMENTO¬†ANUAL¬†/¬†2017'),
	(3173,1,26,NULL,NULL,NULL,'2017-09-01 06:20:32','2017-09-01',NULL,138.22,138.22,NULL,NULL,'337kn\n35,63 litros de gasolina comum'),
	(3174,1,41,NULL,NULL,6,'2017-09-04 07:34:18','2017-08-27',NULL,0.00,23.04,NULL,NULL,'valerian'),
	(3175,1,24,NULL,NULL,NULL,'2017-09-04 07:36:27','2017-08-28',NULL,13.00,13.00,NULL,NULL,'almo√ßo no codorna'),
	(3176,1,20,NULL,NULL,NULL,'2017-09-04 07:37:33','2017-08-28',NULL,30.42,30.42,NULL,NULL,NULL),
	(3177,1,20,NULL,NULL,NULL,'2017-09-04 07:37:57','2017-08-28',NULL,17.85,17.85,NULL,NULL,NULL),
	(3178,1,32,NULL,NULL,7,'2017-09-04 07:38:40','2017-08-30',NULL,0.00,99.90,NULL,NULL,'umifidicador de ar'),
	(3179,1,32,NULL,NULL,7,'2017-09-04 07:41:29','2017-08-30',NULL,0.00,393.74,NULL,NULL,'somente do miguel\n\nmodik 2x 124.90\ntarfic 143.94'),
	(3180,1,32,NULL,NULL,7,'2017-09-04 07:44:20','2017-09-01',NULL,490.04,490.04,NULL,NULL,'ritalina 2x R$ 191,57\n\nmiguel - resist  500mg : 106,90'),
	(3181,1,24,NULL,NULL,7,'2017-09-04 07:45:22','2017-09-01',NULL,38.00,38.00,NULL,NULL,'g-bomba'),
	(3182,1,22,NULL,NULL,NULL,'2017-09-04 07:46:04','2017-09-01',NULL,11.05,11.05,NULL,NULL,NULL),
	(3183,1,43,NULL,NULL,NULL,'2017-09-04 07:46:47','2017-09-02',NULL,29.90,29.90,NULL,NULL,'cal√ßado p/ alice'),
	(3184,1,32,NULL,NULL,NULL,'2017-09-04 07:47:35','2017-09-02',NULL,52.47,52.47,NULL,NULL,'xarope e naridrim p/ pai'),
	(3185,1,26,NULL,NULL,7,'2017-09-05 17:46:38','2017-09-05',NULL,187.53,187.53,NULL,NULL,'405km\n44,98 litros de gasolina comum'),
	(3186,1,75,13,NULL,NULL,'2017-09-05 18:37:07','2017-09-05',NULL,800.00,766.67,NULL,NULL,NULL),
	(3187,1,76,NULL,NULL,6,'2017-09-05 18:38:25','2017-09-05','2017-09-10',2494.39,817.41,NULL,NULL,NULL),
	(3188,1,76,NULL,NULL,7,'2017-09-05 18:40:22','2017-09-05','2017-09-10',756.37,770.96,NULL,NULL,NULL),
	(3189,1,12,10,NULL,NULL,'2017-09-05 18:44:12','2017-09-08',NULL,58.87,56.08,NULL,NULL,NULL),
	(3190,1,15,12,NULL,NULL,'2017-09-05 18:44:34','2017-09-11',NULL,159.09,157.84,NULL,NULL,NULL),
	(3191,1,14,11,NULL,NULL,'2017-09-05 18:44:54','2017-09-11',NULL,222.55,214.16,NULL,NULL,NULL),
	(3192,1,10,49,NULL,NULL,'2017-09-05 18:47:46','2017-09-05',NULL,90.00,90.00,NULL,NULL,NULL),
	(3193,1,63,NULL,783,NULL,'2017-09-05 18:50:40','2017-09-05',NULL,1167.52,1167.52,NULL,NULL,NULL),
	(3194,1,50,NULL,NULL,NULL,'2017-09-05 18:52:22','2017-09-05',NULL,4614.67,4614.67,NULL,NULL,'Stefanini'),
	(3195,1,10,NULL,NULL,6,'2017-09-05 19:08:37','2017-09-05',NULL,120.00,120.00,NULL,NULL,NULL),
	(3196,1,10,14,NULL,6,'2017-09-05 19:09:10','2017-09-05',NULL,311.80,311.80,NULL,NULL,NULL),
	(3197,1,63,NULL,47,6,'2017-09-05 19:12:24','2017-09-05',NULL,2314.60,1107.20,NULL,NULL,NULL),
	(3198,1,26,NULL,NULL,7,'2017-09-13 15:00:12','2017-09-13',NULL,199.75,199.75,NULL,NULL,'478km\n48,73 litros de gasolina comum'),
	(3199,1,20,NULL,NULL,NULL,'2017-09-19 07:51:04','2017-09-06',NULL,15.66,15.66,NULL,NULL,NULL),
	(3200,1,20,NULL,NULL,NULL,'2017-09-19 07:53:11','2017-09-13',NULL,14.47,14.47,NULL,NULL,NULL),
	(3201,1,20,NULL,NULL,NULL,'2017-09-19 07:53:31','2017-09-13',NULL,28.94,28.94,NULL,NULL,NULL),
	(3202,1,20,NULL,NULL,NULL,'2017-09-19 07:53:50','2017-09-13',NULL,33.40,33.40,NULL,NULL,NULL),
	(3203,1,20,NULL,NULL,NULL,'2017-09-19 07:54:22','2017-09-14',NULL,34.99,34.99,NULL,NULL,NULL),
	(3204,1,44,NULL,NULL,NULL,'2017-09-19 08:01:48','2017-09-15',NULL,27.70,27.70,NULL,NULL,'canetas'),
	(3205,1,22,NULL,NULL,NULL,'2017-09-19 08:02:21','2017-09-16',NULL,16.00,16.00,NULL,NULL,NULL),
	(3206,1,72,NULL,NULL,NULL,'2017-09-19 08:05:10','2017-09-19',NULL,1331.83,1331.83,NULL,NULL,'RESTITUICAO IMPOSTO DE RENDA PF    DOC IRPF 	4.437,24 	 \nPREST. DE EMPREST. FINANCIAMENTO  -3.105,41'),
	(3207,1,78,NULL,NULL,7,'2017-09-19 08:07:18','2017-09-19',NULL,85.80,85.80,NULL,NULL,NULL),
	(3208,1,44,NULL,NULL,7,'2017-09-19 08:08:05','2017-09-12',NULL,163.70,163.70,NULL,NULL,'presente'),
	(3209,1,43,NULL,NULL,7,'2017-09-19 08:08:43','2017-09-15',NULL,170.00,170.00,NULL,NULL,'chuteira'),
	(3210,1,80,NULL,NULL,7,'2017-09-19 08:09:12','2017-09-16',NULL,46.70,46.70,NULL,NULL,'lampada'),
	(3211,1,20,NULL,NULL,7,'2017-09-19 08:09:45','2017-09-19',NULL,52.00,52.00,NULL,NULL,'cerva'),
	(3212,1,50,NULL,NULL,NULL,'2017-09-20 08:37:20','2017-09-20',NULL,51.19,51.19,NULL,NULL,'rescis√£o stefanini'),
	(3213,1,26,NULL,NULL,NULL,'2017-09-21 07:31:04','2017-09-21',NULL,196.00,196.00,NULL,NULL,'500km\n49,18 litros de gas comum'),
	(3214,1,24,NULL,NULL,NULL,'2017-09-26 23:01:15','2017-09-22',NULL,23.56,23.56,NULL,NULL,'amigao'),
	(3215,1,20,NULL,NULL,NULL,'2017-09-26 23:01:47','2017-09-22',NULL,26.86,26.86,NULL,NULL,NULL),
	(3216,1,14,NULL,NULL,NULL,'2017-09-26 23:02:50','2017-09-25',NULL,109.99,109.99,NULL,NULL,'fim contrato vivo'),
	(3217,1,20,NULL,NULL,NULL,'2017-09-26 23:03:29','2017-09-23',NULL,105.00,105.00,NULL,NULL,'cerva'),
	(3218,1,20,NULL,NULL,NULL,'2017-09-26 23:03:50','2017-09-23',NULL,11.18,11.18,NULL,NULL,NULL),
	(3219,1,20,NULL,NULL,NULL,'2017-09-26 23:04:23','2017-09-23',NULL,14.00,14.00,NULL,NULL,NULL),
	(3220,1,44,NULL,NULL,NULL,'2017-09-26 23:04:55','2017-09-24',NULL,300.00,300.00,NULL,NULL,'presente niver'),
	(3221,1,22,NULL,NULL,NULL,'2017-09-26 23:06:02','2017-09-24',NULL,10.00,10.00,NULL,NULL,NULL),
	(3222,1,20,NULL,NULL,NULL,'2017-09-26 23:06:26','2017-09-24',NULL,23.13,23.13,NULL,NULL,NULL),
	(3223,1,24,NULL,NULL,NULL,'2017-09-26 23:06:45','2017-09-24',NULL,12.00,12.00,NULL,NULL,'cachorro quente'),
	(3224,1,20,NULL,NULL,NULL,'2017-09-26 23:07:10','2017-09-25',NULL,11.54,11.54,NULL,NULL,NULL),
	(3225,1,24,NULL,NULL,NULL,'2017-09-26 23:07:33','2017-09-25',NULL,26.90,26.90,NULL,NULL,'pizza'),
	(3226,1,72,NULL,NULL,NULL,'2017-09-26 23:09:32','2017-09-26',NULL,11804.06,11804.06,NULL,NULL,'pagamento 1/3 SGF.'),
	(3227,1,82,NULL,NULL,NULL,'2017-09-26 23:10:24','2017-09-26',NULL,6224.98,6224.98,NULL,NULL,'pagamento ao Gilcimar referente ao pagamento 1/3 do SGF.'),
	(3228,1,24,NULL,NULL,NULL,'2017-09-26 23:10:46','2017-09-26',NULL,33.80,33.80,NULL,NULL,'giraffas'),
	(3229,1,63,NULL,622,NULL,'2017-10-18 01:00:00','2017-10-17',NULL,1091.63,1132.43,NULL,NULL,NULL),
	(3230,1,63,NULL,623,NULL,'2017-11-18 01:00:00','2017-11-17',NULL,1091.63,1132.43,NULL,NULL,NULL),
	(3231,1,63,NULL,624,NULL,'2017-12-18 01:00:00','2017-12-17',NULL,1091.63,1132.43,NULL,NULL,NULL),
	(3232,1,63,NULL,625,NULL,'2017-01-18 01:00:00','2017-01-18',NULL,1091.63,1132.43,NULL,NULL,NULL),
	(3233,1,26,NULL,NULL,NULL,'2017-09-29 07:47:24','2017-09-29',NULL,184.22,184.22,NULL,NULL,'476km\n47,73 litros de gasolina comum'),
	(3234,1,75,13,NULL,NULL,'2017-10-02 08:26:59','2017-10-02',NULL,800.00,800.00,NULL,NULL,NULL),
	(3235,1,76,NULL,NULL,6,'2017-10-02 08:27:49','2017-10-02','2017-10-10',1915.74,1766.94,NULL,NULL,NULL),
	(3236,1,76,NULL,NULL,7,'2017-10-02 08:28:31','2017-10-02','2017-10-10',2431.22,1622.83,NULL,NULL,NULL),
	(3237,1,10,14,NULL,NULL,'2017-10-02 08:31:58','2017-10-02',NULL,311.80,311.20,NULL,NULL,NULL),
	(3238,1,78,32,NULL,NULL,'2017-10-02 08:35:58','2017-10-02',NULL,94.70,94.70,NULL,NULL,NULL),
	(3239,1,63,NULL,48,NULL,'2017-10-02 08:46:17','2017-10-02',NULL,1159.18,1104.06,NULL,NULL,NULL),
	(3240,1,10,NULL,NULL,NULL,'2017-10-03 07:42:16','2017-10-03',NULL,120.00,120.00,NULL,NULL,'taxa extra mangueiral'),
	(3241,1,50,NULL,NULL,NULL,'2017-10-03 07:45:14','2017-09-28',NULL,2844.97,2844.97,NULL,NULL,'sal√°rio sicoob'),
	(3242,1,14,11,NULL,NULL,'2017-10-04 07:20:38','2017-10-04',NULL,35.48,214.57,NULL,NULL,NULL),
	(3243,1,10,49,NULL,NULL,'2017-10-04 07:20:49','2017-10-04',NULL,90.00,90.00,NULL,NULL,NULL),
	(3244,1,12,10,NULL,NULL,'2017-10-04 07:21:39','2017-10-09',NULL,77.40,52.94,NULL,NULL,NULL),
	(3245,1,15,12,NULL,NULL,'2017-10-04 07:22:01','2017-10-10',NULL,158.72,158.46,NULL,NULL,NULL),
	(3246,1,26,NULL,NULL,NULL,'2017-10-06 17:42:05','2017-10-06',NULL,209.33,209.33,NULL,NULL,'576km\n30,00 7,2 litros de gasolina comum \n179,33 - 47,33 litros de gasolina comum'),
	(3247,1,14,NULL,NULL,NULL,'2017-10-09 18:52:12','2017-10-05',NULL,129.02,129.02,NULL,NULL,'√∫ltima conta da VIVO'),
	(3248,1,24,NULL,NULL,NULL,'2017-10-09 18:54:24','2017-10-04',NULL,18.00,18.00,NULL,NULL,NULL),
	(3249,1,41,NULL,NULL,NULL,'2017-10-09 18:55:00','2017-10-06',NULL,36.00,36.00,NULL,NULL,NULL),
	(3250,1,20,NULL,NULL,NULL,'2017-10-09 19:00:31','2017-10-07',NULL,52.73,52.73,NULL,NULL,NULL),
	(3251,1,32,NULL,NULL,NULL,'2017-10-09 19:01:07','2017-10-07',NULL,42.84,42.84,NULL,NULL,'azulzinha e jontex'),
	(3252,1,25,NULL,NULL,NULL,'2017-10-09 19:02:47','2017-10-07',NULL,51.70,51.70,NULL,NULL,'barzinho'),
	(3253,1,44,NULL,NULL,NULL,'2017-10-09 19:03:30','2017-10-07',NULL,90.00,90.00,NULL,NULL,'venus'),
	(3254,1,20,NULL,NULL,NULL,'2017-10-09 19:04:04','2017-10-08',NULL,44.06,44.06,NULL,NULL,NULL),
	(3255,1,21,NULL,NULL,NULL,'2017-10-09 19:04:30','2017-10-08',NULL,28.11,28.11,NULL,NULL,NULL),
	(3256,1,20,NULL,NULL,NULL,'2017-10-09 19:04:54','2017-10-08',NULL,25.00,25.00,NULL,NULL,'cerva'),
	(3257,1,26,NULL,NULL,NULL,'2017-10-10 06:52:02','2017-10-10',NULL,182.53,182.53,NULL,NULL,'496km\n49,34 litros de gasolina comum'),
	(3258,1,26,NULL,NULL,NULL,'2017-10-18 17:10:19','2017-10-18',NULL,182.47,182.47,NULL,NULL,'479km\n46,79 litros de gasolina comum'),
	(3259,1,24,NULL,NULL,NULL,'2017-10-20 08:44:46','2017-10-10',NULL,104.50,104.50,NULL,NULL,'pizza'),
	(3260,1,32,NULL,NULL,NULL,'2017-10-20 08:45:11','2017-10-11',NULL,27.12,27.12,NULL,NULL,NULL),
	(3261,1,20,NULL,NULL,NULL,'2017-10-20 08:46:22','2017-10-12',NULL,56.28,56.28,NULL,NULL,'cerva'),
	(3262,1,41,NULL,NULL,NULL,'2017-10-20 08:48:14','2017-10-13',NULL,200.55,200.55,NULL,NULL,'evento sobre games'),
	(3263,1,78,NULL,NULL,7,'2017-10-20 08:50:43','2017-10-08',NULL,3.90,3.90,NULL,NULL,'filme youtube'),
	(3264,1,78,NULL,NULL,7,'2017-10-20 08:51:19','2017-10-12',NULL,103.87,103.87,NULL,NULL,'poster game'),
	(3265,1,78,NULL,NULL,7,'2017-10-20 08:52:15','2017-10-15',NULL,63.75,63.75,NULL,NULL,'album david gilmour'),
	(3266,1,44,NULL,NULL,7,'2017-10-20 08:53:15','2017-10-18',NULL,424.80,424.80,NULL,NULL,'panela polishop'),
	(3267,1,41,NULL,NULL,7,'2017-10-20 08:58:26','2017-10-13',NULL,80.50,80.50,NULL,NULL,'ingressos evento games'),
	(3268,1,26,NULL,NULL,NULL,'2017-10-22 20:37:04','2017-10-22',NULL,174.58,174.58,NULL,NULL,'414 km\n45,12 litros de gasolina comum'),
	(3269,1,72,NULL,NULL,NULL,'2017-10-24 07:15:12','2017-10-23',NULL,14590.10,14590.10,NULL,NULL,'servi√ßos extrator crm'),
	(3270,1,82,NULL,NULL,NULL,'2017-10-24 07:15:42','2017-10-23',NULL,6500.00,6500.00,NULL,NULL,'divis√£o extrator crm'),
	(3271,1,32,NULL,NULL,NULL,'2017-10-24 07:17:47','2017-10-18',NULL,185.79,185.79,NULL,NULL,'rem√©dios p/ garganta'),
	(3272,1,41,NULL,NULL,NULL,'2017-10-24 07:18:29','2017-10-19',NULL,20.50,20.50,NULL,NULL,'blade runner'),
	(3273,1,24,NULL,NULL,NULL,'2017-10-24 07:18:56','2017-10-20',NULL,53.80,53.80,NULL,NULL,'pizza'),
	(3274,1,20,NULL,NULL,NULL,'2017-10-24 07:19:24','2017-10-21',NULL,27.00,27.00,NULL,NULL,'cerva c/ admilson'),
	(3275,1,24,NULL,NULL,NULL,'2017-10-24 07:19:58','2017-10-22',NULL,18.00,18.00,NULL,NULL,NULL),
	(3276,1,26,NULL,NULL,NULL,'2017-10-28 11:26:55','2017-10-28',NULL,190.03,190.03,NULL,NULL,'492km\n48,99 litros de gasolina comum'),
	(3277,1,63,NULL,49,NULL,'2017-11-02 09:38:49','2017-11-02',NULL,1155.85,1100.91,NULL,NULL,NULL),
	(3278,1,10,49,NULL,NULL,'2017-11-02 09:39:06','2017-11-02',NULL,90.00,90.00,NULL,NULL,NULL),
	(3279,1,10,14,NULL,NULL,'2017-11-02 09:41:24','2017-11-02',NULL,311.80,311.80,NULL,NULL,NULL),
	(3280,1,75,13,NULL,NULL,'2017-11-02 10:00:52','2017-11-02',NULL,800.00,800.00,NULL,NULL,NULL),
	(3281,1,14,11,NULL,NULL,'2017-11-02 10:02:39','2017-11-02',NULL,84.99,153.07,NULL,NULL,NULL),
	(3282,1,76,NULL,NULL,6,'2017-11-02 17:06:13','2017-11-02','2017-11-10',272.83,177.84,NULL,NULL,NULL),
	(3283,1,76,NULL,NULL,7,'2017-11-02 17:07:13','2017-11-02','2017-11-10',478.92,358.22,NULL,NULL,NULL),
	(3284,1,12,10,NULL,NULL,'2017-11-02 17:08:29','2017-11-08',NULL,98.70,59.43,NULL,NULL,NULL),
	(3285,1,15,12,NULL,NULL,'2017-11-02 17:09:05','2017-11-10',NULL,159.09,158.97,NULL,NULL,NULL),
	(3286,1,26,NULL,NULL,NULL,'2017-11-10 08:39:40','2017-11-10',NULL,181.06,181.06,NULL,NULL,'409km\n44.21 litros de gasolina aditivada'),
	(3287,1,44,NULL,NULL,NULL,'2017-11-12 21:47:02','2017-11-01',NULL,190.00,190.00,NULL,NULL,'√≥culos'),
	(3288,1,24,NULL,NULL,NULL,'2017-11-12 21:48:25','2017-11-03',NULL,21.00,21.00,NULL,NULL,'g-bomba'),
	(3289,1,20,NULL,NULL,NULL,'2017-11-12 21:48:58','2017-11-03',NULL,24.00,24.00,NULL,NULL,'cerva'),
	(3290,1,43,NULL,NULL,NULL,'2017-11-12 21:49:58','2017-11-04',NULL,204.96,204.96,NULL,NULL,'2 camisas, uma bermuda e um chinelo'),
	(3291,1,44,NULL,NULL,NULL,'2017-11-12 21:50:36','2017-11-04',NULL,281.79,281.79,NULL,NULL,'tela para o galinheiro'),
	(3292,1,24,NULL,NULL,NULL,'2017-11-12 21:52:06','2017-11-04',NULL,28.00,28.00,NULL,NULL,'pizza no ad'),
	(3293,1,24,NULL,NULL,NULL,'2017-11-12 21:52:40','2017-11-07',NULL,53.90,53.90,NULL,NULL,'pizza'),
	(3294,1,13,NULL,NULL,NULL,'2017-11-12 21:53:12','2017-11-08',NULL,25.50,25.50,NULL,NULL,NULL),
	(3295,1,41,NULL,NULL,NULL,'2017-11-12 21:53:48','2017-11-08',NULL,56.00,56.00,NULL,NULL,'thor'),
	(3296,1,24,NULL,NULL,NULL,'2017-11-12 21:54:20','2017-11-08',NULL,20.00,20.00,NULL,NULL,'mc donalds'),
	(3297,1,44,NULL,NULL,NULL,'2017-11-12 21:55:12','2017-11-11',NULL,259.90,259.90,NULL,NULL,'presente iza'),
	(3298,1,44,NULL,NULL,NULL,'2017-11-12 21:55:38','2017-11-11',NULL,99.90,99.90,NULL,NULL,'perfume quasar'),
	(3299,1,78,NULL,NULL,NULL,'2017-11-12 21:56:08','2017-11-10',NULL,53.23,53.23,NULL,NULL,'filtro de linha'),
	(3300,1,24,NULL,NULL,NULL,'2017-11-12 21:56:44','2017-11-11',NULL,50.00,50.00,NULL,NULL,'hamb√∫rguer caseiro'),
	(3301,1,20,NULL,NULL,NULL,'2017-11-12 22:16:09','2017-11-04',NULL,96.00,96.00,NULL,NULL,'cerva'),
	(3302,1,24,NULL,NULL,11,'2017-11-12 22:18:18','2017-11-10',NULL,39.00,39.00,NULL,NULL,'g-bomba'),
	(3303,1,26,NULL,NULL,NULL,'2017-11-16 07:08:07','2017-11-16',NULL,191.56,191.56,NULL,NULL,'445km\n47,90 litros de gasolina comum'),
	(3304,1,20,NULL,NULL,NULL,'2017-11-17 07:30:58','2017-11-14',NULL,100.47,100.47,NULL,NULL,NULL),
	(3305,1,24,NULL,NULL,NULL,'2017-11-17 07:31:29','2017-11-14',NULL,20.00,20.00,NULL,NULL,'mc donalds'),
	(3306,1,24,NULL,NULL,NULL,'2017-11-17 07:32:33','2017-11-14',NULL,102.00,102.00,NULL,NULL,'2 combos de pipocas'),
	(3307,1,22,NULL,NULL,NULL,'2017-11-17 07:33:32','2017-11-17',NULL,8.27,8.27,NULL,NULL,NULL),
	(3308,1,26,NULL,NULL,NULL,'2017-11-23 17:00:47','2017-11-23',NULL,194.39,194.39,NULL,NULL,'524km\n49 litros de gasolina comum'),
	(3309,1,72,NULL,NULL,NULL,'2017-11-27 07:19:00','2017-11-22',NULL,5189.10,5189.10,NULL,NULL,'pagamento 3/3 extrator crm'),
	(3310,1,82,NULL,NULL,NULL,'2017-11-27 07:19:56','2017-11-22',NULL,2500.00,2500.00,NULL,NULL,'participa√ß√£o do nelson no pagamento do extrator crm 3/3'),
	(3311,1,28,NULL,NULL,NULL,'2017-11-27 07:20:29','2017-11-23',NULL,557.00,557.00,NULL,NULL,'revis√£o lancer'),
	(3312,1,78,NULL,NULL,NULL,'2017-11-27 07:21:32','2017-11-25',NULL,2794.38,2794.38,NULL,NULL,'compra celular sony xperia xz premium'),
	(3313,1,44,NULL,NULL,NULL,'2017-11-27 07:24:41','2017-11-18',NULL,43.30,43.30,NULL,NULL,'lampadas'),
	(3314,1,26,NULL,NULL,NULL,'2017-12-01 17:30:10','2017-12-01',NULL,213.04,213.04,NULL,NULL,'483km\n50,73 litros de gasolina comum'),
	(3315,1,75,13,NULL,NULL,'2017-12-04 20:13:51','2017-12-04',NULL,800.00,800.00,NULL,NULL,NULL),
	(3316,1,12,10,NULL,NULL,'2017-12-04 20:14:43','2017-12-08',NULL,102.90,78.32,NULL,NULL,NULL),
	(3317,1,15,12,NULL,NULL,'2017-12-04 20:15:15','2017-12-11',NULL,159.09,158.97,NULL,NULL,NULL),
	(3318,1,76,NULL,NULL,11,'2017-12-04 20:16:28','2017-12-04','2017-12-03',200.95,39.00,NULL,NULL,NULL),
	(3319,1,76,NULL,NULL,7,'2017-12-04 20:17:19','2017-12-04','2017-12-10',174.51,106.20,NULL,NULL,NULL),
	(3320,1,10,49,NULL,NULL,'2017-12-04 20:20:11','2017-12-04',NULL,90.00,90.00,NULL,NULL,NULL),
	(3321,1,10,14,NULL,NULL,'2017-12-04 20:21:26','2017-12-04',NULL,311.80,311.80,NULL,NULL,NULL),
	(3322,1,76,NULL,NULL,6,'2017-12-04 20:22:41','2017-12-04','2017-12-10',200.95,177.84,NULL,NULL,NULL),
	(3323,1,63,NULL,50,NULL,'2017-12-04 20:25:31','2017-12-04',NULL,1152.52,1097.76,NULL,NULL,NULL),
	(3324,1,14,11,NULL,NULL,'2017-12-04 20:27:34','2017-12-04',NULL,99.99,114.34,NULL,NULL,NULL),
	(3325,1,10,NULL,NULL,NULL,'2017-12-05 17:55:56','2017-12-05',NULL,120.00,120.00,NULL,NULL,'tx extra mangueiral'),
	(3326,1,20,NULL,NULL,NULL,'2017-12-05 17:57:03','2017-11-30',NULL,87.75,87.75,NULL,NULL,NULL),
	(3327,1,20,NULL,NULL,NULL,'2017-12-05 17:58:01','2017-12-01',NULL,277.61,277.61,NULL,NULL,'extra'),
	(3328,1,24,NULL,NULL,NULL,'2017-12-05 17:58:23','2017-12-01',NULL,26.90,26.90,NULL,NULL,'pizza'),
	(3329,1,44,NULL,NULL,NULL,'2017-12-05 17:59:13','2017-12-02',NULL,247.50,247.50,NULL,NULL,'leroy\ntintas'),
	(3330,1,24,NULL,NULL,NULL,'2017-12-05 17:59:41','2017-12-02',NULL,53.80,53.80,NULL,NULL,'pizza'),
	(3331,1,44,NULL,NULL,NULL,'2017-12-05 18:00:20','2017-12-03',NULL,335.47,335.47,NULL,NULL,'leroy\ntinta e cabideira'),
	(3332,1,26,NULL,NULL,NULL,'2017-12-17 13:36:08','2017-12-17',NULL,210.23,210.23,NULL,NULL,'466km\n30,00 6,8!litros de gasolina comum\n47,16 litros de gasolina comum'),
	(3333,1,63,NULL,784,NULL,'2017-12-22 08:03:34','2017-10-09',NULL,1167.52,1167.52,NULL,NULL,NULL),
	(3334,1,63,NULL,785,NULL,'2017-12-22 08:06:59','2017-11-09',NULL,1167.52,1167.52,NULL,NULL,NULL),
	(3335,1,26,NULL,NULL,NULL,'2017-12-29 08:11:05','2017-12-28',NULL,198.39,198.39,NULL,NULL,'440km\n49,72 litros de gasolina comum'),
	(3336,1,26,NULL,NULL,NULL,'2017-12-29 17:19:32','2017-12-29',NULL,186.15,186.15,NULL,NULL,'530km\n44,33 litros de gasolina comum'),
	(3337,1,24,NULL,NULL,NULL,'2018-01-02 09:30:10','2018-01-01',NULL,52.05,52.05,NULL,NULL,'posto jk'),
	(3338,1,20,NULL,NULL,NULL,'2018-01-02 09:31:08','2017-12-31',NULL,59.25,59.25,NULL,NULL,'bebidas'),
	(3339,1,20,NULL,NULL,NULL,'2018-01-02 09:31:26','2017-12-31',NULL,16.00,16.00,NULL,NULL,'gelo'),
	(3340,1,75,13,NULL,NULL,'2018-01-02 09:32:24','2018-01-02',NULL,800.00,800.00,NULL,NULL,NULL),
	(3341,1,63,NULL,51,NULL,'2018-01-02 09:35:13','2018-01-02',NULL,1149.20,1094.61,NULL,NULL,NULL),
	(3342,1,63,NULL,786,NULL,'2018-01-02 09:36:50','2017-12-11',NULL,103.17,1167.52,NULL,NULL,NULL),
	(3343,1,76,NULL,NULL,6,'2018-01-02 09:37:42','2018-01-02','2018-01-10',561.96,177.84,NULL,NULL,NULL),
	(3344,1,76,NULL,NULL,7,'2018-01-02 09:38:44','2018-01-02','2018-01-10',318.18,106.20,NULL,NULL,NULL),
	(3345,1,12,10,NULL,NULL,'2018-01-02 09:39:25','2018-01-08',NULL,41.23,93.00,NULL,NULL,NULL),
	(3346,1,78,32,NULL,NULL,'2018-01-02 09:41:01','2018-01-02',NULL,94.70,94.70,NULL,NULL,NULL),
	(3347,1,10,49,NULL,NULL,'2018-01-02 09:42:38','2018-01-02',NULL,90.00,90.00,NULL,NULL,NULL),
	(3348,1,10,14,NULL,NULL,'2018-01-02 09:43:26','2018-01-02',NULL,311.80,311.80,NULL,NULL,NULL),
	(3349,1,15,12,NULL,NULL,'2018-01-02 09:46:39','2018-01-02',NULL,159.09,158.97,NULL,NULL,NULL),
	(3350,1,14,11,NULL,NULL,'2018-01-02 09:47:53','2018-01-02',NULL,99.99,73.49,NULL,NULL,NULL),
	(3351,1,63,NULL,787,NULL,'2018-01-02 09:50:08','2018-01-02',NULL,1167.52,1167.52,NULL,NULL,NULL),
	(3352,1,33,NULL,NULL,NULL,'2018-01-02 09:59:00','2017-12-20',NULL,250.00,250.00,NULL,NULL,'c√≠nica mais homem'),
	(3353,1,43,NULL,NULL,NULL,'2018-01-02 09:59:33','2017-12-20',NULL,99.99,99.99,NULL,NULL,'carteira de couro'),
	(3354,1,44,NULL,NULL,NULL,'2018-01-02 10:00:37','2017-12-20',NULL,296.00,296.00,NULL,NULL,'presentes'),
	(3355,1,32,NULL,NULL,NULL,'2018-01-02 10:01:04','2017-12-21',NULL,29.76,29.76,NULL,NULL,NULL),
	(3356,1,44,NULL,NULL,NULL,'2018-01-02 10:03:59','2017-12-23',NULL,222.80,222.80,NULL,NULL,'presente'),
	(3357,1,20,NULL,NULL,NULL,'2018-01-02 10:04:34','2017-12-24',NULL,25.00,25.00,NULL,NULL,'cerva'),
	(3358,1,20,NULL,NULL,NULL,'2018-01-02 10:04:55','2017-12-24',NULL,50.00,50.00,NULL,NULL,NULL),
	(3359,1,32,NULL,NULL,NULL,'2018-01-02 10:05:16','2017-12-25',NULL,25.00,25.00,NULL,NULL,NULL),
	(3360,1,32,NULL,NULL,NULL,'2018-01-02 10:05:49','2017-12-28',NULL,30.42,30.42,NULL,NULL,NULL),
	(3361,1,20,NULL,NULL,NULL,'2018-01-02 10:06:58','2017-12-29',NULL,319.56,319.56,NULL,NULL,'viagem'),
	(3362,1,24,NULL,NULL,NULL,'2018-01-02 10:07:21','2017-12-29',NULL,45.40,45.40,NULL,NULL,NULL),
	(3363,1,32,NULL,NULL,NULL,'2018-01-02 10:07:43','2017-12-29',NULL,18.00,18.00,NULL,NULL,NULL),
	(3364,1,32,NULL,NULL,NULL,'2018-01-02 10:09:44','2017-12-29',NULL,57.25,57.25,NULL,NULL,NULL),
	(3365,1,67,NULL,NULL,NULL,'2018-01-02 10:14:05','2017-12-20',NULL,776.91,776.91,NULL,NULL,'2'),
	(3366,1,50,NULL,NULL,NULL,'2018-01-02 10:14:39','2017-12-28',NULL,5957.56,5957.56,NULL,NULL,NULL),
	(3367,1,24,NULL,NULL,NULL,'2018-01-04 08:14:29','2018-01-02',NULL,29.94,29.94,NULL,NULL,''),
	(3368,1,26,NULL,NULL,NULL,'2018-01-04 08:15:41','2018-01-01',NULL,196.36,196.36,NULL,NULL,'386km\n42,87 litros de gas comum'),
	(3369,1,26,NULL,NULL,NULL,'2018-01-05 19:15:21','2018-01-05',NULL,177.81,177.81,NULL,NULL,'396km\n41,85'),
	(3370,1,44,NULL,NULL,NULL,'2018-01-11 08:33:24','2018-01-08',NULL,91.40,91.40,NULL,NULL,'remedio hachi'),
	(3371,1,24,NULL,NULL,NULL,'2018-01-11 08:33:51','2018-01-06',NULL,20.00,20.00,NULL,NULL,'mc donalds'),
	(3372,1,32,NULL,NULL,NULL,'2018-01-11 08:34:35','2018-01-08',NULL,26.80,26.80,NULL,NULL,'maxsulid'),
	(3373,1,15,NULL,NULL,NULL,'2018-01-11 08:35:03','2018-01-09',NULL,65.00,65.00,NULL,NULL,NULL),
	(3374,1,12,NULL,NULL,NULL,'2018-01-11 08:35:51','2018-01-10',NULL,57.14,57.14,NULL,NULL,'sig'),
	(3375,1,10,NULL,NULL,NULL,'2018-01-11 08:37:36','2018-01-10',NULL,120.00,120.00,NULL,NULL,'taxa extra mangueiral'),
	(3376,1,24,NULL,NULL,NULL,'2018-01-13 20:29:38','2018-01-12',NULL,47.96,47.96,NULL,NULL,'caf√© do ponto'),
	(3377,1,78,NULL,NULL,7,'2018-01-13 20:32:02','2018-01-08',NULL,99.99,99.99,NULL,NULL,'dbz xenoverse 2'),
	(3378,1,33,NULL,NULL,7,'2018-01-13 20:34:34','2018-01-13',NULL,4240.00,5300.00,NULL,NULL,'tratamento na cl√≠nica mais homem'),
	(3379,1,26,NULL,NULL,NULL,'2018-01-17 17:50:28','2018-01-17',NULL,192.30,192.30,NULL,NULL,'466km\n49,4 litros de gasolina comum'),
	(3380,1,78,NULL,NULL,11,'2018-01-19 07:59:46','2018-01-08',NULL,34.99,34.99,NULL,NULL,'steam games'),
	(3381,1,24,NULL,NULL,NULL,'2018-01-19 08:00:35','2018-01-16',NULL,67.00,67.00,NULL,NULL,'mc donalds'),
	(3382,1,32,NULL,NULL,11,'2018-01-19 08:02:08','2018-01-19',NULL,383.14,383.14,NULL,NULL,'ritalina'),
	(3383,1,78,NULL,NULL,11,'2018-01-19 08:03:01','2018-01-08',NULL,34.99,34.99,NULL,NULL,'steam games - fernando'),
	(3384,1,32,NULL,NULL,NULL,'2018-01-19 08:04:57','2018-01-16',NULL,52.89,52.89,NULL,NULL,'rem√©dios p/ conjuntivite'),
	(3385,1,26,NULL,NULL,11,'2018-01-29 19:33:10','2018-01-29',NULL,224.92,224.92,NULL,NULL,'407km\n51,13 litros de gasolina aditivada'),
	(3386,1,18,NULL,NULL,NULL,'2018-01-31 21:55:17','2018-01-31',NULL,544.18,544.18,NULL,NULL,'2017\n\nIPTU -1	79,68\nIPTU -2	78,72\nIPTU -3	78,27\nIPTU -4	77,47\nIPTU -5	76,81\nIPTU -5	76,19\nTLP - 1	25,93\nTLP - 2	25,61\nTLP - 3	25,5\n	544,18'),
	(3387,1,50,NULL,NULL,NULL,'2018-01-31 21:56:26','2018-01-30',NULL,6180.36,6180.36,NULL,NULL,'sicoob'),
	(3388,1,75,13,NULL,NULL,'2018-02-01 08:25:00','2018-02-01',NULL,800.00,800.00,NULL,NULL,NULL),
	(3389,1,9,8,NULL,NULL,'2018-02-01 08:44:03','2018-02-01',NULL,912.97,0.00,NULL,NULL,NULL),
	(3390,1,63,NULL,52,NULL,'2018-02-01 08:45:57','2018-02-01',NULL,1145.87,1091.46,NULL,NULL,NULL),
	(3391,1,10,14,NULL,NULL,'2018-02-01 08:48:01','2018-02-01',NULL,311.80,311.80,NULL,NULL,NULL),
	(3392,1,76,NULL,NULL,6,'2018-02-01 08:50:04','2018-02-01','2018-02-10',225.20,177.84,NULL,NULL,NULL),
	(3393,1,76,NULL,NULL,7,'2018-02-01 08:51:18','2018-02-01','2018-02-10',1015.39,736.19,NULL,NULL,NULL),
	(3394,1,18,NULL,NULL,NULL,'2018-02-01 13:08:28','2018-02-01',NULL,1795.65,1795.65,NULL,NULL,'PRIV√ä 2\n\nIPTU - 1	 R$306,27 \nIPTU - 2	 R$302,59 \nIPTU - 3	 R$300,90 \nIPTU - 4 	 R$297,81 \nIPTU - 5	 R$295,29 \nIPTU - 6	 R$292,79 \nTOTAL	 R$1.795,65'),
	(3395,1,76,NULL,NULL,11,'2018-02-01 13:10:17','2018-02-01','2018-02-03',266.01,261.55,NULL,NULL,NULL),
	(3396,1,15,12,NULL,NULL,'2018-02-01 13:13:09','2018-02-01',NULL,65.00,159.09,NULL,NULL,NULL),
	(3397,1,11,9,NULL,NULL,'2018-02-02 07:36:35','2018-02-02',NULL,69.94,0.00,NULL,NULL,NULL),
	(3398,1,10,49,NULL,NULL,'2018-02-05 13:08:07','2018-02-05',NULL,90.00,90.00,NULL,NULL,NULL),
	(3399,1,14,11,NULL,NULL,'2018-02-09 14:31:11','2018-02-09',NULL,99.99,94.99,NULL,NULL,NULL),
	(3400,1,12,10,NULL,NULL,'2018-02-09 14:32:07','2018-02-19',NULL,136.53,80.94,NULL,NULL,NULL),
	(3401,1,63,NULL,626,NULL,'2018-02-09 14:39:11','2018-02-09',NULL,1132.43,1132.43,NULL,NULL,NULL),
	(3402,1,26,NULL,NULL,NULL,'2018-02-09 19:53:11','2018-02-09',NULL,196.77,196.77,NULL,NULL,'440km\n44,7 litros de gasolina aditivada'),
	(3403,1,63,NULL,788,NULL,'2018-02-14 10:01:44','2018-02-09',NULL,1167.52,1167.52,NULL,NULL,NULL),
	(3404,1,72,NULL,NULL,NULL,'2018-02-14 10:12:18','2018-02-05',NULL,950.00,950.00,NULL,NULL,'aluguel + luz + condom√≠nio'),
	(3405,1,78,NULL,NULL,NULL,'2018-02-14 10:13:07','2018-02-06',NULL,250.00,250.00,NULL,NULL,'celular'),
	(3406,1,32,NULL,NULL,NULL,'2018-02-14 10:15:33','2018-02-05',NULL,71.07,71.07,NULL,NULL,NULL),
	(3407,1,10,NULL,NULL,NULL,'2018-02-14 10:16:21','2018-02-07',NULL,120.00,120.00,NULL,NULL,'taxa extra'),
	(3408,1,24,NULL,NULL,NULL,'2018-02-14 10:17:15','2018-02-09',NULL,102.40,102.40,NULL,NULL,'sushi'),
	(3409,1,32,NULL,NULL,NULL,'2018-02-14 10:18:35','2018-02-10',NULL,29.68,29.68,NULL,NULL,'maxsulid'),
	(3410,1,24,NULL,NULL,NULL,'2018-02-14 10:19:18','2018-02-10',NULL,54.00,54.00,NULL,NULL,'loko burger'),
	(3411,1,32,NULL,NULL,NULL,'2018-02-14 10:19:56','2018-02-12',NULL,37.84,37.84,NULL,NULL,NULL),
	(3412,1,32,NULL,NULL,NULL,'2018-02-14 10:20:29','2018-02-13',NULL,55.08,55.08,NULL,NULL,NULL),
	(3413,1,24,NULL,NULL,NULL,'2018-02-14 10:21:00','2018-02-12',NULL,143.88,143.88,NULL,NULL,'sushi'),
	(3414,1,26,NULL,NULL,NULL,'2018-02-20 19:24:54','2018-02-18',NULL,50.00,50.00,NULL,NULL,'546km\n50,00 _ 11 litros de gasolina aditivada'),
	(3415,1,26,NULL,NULL,11,'2018-02-20 19:26:26','2018-02-20',NULL,223.10,223.10,NULL,NULL,'546km\n51,3 litros de gasolina aditivada'),
	(3416,1,44,NULL,NULL,NULL,'2018-02-22 08:21:23','2018-02-16',NULL,140.00,140.00,NULL,NULL,'limpeza do lote prive 2'),
	(3417,1,44,NULL,NULL,NULL,'2018-02-22 08:23:26','2018-02-19',NULL,12.00,12.00,NULL,NULL,'chip vivo'),
	(3418,1,32,NULL,NULL,NULL,'2018-02-22 08:23:48','2018-02-19',NULL,41.35,41.35,NULL,NULL,'busolid'),
	(3419,1,20,NULL,NULL,NULL,'2018-02-22 08:24:21','2018-02-18',NULL,27.88,27.88,NULL,NULL,NULL),
	(3420,1,20,NULL,NULL,NULL,'2018-02-22 08:25:04','2018-02-14',NULL,41.30,41.30,NULL,NULL,NULL),
	(3421,1,20,NULL,NULL,11,'2018-02-22 08:26:57','2018-02-21',NULL,25.14,25.14,NULL,NULL,NULL),
	(3422,1,80,NULL,NULL,11,'2018-02-28 08:14:21','2018-02-24',NULL,73.00,73.00,NULL,NULL,'enxada e fac√£o'),
	(3423,1,20,NULL,NULL,11,'2018-02-28 08:15:07','2018-02-24',NULL,36.00,36.00,NULL,NULL,'cerva'),
	(3424,1,20,NULL,NULL,11,'2018-02-28 08:15:31','2018-02-24',NULL,50.00,50.00,NULL,NULL,'cerva e ess√™ncia'),
	(3425,1,20,NULL,NULL,11,'2018-02-28 08:17:30','2018-02-24',NULL,46.00,46.00,NULL,NULL,'carne'),
	(3426,1,20,NULL,NULL,11,'2018-02-28 08:18:11','2018-02-24',NULL,18.71,18.71,NULL,NULL,'embalagens'),
	(3427,1,32,NULL,NULL,11,'2018-02-28 08:18:56','2018-02-25',NULL,44.00,44.00,NULL,NULL,'maxsulid e xarope'),
	(3428,1,44,NULL,NULL,NULL,'2018-02-28 08:19:52','2018-02-27',NULL,270.00,270.00,NULL,NULL,'6 ingressos - tiririca 04/03'),
	(3429,1,50,NULL,NULL,NULL,'2018-02-28 08:23:51','2018-02-27',NULL,6172.08,6172.08,NULL,NULL,'sicoob'),
	(3430,1,76,NULL,NULL,6,'2018-03-01 08:32:53','2018-03-01','2018-03-10',225.20,177.84,NULL,NULL,NULL),
	(3431,1,76,NULL,NULL,7,'2018-03-01 08:33:48','2018-03-01','2018-03-10',555.08,530.00,NULL,NULL,NULL),
	(3432,1,11,9,NULL,NULL,'2018-03-01 08:35:22','2018-03-01',NULL,60.47,69.94,NULL,NULL,NULL),
	(3433,1,75,13,NULL,NULL,'2018-03-01 08:36:54','2018-03-01',NULL,800.00,800.00,NULL,NULL,NULL),
	(3434,1,9,8,NULL,NULL,'2018-03-01 08:41:15','2018-03-01',NULL,743.05,912.97,NULL,NULL,NULL),
	(3435,1,10,14,NULL,NULL,'2018-03-01 08:42:22','2018-03-01',NULL,311.80,311.80,NULL,NULL,NULL),
	(3436,1,76,NULL,NULL,11,'2018-03-01 08:45:17','2018-03-01','2018-03-03',916.58,932.44,NULL,NULL,NULL),
	(3437,1,63,NULL,789,NULL,'2018-03-01 08:48:07','2018-03-01',NULL,1167.52,1167.52,NULL,NULL,NULL),
	(3438,1,15,12,NULL,NULL,'2018-03-01 08:50:00','2018-03-01',NULL,65.00,127.73,NULL,NULL,NULL),
	(3439,1,50,NULL,NULL,NULL,'2018-03-01 15:46:02','2018-03-01',NULL,1231.68,1231.68,NULL,NULL,'Sicoob - PLR'),
	(3440,1,72,NULL,NULL,NULL,'2018-03-03 07:37:07','2018-03-02',NULL,952.00,952.00,NULL,NULL,'aluguel mangueiral'),
	(3441,1,26,NULL,NULL,NULL,'2018-03-04 16:06:38','2018-03-04',NULL,230.69,230.69,NULL,NULL,'20,00 4,5 litros\n210,69 48,67 litros de gasolina aditivada \n518km'),
	(3442,1,63,NULL,627,NULL,'2018-03-08 22:04:06','2018-03-08',NULL,1132.43,1132.43,NULL,NULL,NULL),
	(3443,1,63,NULL,53,NULL,'2018-03-08 22:05:43','2018-03-08',NULL,1142.55,1088.31,NULL,NULL,NULL),
	(3444,1,10,NULL,NULL,NULL,'2018-03-08 22:07:52','2018-03-08',NULL,120.00,120.00,NULL,NULL,'Taxa Extra - 09/10'),
	(3445,1,10,49,NULL,NULL,'2018-03-08 22:09:17','2018-03-08',NULL,90.00,90.00,NULL,NULL,NULL),
	(3446,1,24,NULL,NULL,NULL,'2018-03-08 22:10:55','2018-03-02',NULL,83.00,83.00,NULL,NULL,'rodinho'),
	(3447,1,32,NULL,NULL,NULL,'2018-03-08 22:11:37','2018-03-03',NULL,14.65,14.65,NULL,NULL,NULL),
	(3448,1,44,NULL,NULL,NULL,'2018-03-08 22:12:22','2018-03-04',NULL,84.90,84.90,NULL,NULL,'chuveiro'),
	(3449,1,44,NULL,NULL,NULL,'2018-03-08 22:13:14','2018-03-07',NULL,55.02,55.02,NULL,NULL,'papelaria'),
	(3450,1,26,NULL,NULL,11,'2018-03-19 17:45:18','2018-03-19',NULL,211.47,211.47,NULL,NULL,'512km\n50,96 litros de gasolina comum'),
	(3451,1,25,NULL,NULL,NULL,'2018-03-25 21:31:47','2018-03-25',NULL,20.00,20.00,NULL,NULL,'frango assado'),
	(3452,1,24,NULL,NULL,NULL,'2018-03-25 21:34:35','2018-03-17',NULL,67.00,67.00,NULL,NULL,'loko burger'),
	(3453,1,24,NULL,NULL,NULL,'2018-03-25 21:35:04','2018-03-18',NULL,73.70,73.70,NULL,NULL,'girafas'),
	(3454,1,24,NULL,NULL,NULL,'2018-03-25 21:35:50','2018-03-19',NULL,34.90,34.90,NULL,NULL,'almo√ßo'),
	(3455,1,20,NULL,NULL,NULL,'2018-03-25 21:36:18','2018-03-22',NULL,16.48,16.48,NULL,NULL,NULL),
	(3456,1,20,NULL,NULL,NULL,'2018-03-25 21:36:51','2018-03-22',NULL,64.88,64.88,NULL,NULL,'bigbox'),
	(3457,1,20,NULL,NULL,NULL,'2018-03-25 21:37:22','2018-03-23',NULL,25.00,25.00,NULL,NULL,'heineken p/ aldeiza'),
	(3458,1,24,NULL,NULL,NULL,'2018-03-25 21:37:46','2018-03-24',NULL,23.00,23.00,NULL,NULL,'sorvete'),
	(3459,1,20,NULL,NULL,11,'2018-03-25 21:38:51','2018-03-24',NULL,116.00,116.00,NULL,NULL,'12 heisenbar\n12 heineken\nniver admilson'),
	(3460,1,78,NULL,NULL,11,'2018-03-25 21:39:41','2018-03-24',NULL,70.00,70.00,NULL,NULL,'jogo nintendo swicth'),
	(3461,1,44,NULL,NULL,11,'2018-03-25 21:54:22','2018-03-25',NULL,76.90,76.90,NULL,NULL,'dvd pink floyd'),
	(3462,1,79,NULL,NULL,11,'2018-03-25 21:54:44','2018-03-25',NULL,69.32,69.32,NULL,NULL,'leds'),
	(3463,1,32,NULL,NULL,11,'2018-03-29 18:27:24','2018-03-27',NULL,383.14,383.14,NULL,NULL,'ritalina'),
	(3464,1,41,NULL,NULL,NULL,'2018-03-29 18:28:48','2018-03-27',NULL,72.10,72.10,NULL,NULL,'cinema + estacionamento + burger king'),
	(3465,1,78,NULL,NULL,11,'2018-03-29 18:29:13','2018-03-28',NULL,16.00,16.00,NULL,NULL,'app de fotos'),
	(3466,1,32,NULL,NULL,NULL,'2018-03-29 18:30:05','2018-03-28',NULL,89.76,89.76,NULL,NULL,'rem√©dios - 3 xaropes e 2 maxsulid'),
	(3467,1,24,NULL,NULL,NULL,'2018-03-30 13:47:16','2018-03-29',NULL,51.00,51.00,NULL,NULL,'churrasquinho'),
	(3468,1,44,NULL,NULL,NULL,'2018-03-30 13:47:51','2018-03-30',NULL,130.25,130.25,NULL,NULL,'chocolate'),
	(3469,1,50,NULL,NULL,NULL,'2018-03-30 13:49:44','2018-03-28',NULL,6175.74,6175.74,NULL,NULL,NULL),
	(3470,1,12,10,NULL,NULL,'2018-03-30 13:52:32','2018-03-08',NULL,38.95,93.55,NULL,NULL,NULL),
	(3471,1,20,NULL,NULL,NULL,'2018-03-31 16:04:42','2018-03-30',NULL,40.00,40.00,NULL,NULL,'cerva e redbull'),
	(3472,1,76,NULL,NULL,11,'2018-04-02 11:07:01','2018-04-02','2018-04-03',922.40,543.69,NULL,NULL,NULL),
	(3473,1,75,13,NULL,NULL,'2018-04-02 11:07:54','2018-04-02',NULL,800.00,800.00,NULL,NULL,NULL),
	(3474,1,78,32,NULL,NULL,'2018-04-02 11:10:14','2018-04-02',NULL,94.70,94.70,NULL,NULL,NULL),
	(3475,1,10,14,NULL,NULL,'2018-04-02 11:10:59','2018-04-02',NULL,311.80,311.80,NULL,NULL,NULL),
	(3476,1,9,8,NULL,NULL,'2018-04-02 11:13:22','2018-04-02',NULL,825.61,828.01,NULL,NULL,NULL),
	(3477,1,63,NULL,54,NULL,'2018-04-02 11:16:05','2018-04-02',NULL,1139.22,1085.17,NULL,NULL,NULL),
	(3478,1,72,NULL,NULL,NULL,'2018-04-03 13:54:49','2018-04-03',NULL,942.00,942.00,NULL,NULL,'aluguel mangueiral'),
	(3479,1,76,NULL,NULL,6,'2018-04-04 09:32:53','2018-04-04','2018-04-10',202.09,177.84,NULL,NULL,NULL),
	(3480,1,76,NULL,NULL,7,'2018-04-04 09:33:22','2018-04-04','2018-04-10',806.31,530.00,NULL,NULL,NULL),
	(3482,1,30,50,NULL,NULL,'2018-04-04 09:39:51','2018-04-04',NULL,504.80,0.00,NULL,NULL,NULL),
	(3483,1,10,49,NULL,NULL,'2018-04-04 09:42:29','2018-04-04',NULL,90.00,90.00,NULL,NULL,NULL),
	(3484,1,14,11,NULL,NULL,'2018-04-04 09:44:08','2018-04-04',NULL,106.44,99.99,NULL,NULL,NULL),
	(3485,1,15,12,NULL,NULL,'2018-04-04 09:45:18','2018-04-04',NULL,65.00,96.36,NULL,NULL,NULL),
	(3486,1,12,10,NULL,NULL,'2018-04-04 09:47:08','2018-04-18',NULL,88.19,72.24,NULL,NULL,NULL),
	(3487,1,63,NULL,790,NULL,'2018-04-04 09:48:39','2018-04-09',NULL,1167.52,1167.52,NULL,NULL,NULL),
	(3488,1,26,NULL,NULL,11,'2018-04-05 06:47:53','2018-04-05',NULL,226.88,226.88,NULL,NULL,'488km\n51,11 litros de gasolina aditivada'),
	(3489,1,14,NULL,NULL,NULL,'2018-04-06 09:01:22','2018-04-06',NULL,304.55,304.55,NULL,NULL,'encerramento tim'),
	(3490,1,26,NULL,NULL,11,'2018-04-14 19:18:28','2018-04-14',NULL,211.80,211.80,NULL,NULL,'533km\n49,73 litros de gasolina aditivada'),
	(3491,1,20,NULL,NULL,NULL,'2018-04-20 11:46:46','2018-04-02',NULL,130.25,130.25,NULL,NULL,'CACAU SHOW'),
	(3492,1,20,NULL,NULL,NULL,'2018-04-20 11:47:14','2018-04-02',NULL,40.00,40.00,NULL,NULL,'ADERI BRASILIA cerva'),
	(3493,1,22,NULL,NULL,NULL,'2018-04-20 11:47:35','2018-04-02',NULL,7.50,7.50,NULL,NULL,'PANIFICADORA ESTRELA BRAZLANDIA'),
	(3494,1,24,NULL,NULL,NULL,'2018-04-20 11:48:00','2018-04-02',NULL,105.00,105.00,NULL,NULL,'CHURRASQUIM DO RODIM BRAZLANDIA'),
	(3495,1,44,NULL,NULL,NULL,'2018-04-20 11:49:02','2018-04-06',NULL,67.90,67.90,NULL,NULL,'LEROY MERLIN BRASILIA - 1 lata de tinta'),
	(3496,1,44,NULL,NULL,NULL,'2018-04-20 11:49:52','2018-04-08',NULL,213.68,213.68,NULL,NULL,'LEROY MERLIN BRASILIA - 2 latas de tinta e 1 lampada'),
	(3497,1,79,NULL,NULL,NULL,'2018-04-20 11:50:29','2018-04-10',NULL,21.65,21.65,NULL,NULL,'ART SHOP BRASILIA'),
	(3498,1,44,NULL,NULL,NULL,'2018-04-20 11:50:54','2018-04-11',NULL,44.88,44.88,NULL,NULL,'LEROY MERLIN BRASILIA - tinta e corante'),
	(3499,1,24,NULL,NULL,NULL,'2018-04-20 11:51:16','2018-04-13',NULL,66.00,66.00,NULL,NULL,'PAG*ChurrasquinhoDoRo BRASILIA'),
	(3500,1,22,NULL,NULL,NULL,'2018-04-20 11:51:35','2018-04-16',NULL,12.49,12.49,NULL,NULL,'PANIFICADORA ESTRELA BRAZLANDIA'),
	(3501,1,44,NULL,NULL,NULL,'2018-04-20 11:52:24','2018-04-14',NULL,35.00,35.00,NULL,NULL,'PAG*MartinsEletro BRASILIA - alicate e fios'),
	(3502,1,32,NULL,NULL,NULL,'2018-04-20 11:53:13','2018-04-14',NULL,13.99,13.99,NULL,NULL,'DROGARIA ROSARIO FL 06 BRASILIA'),
	(3503,1,32,NULL,NULL,NULL,'2018-04-20 11:53:43','2018-04-15',NULL,48.00,48.00,NULL,NULL,'DROGARIA ECONOMIA BRASILIA - antibi√≥tico'),
	(3504,1,32,NULL,NULL,NULL,'2018-04-20 11:54:21','2018-04-16',NULL,22.00,22.00,NULL,NULL,'FARMA LIDER BRASILIA - bulsonid'),
	(3505,1,22,NULL,NULL,NULL,'2018-04-20 11:54:51','2018-04-18',NULL,12.53,12.53,NULL,NULL,'PAO DOURADO BRASILIA'),
	(3506,1,32,NULL,NULL,NULL,'2018-04-20 11:55:15','2018-04-18',NULL,43.08,43.08,NULL,NULL,'DROGARIA SANTA MARTA BRASILIA - bulsonid'),
	(3507,1,41,NULL,NULL,11,'2018-04-20 12:00:10','2018-04-14',NULL,92.50,92.50,NULL,NULL,'jogador n1'),
	(3508,1,24,NULL,NULL,11,'2018-04-25 07:41:46','2018-04-20',NULL,38.90,38.90,NULL,NULL,'pizza'),
	(3509,1,22,NULL,NULL,NULL,'2018-04-25 07:42:43','2018-04-21',NULL,8.40,8.40,NULL,NULL,NULL),
	(3510,1,22,NULL,NULL,NULL,'2018-04-25 07:43:02','2018-04-21',NULL,15.00,15.00,NULL,NULL,NULL),
	(3511,1,24,NULL,NULL,11,'2018-04-25 07:43:55','2018-04-21',NULL,48.40,48.40,NULL,NULL,'churrasquinho maranh√£o'),
	(3512,1,50,NULL,NULL,NULL,'2018-04-27 07:59:01','2018-04-27',NULL,6172.08,6172.08,NULL,NULL,NULL),
	(3513,1,26,NULL,NULL,NULL,'2018-04-27 19:30:36','2018-04-27',NULL,197.97,197.97,NULL,NULL,'450km\n47,1 litros de gasolina comum'),
	(3514,1,26,NULL,NULL,NULL,'2018-04-28 17:15:12','2018-04-28',NULL,228.32,228.32,NULL,NULL,'605km\n50,75 litros de gasolina comum'),
	(3515,1,26,NULL,NULL,11,'2018-05-01 20:17:16','2018-05-01',NULL,195.58,195.58,NULL,NULL,'572km\n45,60 litros de gasolina aditivada'),
	(3516,1,72,NULL,NULL,NULL,'2018-05-02 15:55:23','2018-05-02',NULL,967.00,967.00,NULL,NULL,'aluguel mangueiral'),
	(3517,1,76,NULL,NULL,6,'2018-05-02 15:56:28','2018-05-02','2018-05-10',169.75,146.64,NULL,NULL,NULL),
	(3518,1,76,NULL,NULL,7,'2018-05-02 15:57:27','2018-05-02','2018-05-10',2213.16,530.00,NULL,NULL,NULL),
	(3519,1,30,50,NULL,NULL,'2018-05-02 15:57:45','2018-05-02',NULL,504.80,504.80,NULL,NULL,NULL),
	(3520,1,63,NULL,791,NULL,'2018-05-02 15:58:04','2018-05-02',NULL,1167.52,1167.52,NULL,NULL,NULL),
	(3521,1,20,NULL,NULL,NULL,'2018-05-02 20:19:23','2018-04-27',NULL,13.55,13.55,NULL,NULL,NULL),
	(3522,1,24,NULL,NULL,NULL,'2018-05-02 20:20:18','2018-04-28',NULL,61.32,61.32,NULL,NULL,'posto jk - lanche'),
	(3523,1,20,NULL,NULL,NULL,'2018-05-02 20:20:47','2018-04-28',NULL,81.77,81.77,NULL,NULL,'cerva'),
	(3524,1,20,NULL,NULL,NULL,'2018-05-02 20:21:14','2018-04-29',NULL,63.24,63.24,NULL,NULL,NULL),
	(3525,1,20,NULL,NULL,NULL,'2018-05-02 20:21:42','2018-04-29',NULL,49.00,49.00,NULL,NULL,'cerva'),
	(3526,1,32,NULL,NULL,NULL,'2018-05-02 20:22:27','2018-04-30',NULL,41.45,41.45,NULL,NULL,'maxsulid'),
	(3527,1,24,NULL,NULL,NULL,'2018-05-02 20:22:52','2018-04-30',NULL,34.90,34.90,NULL,NULL,'jantar'),
	(3528,1,24,NULL,NULL,NULL,'2018-05-02 20:23:42','2018-05-01',NULL,28.00,28.00,NULL,NULL,'posto jk - lanche'),
	(3529,1,26,NULL,NULL,NULL,'2018-05-02 20:24:56','2018-05-01',NULL,96.55,96.55,NULL,NULL,'168km\n21,46 litros de gasolina comum'),
	(3530,1,9,8,NULL,NULL,'2018-05-03 08:02:42','2018-05-03',NULL,829.14,827.21,NULL,NULL,NULL),
	(3531,1,14,11,NULL,NULL,'2018-05-03 08:06:23','2018-05-03',NULL,99.99,103.22,NULL,NULL,NULL),
	(3532,1,10,49,NULL,NULL,'2018-05-03 15:03:45','2018-05-03',NULL,90.00,90.00,NULL,NULL,NULL),
	(3533,1,10,14,NULL,NULL,'2018-05-03 15:04:04','2018-05-03',NULL,333.00,311.80,NULL,NULL,NULL),
	(3534,1,11,9,NULL,NULL,'2018-05-04 14:42:25','2018-05-03',NULL,57.53,65.20,NULL,NULL,NULL),
	(3535,1,15,12,NULL,NULL,'2018-05-04 14:43:51','2018-05-04',NULL,65.00,65.00,NULL,NULL,NULL),
	(3536,1,75,13,NULL,NULL,'2018-05-04 14:56:14','2018-05-04',NULL,800.00,800.00,NULL,NULL,NULL),
	(3537,1,76,NULL,NULL,11,'2018-05-04 14:58:48','2018-05-04','2018-05-03',1528.34,826.05,NULL,NULL,NULL),
	(3538,1,63,NULL,55,NULL,'2018-05-07 07:43:57','2018-05-07',NULL,1135.90,1082.02,NULL,NULL,NULL),
	(3539,1,32,NULL,NULL,NULL,'2018-05-07 07:46:42','2018-05-04',NULL,86.00,86.00,NULL,NULL,'rem√©dio manipulado e magn√©sio'),
	(3540,1,24,NULL,NULL,NULL,'2018-05-07 07:47:21','2018-05-04',NULL,83.00,83.00,NULL,NULL,'churrasquinho rodinho'),
	(3541,1,81,NULL,NULL,NULL,'2018-05-07 07:48:47','2018-05-06',NULL,30.00,30.00,NULL,NULL,'entrada festival jap√£o'),
	(3542,1,24,NULL,NULL,NULL,'2018-05-07 07:49:15','2018-05-06',NULL,105.00,105.00,NULL,NULL,'l√°men'),
	(3543,1,20,NULL,NULL,NULL,'2018-05-07 07:49:59','2018-05-06',NULL,63.00,63.00,NULL,NULL,'doces, l√°men'),
	(3544,1,44,NULL,NULL,NULL,'2018-05-07 07:50:25','2018-05-06',NULL,30.00,30.00,NULL,NULL,'caneca bleach'),
	(3545,1,26,NULL,NULL,11,'2018-05-09 20:23:28','2018-05-09',NULL,200.51,200.51,NULL,NULL,'447km\n46,96 litros de gasolina aditivada'),
	(3546,1,24,NULL,NULL,NULL,'2018-05-16 07:40:03','2018-05-11',NULL,91.00,91.00,NULL,NULL,'rodinho'),
	(3547,1,44,NULL,NULL,11,'2018-05-16 07:40:56','2018-05-12',NULL,374.30,374.30,NULL,NULL,'presente dia das m√£es'),
	(3548,1,78,NULL,NULL,11,'2018-05-16 07:43:26','2018-05-12',NULL,207.39,207.39,NULL,NULL,'jogos p/ swicth \n11,84\n+ 14,99\n+  29,99\n= 56,82\n* 3,65\n=  207,39'),
	(3549,1,20,NULL,NULL,NULL,'2018-05-16 07:44:00','2018-05-12',NULL,8.94,8.94,NULL,NULL,'rebull'),
	(3550,1,44,NULL,NULL,NULL,'2018-05-16 07:44:26','2018-05-12',NULL,35.00,35.00,NULL,NULL,'pingueira'),
	(3551,1,22,NULL,NULL,NULL,'2018-05-16 07:44:56','2018-05-13',NULL,16.31,16.31,NULL,NULL,NULL),
	(3552,1,20,NULL,NULL,NULL,'2018-05-16 07:45:56','2018-05-13',NULL,52.00,52.00,NULL,NULL,'bebidas'),
	(3553,1,32,NULL,NULL,11,'2018-05-16 07:47:02','2018-05-14',NULL,215.04,215.04,NULL,NULL,'rem√©dios'),
	(3554,1,79,NULL,NULL,NULL,'2018-05-16 07:47:46','2018-05-14',NULL,47.50,47.50,NULL,NULL,'antena'),
	(3555,1,26,NULL,NULL,11,'2018-05-21 17:24:53','2018-05-21',NULL,220.77,220.77,NULL,NULL,'436km\n49,51 litros de gasolina comum'),
	(3556,1,72,NULL,NULL,NULL,'2018-05-22 15:37:06','2018-05-22',NULL,1500.00,1500.00,NULL,NULL,'Pagamento CNI - Extrator'),
	(3557,1,72,NULL,NULL,NULL,'2018-05-22 15:38:20','2018-05-22',NULL,25973.00,25973.00,NULL,NULL,'pagamento CNI - SGF'),
	(3558,1,0,NULL,NULL,NULL,'2018-05-22 15:39:09','2018-05-22',NULL,10500.00,10500.00,NULL,NULL,'Pagamento Participa√ß√£o SGF - Gilcimar'),
	(3559,1,24,NULL,NULL,NULL,'2018-05-23 17:12:14','2018-05-22',NULL,53.90,53.90,NULL,NULL,'pizza'),
	(3560,1,20,NULL,NULL,NULL,'2018-05-23 17:12:41','2018-05-22',NULL,104.80,104.80,NULL,NULL,''),
	(3561,1,24,NULL,NULL,NULL,'2018-05-24 09:04:00','2018-05-23',NULL,142.12,142.12,NULL,NULL,'sushi'),
	(3562,1,22,NULL,NULL,NULL,'2018-05-24 09:05:20','2018-05-19',NULL,16.25,16.25,NULL,NULL,NULL),
	(3563,1,20,NULL,NULL,NULL,'2018-05-24 09:06:03','2018-05-19',NULL,21.02,21.02,NULL,NULL,NULL),
	(3564,1,20,NULL,NULL,NULL,'2018-05-24 09:07:03','2018-05-19',NULL,25.98,25.98,NULL,NULL,NULL),
	(3565,1,20,NULL,NULL,NULL,'2018-05-24 09:08:03','2018-05-19',NULL,50.00,50.00,NULL,NULL,'cerva'),
	(3566,1,22,NULL,NULL,NULL,'2018-05-24 09:08:21','2018-05-20',NULL,11.25,11.25,NULL,NULL,NULL),
	(3567,1,28,NULL,NULL,NULL,'2018-05-25 14:47:52','2018-05-24',NULL,1408.00,1408.00,NULL,NULL,'4¬∫ revis√£o do lancer\n+ balanceamento e alinhamento'),
	(3568,1,24,NULL,NULL,NULL,'2018-05-25 14:48:21','2018-05-25',NULL,23.00,23.00,NULL,NULL,NULL),
	(3569,1,20,NULL,NULL,NULL,'2018-05-25 14:48:52','2018-05-24',NULL,48.97,48.97,NULL,NULL,NULL),
	(3570,1,32,NULL,NULL,NULL,'2018-05-25 14:49:18','2018-05-24',NULL,64.00,64.00,NULL,NULL,'2x maxsulid'),
	(3571,1,29,NULL,NULL,NULL,'2018-05-25 14:50:40','2018-05-25',NULL,45.72,45.72,NULL,NULL,'seguro obrigat√≥rio'),
	(3572,1,29,NULL,NULL,NULL,'2018-05-25 14:57:51','2018-05-25',NULL,2345.90,2345.90,NULL,NULL,'IPVA\n1 - 602,75\n2 - 596,06\n3 - 589,67\n4 - 557,42'),
	(3573,1,18,NULL,NULL,NULL,'2018-05-25 14:59:58','2018-05-25',NULL,403.53,403.53,NULL,NULL,'IPTU - SIG'),
	(3574,1,44,NULL,NULL,NULL,'2018-05-28 08:54:29','2018-05-25',NULL,120.00,120.00,NULL,NULL,'torneira'),
	(3575,1,20,NULL,NULL,NULL,'2018-05-28 08:54:49','2018-05-25',NULL,113.26,113.26,NULL,NULL,NULL),
	(3576,1,20,NULL,NULL,NULL,'2018-05-28 08:55:13','2018-05-26',NULL,46.30,46.30,NULL,NULL,NULL),
	(3577,1,14,NULL,NULL,NULL,'2018-05-28 08:56:04','2018-05-26',NULL,272.33,272.33,NULL,NULL,'conta tel m√£e'),
	(3578,1,32,NULL,NULL,NULL,'2018-05-28 08:56:36','2018-05-27',NULL,11.99,11.99,NULL,NULL,'sensordine'),
	(3579,1,26,NULL,NULL,NULL,'2018-05-29 20:09:00','2018-05-29',NULL,200.00,200.00,NULL,NULL,'353km\n31 litros de gasolina aditivada'),
	(3580,1,50,NULL,NULL,NULL,'2018-05-30 14:06:04','2018-05-29',NULL,6172.08,6172.08,NULL,NULL,NULL),
	(3581,1,67,NULL,NULL,NULL,'2018-05-30 14:06:33','2018-05-29',NULL,3944.45,3944.45,NULL,NULL,'1 - parcela'),
	(3582,1,63,NULL,56,NULL,'2018-06-01 15:10:01','2018-06-01',NULL,226.51,1078.86,NULL,NULL,NULL),
	(3583,1,9,8,NULL,NULL,'2018-06-01 15:11:15','2018-06-01',NULL,828.54,799.27,NULL,NULL,NULL),
	(3584,1,76,NULL,NULL,11,'2018-06-01 15:12:06','2018-06-01','2018-06-03',1616.79,1605.16,NULL,NULL,NULL),
	(3585,1,75,13,NULL,NULL,'2018-06-01 15:13:24','2018-06-01',NULL,800.00,800.00,NULL,NULL,NULL),
	(3586,1,10,14,NULL,NULL,'2018-06-01 15:14:46','2018-06-01',NULL,333.00,318.87,NULL,NULL,NULL),
	(3587,1,10,49,NULL,NULL,'2018-06-01 15:15:55','2018-06-01',NULL,90.00,90.00,NULL,NULL,NULL),
	(3588,1,15,12,NULL,NULL,'2018-06-01 15:17:20','2018-06-01',NULL,65.00,65.00,NULL,NULL,NULL),
	(3589,1,14,11,NULL,NULL,'2018-06-01 15:19:07','2018-06-01',NULL,99.99,103.22,NULL,NULL,NULL),
	(3590,1,76,NULL,NULL,6,'2018-06-01 15:26:53','2018-06-01','2018-06-10',49.99,20.99,NULL,NULL,NULL),
	(3591,1,76,NULL,NULL,7,'2018-06-01 15:28:01','2018-06-01','2018-06-10',5117.25,530.00,NULL,NULL,NULL),
	(3592,1,30,50,NULL,NULL,'2018-06-01 15:30:29','2018-06-04',NULL,504.80,504.80,NULL,NULL,NULL),
	(3593,1,63,NULL,792,NULL,'2018-06-01 15:30:50','2018-06-11',NULL,1167.52,1167.52,NULL,NULL,NULL),
	(3594,1,26,NULL,NULL,NULL,'2018-06-06 18:53:34','2018-06-06',NULL,183.67,183.67,NULL,NULL,'334km\n39,17 litros de gasolina comum'),
	(3595,1,11,9,NULL,NULL,'2018-06-08 09:28:25','2018-06-08',NULL,59.00,59.00,NULL,NULL,NULL),
	(3596,1,72,NULL,NULL,NULL,'2018-06-08 09:29:19','2018-06-04',NULL,974.00,974.00,NULL,NULL,'aluguel mangueiral'),
	(3597,1,12,10,NULL,NULL,'2018-06-08 09:31:26','2018-06-08',NULL,39.65,63.57,NULL,NULL,NULL),
	(3598,1,26,NULL,NULL,NULL,'2018-06-12 12:24:07','2018-06-12',NULL,165.31,165.31,NULL,NULL,'351km\n37,58 litros de gasolina comum'),
	(3599,1,26,NULL,NULL,NULL,'2018-06-22 17:27:13','2018-06-22',NULL,188.33,188.33,NULL,NULL,'416km\n41,8 litros de gasolina comum'),
	(3600,1,20,NULL,NULL,NULL,'2018-06-25 07:03:23','2018-06-21',NULL,54.25,54.25,NULL,NULL,NULL),
	(3601,1,44,NULL,NULL,7,'2018-06-25 07:05:01','2018-06-23',NULL,189.00,189.00,NULL,NULL,'√≥culos'),
	(3602,1,32,NULL,NULL,NULL,'2018-06-25 07:06:45','2018-06-12',NULL,391.14,391.14,NULL,NULL,'ritalina'),
	(3603,1,20,NULL,NULL,NULL,'2018-06-25 07:09:41','2018-06-13',NULL,38.97,38.97,NULL,NULL,NULL),
	(3604,1,24,NULL,NULL,NULL,'2018-06-25 07:10:08','2018-06-14',NULL,72.00,72.00,NULL,NULL,NULL),
	(3605,1,44,NULL,NULL,NULL,'2018-06-25 07:12:17','2018-06-16',NULL,80.00,80.00,NULL,NULL,'tinta'),
	(3606,1,20,NULL,NULL,NULL,'2018-06-25 07:12:41','2018-06-16',NULL,25.00,25.00,NULL,NULL,'cerva'),
	(3607,1,20,NULL,NULL,NULL,'2018-06-25 07:13:02','2018-06-17',NULL,13.63,13.63,NULL,NULL,NULL),
	(3608,1,20,NULL,NULL,NULL,'2018-06-25 07:13:36','2018-06-17',NULL,17.45,17.45,NULL,NULL,NULL),
	(3609,1,20,NULL,NULL,NULL,'2018-06-25 07:14:00','2018-06-17',NULL,52.00,52.00,NULL,NULL,'cerva'),
	(3610,1,32,NULL,NULL,11,'2018-06-25 07:17:32','2018-06-22',NULL,138.15,138.15,NULL,NULL,NULL),
	(3611,1,32,NULL,NULL,11,'2018-06-25 07:17:59','2018-06-22',NULL,85.00,85.00,NULL,NULL,NULL),
	(3612,1,32,NULL,NULL,11,'2018-06-25 07:18:45','2018-06-23',NULL,51.19,51.19,NULL,NULL,'indux'),
	(3613,1,20,NULL,NULL,11,'2018-06-25 07:19:35','2018-06-23',NULL,44.91,44.91,NULL,NULL,NULL),
	(3614,1,20,NULL,NULL,11,'2018-06-25 07:20:38','2018-06-23',NULL,59.77,59.77,NULL,NULL,NULL),
	(3615,1,44,NULL,NULL,11,'2018-06-25 07:21:52','2018-06-22',NULL,56.00,56.00,NULL,NULL,'afrodite'),
	(3616,1,26,NULL,NULL,7,'2018-06-26 13:24:34','2018-06-26',NULL,189.14,189.14,NULL,NULL,'464km\n42 litros de gasolina aditivada'),
	(3617,1,75,13,NULL,NULL,'2018-07-03 15:59:35','2018-07-03',NULL,800.00,800.00,NULL,NULL,NULL),
	(3618,1,15,12,NULL,NULL,'2018-07-03 16:00:54','2018-07-03',NULL,65.00,65.00,NULL,NULL,NULL),
	(3619,1,63,NULL,57,NULL,'2018-07-03 16:02:33','2018-07-03',NULL,225.85,1075.71,NULL,NULL,NULL),
	(3620,1,9,8,NULL,NULL,'2018-07-03 16:05:47','2018-07-03',NULL,828.54,827.76,NULL,NULL,NULL),
	(3621,1,14,11,NULL,NULL,'2018-07-03 16:10:32','2018-07-03',NULL,99.99,102.14,NULL,NULL,NULL),
	(3622,1,10,14,NULL,NULL,'2018-07-03 16:13:29','2018-07-03',NULL,333.00,325.93,NULL,NULL,NULL),
	(3623,1,10,49,NULL,NULL,'2018-07-03 16:16:54','2018-07-03',NULL,100.00,90.00,NULL,NULL,NULL),
	(3624,1,76,NULL,NULL,11,'2018-07-03 16:18:11','2018-07-03','2018-07-03',879.18,443.60,NULL,NULL,NULL),
	(3625,1,78,32,NULL,NULL,'2018-07-03 16:21:07','2018-07-03',NULL,94.70,94.70,NULL,NULL,NULL),
	(3626,1,12,10,NULL,NULL,'2018-07-03 16:28:47','2018-07-09',NULL,39.23,63.92,NULL,NULL,NULL),
	(3627,1,30,50,NULL,NULL,'2018-07-03 16:28:59','2018-07-04',NULL,504.80,504.80,NULL,NULL,NULL),
	(3628,1,76,NULL,NULL,7,'2018-07-03 16:29:57','2018-07-03','2018-07-10',1100.87,719.00,NULL,NULL,NULL),
	(3629,1,63,NULL,793,NULL,'2018-07-03 16:30:41','2018-07-10',NULL,1167.52,1167.52,NULL,NULL,NULL),
	(3630,732,20,NULL,NULL,12,'2018-07-04 16:19:20','2018-07-04',NULL,0.00,546464.68,NULL,NULL,'fgsdfg'),
	(3631,1,26,NULL,NULL,NULL,'2018-07-05 07:27:40','2018-07-05',NULL,209.66,209.66,NULL,NULL,'427km\n45 litros de gasolina comum'),
	(3632,1,44,NULL,NULL,11,'2018-07-05 07:58:02','2018-06-27',NULL,119.82,119.82,NULL,NULL,'peixe urbano - centrifuga limpadora'),
	(3633,1,78,NULL,NULL,11,'2018-07-05 07:59:24','2018-07-27',NULL,96.90,96.90,NULL,NULL,'adaptador controle ps4  - swicth'),
	(3634,1,78,NULL,NULL,11,'2018-07-05 08:01:06','2018-06-26',NULL,0.00,274.08,NULL,NULL,'controle swicth'),
	(3635,1,32,NULL,NULL,NULL,'2018-07-05 08:04:03','2018-06-30',NULL,74.40,74.40,NULL,NULL,'rem√©dios'),
	(3636,1,44,NULL,NULL,NULL,'2018-07-11 08:43:00','2018-06-25',NULL,2500.00,2500.00,NULL,NULL,'cirurgia olhos - HOB'),
	(3637,1,44,NULL,NULL,7,'2018-07-11 08:44:08','2018-06-26',NULL,449.00,1796.00,NULL,NULL,'cirurgia olhos - HOB'),
	(3638,1,44,NULL,NULL,NULL,'2018-07-11 08:44:56','2018-06-25',NULL,190.00,190.00,NULL,NULL,'exame para cirurgia olhos - HOB'),
	(3639,1,65,NULL,NULL,NULL,'2018-07-11 08:47:44','2018-07-10',NULL,306.24,306.24,NULL,NULL,'DETRAN-176,08\nPRF-130,16'),
	(3640,1,20,NULL,NULL,NULL,'2018-07-11 08:49:45','2018-07-06',NULL,39.00,39.00,NULL,NULL,'cerva'),
	(3641,1,20,NULL,NULL,NULL,'2018-07-11 08:50:30','2018-07-08',NULL,27.98,27.98,NULL,NULL,'shoyu'),
	(3642,1,78,NULL,NULL,11,'2018-07-11 09:11:40','2018-06-27',NULL,96.90,96.90,NULL,NULL,'mercado livre - adaptador de controle p/ switch'),
	(3643,1,44,NULL,NULL,11,'2018-07-11 09:13:19','2018-06-23',NULL,0.00,125.60,NULL,NULL,'AF EMPREENDIMENTOS ????'),
	(3644,1,78,NULL,NULL,11,'2018-07-11 09:15:51','2018-07-08',NULL,31.37,31.37,NULL,NULL,'Metal Slug - Switch\nUS$ 7,99'),
	(3645,1,26,NULL,NULL,11,'2018-07-21 15:28:53','2018-07-21',NULL,215.83,215.83,NULL,NULL,'451km\n46,4 litros de gasolina comum'),
	(3646,1,20,NULL,NULL,NULL,'2018-07-30 07:19:59','2018-07-13',NULL,25.00,25.00,NULL,NULL,'cerva'),
	(3647,1,20,NULL,NULL,NULL,'2018-07-30 07:20:31','2018-07-15',NULL,36.00,36.00,NULL,NULL,'cerva'),
	(3648,1,20,NULL,NULL,NULL,'2018-07-30 07:21:49','2018-07-18',NULL,65.76,65.76,NULL,NULL,'art shop'),
	(3649,1,22,NULL,NULL,NULL,'2018-07-30 07:22:41','2018-07-22',NULL,22.02,22.02,NULL,NULL,NULL),
	(3650,1,20,NULL,NULL,NULL,'2018-07-30 07:23:17','2018-07-22',NULL,28.00,28.00,NULL,NULL,'cerva'),
	(3651,1,20,NULL,NULL,NULL,'2018-07-30 07:23:54','2018-07-26',NULL,14.99,14.99,NULL,NULL,NULL),
	(3652,1,20,NULL,NULL,11,'2018-07-30 07:24:37','2018-07-27',NULL,55.00,55.00,NULL,NULL,NULL),
	(3653,1,20,NULL,NULL,7,'2018-07-30 07:34:03','2018-07-21',NULL,122.31,122.31,NULL,NULL,NULL),
	(3654,1,24,NULL,NULL,NULL,'2018-07-30 07:34:52','2018-07-30',NULL,50.90,50.90,NULL,NULL,'mc donalds'),
	(3655,1,50,NULL,NULL,NULL,'2018-07-30 08:42:48','2018-07-30',NULL,6172.08,6172.08,NULL,NULL,NULL),
	(3656,1,10,14,NULL,NULL,'2018-08-01 07:45:16','2018-08-01',NULL,333.00,333.00,NULL,NULL,NULL),
	(3657,1,63,NULL,58,NULL,'2018-08-01 07:45:58','2018-08-01',NULL,225.18,1072.56,NULL,NULL,NULL),
	(3658,1,75,13,NULL,NULL,'2018-08-01 07:46:42','2018-08-01',NULL,800.00,800.00,NULL,NULL,NULL),
	(3659,1,76,NULL,NULL,11,'2018-08-01 07:47:45','2018-08-01','2018-08-03',1194.96,463.92,NULL,NULL,NULL),
	(3660,1,15,12,NULL,NULL,'2018-08-01 07:48:44','2018-08-01',NULL,65.00,65.00,NULL,NULL,NULL),
	(3661,1,14,11,NULL,NULL,'2018-08-01 07:50:16','2018-08-01',NULL,99.99,99.99,NULL,NULL,NULL),
	(3663,1,30,50,NULL,NULL,'2018-08-01 08:07:53','2018-08-01',NULL,504.80,504.80,NULL,NULL,NULL),
	(3664,1,76,NULL,NULL,7,'2018-08-01 08:11:36','2018-08-01','2018-08-10',953.90,1065.95,NULL,NULL,NULL),
	(3665,1,63,NULL,794,NULL,'2018-08-01 08:14:39','2018-08-01',NULL,1167.52,1167.52,NULL,NULL,NULL),
	(3666,1,10,49,NULL,NULL,'2018-08-01 10:14:58','2018-08-01',NULL,90.00,93.33,NULL,NULL,NULL),
	(3667,1,26,NULL,NULL,NULL,'2018-08-01 17:36:00','2018-08-01',NULL,214.89,214.89,NULL,NULL,'494km\n48,85 litros de gasolina comum'),
	(3668,1,9,8,NULL,NULL,'2018-08-03 17:09:44','2018-08-03',NULL,828.54,828.74,NULL,NULL,NULL),
	(3669,1,12,10,NULL,NULL,'2018-08-03 17:10:46','2018-08-03',NULL,47.88,39.44,NULL,NULL,''),
	(3670,1,79,NULL,NULL,NULL,'2018-08-10 14:58:15','2018-08-09',NULL,2900.00,2900.00,NULL,NULL,'iphone 8 plus 64gb'),
	(3671,1,26,NULL,NULL,11,'2018-08-10 16:22:23','2018-08-10',NULL,181.09,181.09,NULL,NULL,'413km'),
	(3672,1,26,NULL,NULL,11,'2018-08-12 16:30:10','2018-08-12',NULL,223.00,223.00,NULL,NULL,'521 km\n48 litros de gasolina comum'),
	(3673,1,26,NULL,NULL,11,'2018-08-21 21:13:57','2018-08-21',NULL,187.66,187.66,NULL,NULL,'440km\n43,15 litros de gasolina aditivada'),
	(3676,1,50,NULL,NULL,NULL,'2018-08-30 11:51:33','2018-09-01',NULL,6172.08,6172.08,NULL,NULL,'sicoob'),
	(3677,1,63,NULL,59,NULL,'2018-09-03 08:38:52','2018-09-03',NULL,224.52,1069.41,NULL,NULL,NULL),
	(3678,1,10,14,NULL,NULL,'2018-09-03 08:39:49','2018-09-03',NULL,333.00,333.00,NULL,NULL,NULL),
	(3679,1,15,12,NULL,NULL,'2018-09-03 08:41:04','2018-09-03',NULL,65.00,65.00,NULL,NULL,NULL),
	(3680,1,75,13,NULL,NULL,'2018-09-03 08:42:10','2018-09-03',NULL,800.00,800.00,NULL,NULL,NULL),
	(3681,1,11,9,NULL,NULL,'2018-09-03 08:45:03','2018-09-03',NULL,59.00,59.00,NULL,NULL,NULL),
	(3682,1,76,NULL,NULL,11,'2018-09-03 08:47:57','2018-09-03','2018-09-03',1451.73,743.65,NULL,NULL,NULL),
	(3683,1,76,NULL,NULL,7,'2018-09-03 08:51:17','2018-09-03','2018-09-10',1643.83,754.50,NULL,NULL,NULL),
	(3684,1,12,10,NULL,NULL,'2018-09-03 08:57:26','2018-09-10',NULL,50.00,42.25,NULL,NULL,NULL),
	(3685,1,14,11,NULL,NULL,'2018-09-03 09:00:59','2018-09-03',NULL,99.99,99.99,NULL,NULL,NULL),
	(3686,1,10,49,NULL,NULL,'2018-09-03 10:51:21','2018-09-03',NULL,90.00,93.33,NULL,NULL,NULL),
	(3687,1,9,8,NULL,NULL,'2018-09-05 15:51:41','2018-09-05',NULL,828.54,828.54,NULL,NULL,NULL),
	(3688,1,63,NULL,795,NULL,'2018-09-05 15:53:08','2018-09-05',NULL,1167.52,1167.52,NULL,NULL,NULL);

/*!40000 ALTER TABLE `LANCAMENTO` ENABLE KEYS */;
UNLOCK TABLES;


# Dump da tabela LANCAMENTO_PARCELA
# ------------------------------------------------------------

DROP TABLE IF EXISTS `LANCAMENTO_PARCELA`;

CREATE TABLE `LANCAMENTO_PARCELA` (
  `COD_LANCAMENTO` bigint(11) NOT NULL,
  `COD_PARCELA` bigint(11) NOT NULL,
  PRIMARY KEY (`COD_LANCAMENTO`,`COD_PARCELA`),
  KEY `COD_LANCAMENTO` (`COD_LANCAMENTO`),
  KEY `COD_PARCELA` (`COD_PARCELA`),
  CONSTRAINT `PARCELA_LANCAMENTO_FK_1` FOREIGN KEY (`COD_LANCAMENTO`) REFERENCES `LANCAMENTO` (`COD_LANCAMENTO`),
  CONSTRAINT `PARCELA_LANCAMENTO_FK_2` FOREIGN KEY (`COD_PARCELA`) REFERENCES `PARCELA` (`COD_PARCELA`)
) ENGINE=InnoDB DEFAULT CHARSET=latin1;

LOCK TABLES `LANCAMENTO_PARCELA` WRITE;
/*!40000 ALTER TABLE `LANCAMENTO_PARCELA` DISABLE KEYS */;

INSERT INTO `LANCAMENTO_PARCELA` (`COD_LANCAMENTO`, `COD_PARCELA`)
VALUES
	(586,3),
	(586,4),
	(586,6),
	(587,1),
	(587,2),
	(587,5),
	(621,7),
	(621,8),
	(621,9),
	(621,12),
	(622,10),
	(622,11),
	(658,253),
	(658,366),
	(658,367),
	(658,368),
	(658,369),
	(658,370),
	(658,371),
	(658,372),
	(658,373),
	(658,374),
	(658,375),
	(658,376),
	(658,377),
	(658,378),
	(658,380),
	(658,381),
	(658,382),
	(659,254),
	(1525,379),
	(1525,383),
	(1525,384),
	(1525,385),
	(1525,386),
	(1525,387),
	(1525,388),
	(1525,389),
	(1525,390),
	(1525,391),
	(1525,392),
	(1525,393),
	(1526,255),
	(1565,459),
	(1566,256),
	(1566,457),
	(1566,458),
	(1566,460),
	(1566,461),
	(1608,462),
	(1608,463),
	(1608,465),
	(1608,466),
	(1609,257),
	(1609,467),
	(1657,464),
	(1657,468),
	(1657,469),
	(1657,470),
	(1657,471),
	(1657,472),
	(1657,473),
	(1657,474),
	(1657,475),
	(1657,476),
	(1657,477),
	(1657,478),
	(1657,479),
	(1657,480),
	(1657,481),
	(1710,494),
	(1754,486),
	(1754,487),
	(1754,488),
	(1754,492),
	(1754,495),
	(1766,489),
	(1766,493),
	(1766,496),
	(1766,497),
	(1766,498),
	(1766,499),
	(1766,500),
	(1766,501),
	(1766,513),
	(1766,519),
	(1828,490),
	(1828,502),
	(1828,514),
	(1828,520),
	(1828,521),
	(1828,522),
	(1828,528),
	(1882,529),
	(1883,491),
	(1883,503),
	(1883,515),
	(1883,523),
	(1883,524),
	(1883,525),
	(1883,526),
	(1883,527),
	(1883,530),
	(1883,531),
	(1883,543),
	(1966,504),
	(1966,516),
	(1966,532),
	(1966,544),
	(1966,545),
	(2011,505),
	(2011,517),
	(2011,533),
	(2012,546),
	(2012,547),
	(2012,548),
	(2060,506),
	(2060,518),
	(2060,534),
	(2061,549),
	(2061,550),
	(2061,551),
	(2074,319),
	(2074,320),
	(2074,321),
	(2074,322),
	(2074,323),
	(2074,324),
	(2074,325),
	(2074,326),
	(2074,327),
	(2074,328),
	(2074,329),
	(2074,330),
	(2074,331),
	(2074,332),
	(2074,333),
	(2074,334),
	(2074,335),
	(2074,336),
	(2074,337),
	(2074,338),
	(2074,339),
	(2074,340),
	(2074,341),
	(2074,342),
	(2074,343),
	(2074,344),
	(2074,345),
	(2074,346),
	(2074,347),
	(2074,348),
	(2074,349),
	(2074,350),
	(2074,351),
	(2074,352),
	(2074,353),
	(2074,354),
	(2074,355),
	(2074,356),
	(2074,357),
	(2074,358),
	(2074,359),
	(2074,360),
	(2074,361),
	(2074,362),
	(2074,363),
	(2074,364),
	(2074,365),
	(2102,507),
	(2102,535),
	(2102,552),
	(2223,508),
	(2223,536),
	(2223,553),
	(2223,554),
	(2223,555),
	(2223,559),
	(2224,556),
	(2374,509),
	(2374,537),
	(2374,560),
	(2374,561),
	(2374,562),
	(2374,563),
	(2374,575),
	(2374,576),
	(2374,577),
	(2375,557),
	(2437,510),
	(2437,538),
	(2437,564),
	(2437,578),
	(2437,580),
	(2438,558),
	(2482,511),
	(2482,539),
	(2482,565),
	(2482,579),
	(2482,581),
	(2482,594),
	(2482,597),
	(2483,592),
	(2483,593),
	(2483,598),
	(2519,512),
	(2519,540),
	(2519,566),
	(2519,582),
	(2519,595),
	(2519,599),
	(2527,601),
	(2573,541),
	(2573,567),
	(2573,583),
	(2573,596),
	(2573,600),
	(2573,602),
	(2628,542),
	(2628,568),
	(2628,584),
	(2628,603),
	(2628,604),
	(2628,605),
	(2628,606),
	(2628,607),
	(2715,569),
	(2715,585),
	(2715,608),
	(2715,609),
	(2715,610),
	(2715,611),
	(2715,673),
	(2716,672),
	(2782,570),
	(2782,586),
	(2782,674),
	(2782,675),
	(2782,676),
	(2782,677),
	(2832,571),
	(2832,587),
	(2832,679),
	(2832,680),
	(2832,681),
	(2832,682),
	(2833,678),
	(2833,683),
	(2893,572),
	(2893,588),
	(2893,684),
	(2893,687),
	(2893,690),
	(2893,691),
	(2894,689),
	(2894,692),
	(2894,693),
	(2894,694),
	(2894,695),
	(2956,573),
	(2956,589),
	(2956,688),
	(2956,696),
	(2956,697),
	(2956,698),
	(2956,699),
	(2956,700),
	(2956,701),
	(2956,702),
	(2956,703),
	(2956,704),
	(2956,705),
	(2956,706),
	(2956,707),
	(2956,708),
	(2956,709),
	(2956,712),
	(2956,713),
	(2956,725),
	(2956,726),
	(2956,727),
	(2956,728),
	(2956,729),
	(2956,730),
	(2969,711),
	(3008,574),
	(3008,590),
	(3008,710),
	(3008,714),
	(3008,731),
	(3008,743),
	(3008,745),
	(3008,746),
	(3008,747),
	(3008,748),
	(3008,749),
	(3008,750),
	(3008,751),
	(3008,752),
	(3008,753),
	(3008,754),
	(3008,755),
	(3008,756),
	(3010,744),
	(3057,591),
	(3057,715),
	(3057,732),
	(3057,757),
	(3057,758),
	(3057,759),
	(3057,760),
	(3057,761),
	(3057,762),
	(3057,763),
	(3057,764),
	(3057,778),
	(3057,779),
	(3058,776),
	(3058,777),
	(3058,780),
	(3058,781),
	(3132,716),
	(3132,733),
	(3132,765),
	(3187,717),
	(3187,734),
	(3187,766),
	(3187,831),
	(3187,832),
	(3187,833),
	(3187,836),
	(3187,837),
	(3187,839),
	(3188,830),
	(3188,834),
	(3188,835),
	(3188,838),
	(3188,840),
	(3188,841),
	(3188,842),
	(3188,843),
	(3235,718),
	(3235,735),
	(3235,767),
	(3235,851),
	(3235,852),
	(3235,853),
	(3236,844),
	(3236,848),
	(3236,849),
	(3236,850),
	(3236,854),
	(3236,855),
	(3236,856),
	(3236,857),
	(3236,858),
	(3236,859),
	(3282,719),
	(3282,736),
	(3282,768),
	(3283,860),
	(3283,861),
	(3283,862),
	(3283,863),
	(3283,867),
	(3318,868),
	(3319,864),
	(3322,720),
	(3322,737),
	(3322,769),
	(3343,721),
	(3343,738),
	(3343,770),
	(3344,865),
	(3392,722),
	(3392,739),
	(3392,771),
	(3393,866),
	(3393,869),
	(3393,870),
	(3395,880),
	(3395,881),
	(3395,883),
	(3430,723),
	(3430,740),
	(3430,772),
	(3431,871),
	(3436,882),
	(3436,884),
	(3436,885),
	(3436,886),
	(3436,887),
	(3436,888),
	(3436,889),
	(3436,890),
	(3436,891),
	(3436,892),
	(3472,893),
	(3472,894),
	(3472,895),
	(3472,896),
	(3472,897),
	(3479,724),
	(3479,741),
	(3479,773),
	(3480,872),
	(3517,742),
	(3517,774),
	(3518,873),
	(3537,898),
	(3537,900),
	(3537,901),
	(3537,902),
	(3537,903),
	(3537,904),
	(3537,905),
	(3584,899),
	(3584,906),
	(3584,907),
	(3584,908),
	(3584,909),
	(3584,910),
	(3584,911),
	(3590,775),
	(3591,874),
	(3624,913),
	(3624,914),
	(3624,915),
	(3624,916),
	(3624,917),
	(3624,918),
	(3628,875),
	(3628,912),
	(3659,921),
	(3659,943),
	(3659,945),
	(3659,946),
	(3664,876),
	(3664,919),
	(3664,935),
	(3664,948),
	(3682,922),
	(3682,947),
	(3682,949),
	(3682,950),
	(3682,951),
	(3683,877),
	(3683,936);
'
/*!40000 ALTER TABLE `LANCAMENTO_PARCELA` ENABLE KEYS */;
UNLOCK TABLES;


# Dump da tabela MENU
# ------------------------------------------------------------

DROP TABLE IF EXISTS `MENU`;

CREATE TABLE `MENU` (
  `COD_MENU` bigint(11) NOT NULL,
  `COD_MENU_PAI` bigint(11) DEFAULT NULL,
  `NUM_ORDEM` int(11) DEFAULT '0',
  `NOM_MENU` varchar(300) NOT NULL,
  `URL_PAGINA` varchar(100) DEFAULT NULL,
  `ICO_MENU` varchar(50) DEFAULT '',
  PRIMARY KEY (`COD_MENU`),
  KEY `COD_MENU_PAI` (`COD_MENU_PAI`)
) ENGINE=InnoDB DEFAULT CHARSET=latin1;

LOCK TABLES `MENU` WRITE;
/*!40000 ALTER TABLE `MENU` DISABLE KEYS */;

INSERT INTO `MENU` (`COD_MENU`, `COD_MENU_PAI`, `NUM_ORDEM`, `NOM_MENU`, `URL_PAGINA`, `ICO_MENU`)
VALUES
	(1,NULL,1,'Painel Gerencial','dashboard.jsp','fa fa-dashboard'),
	(2,NULL,2,'Pagamentos Agendados','agendamentos.jsp','fa fa-calendar'),
	(3,NULL,3,'Parcelas','parcelas.jsp','fa fa-th'),
	(4,NULL,4,'Lan√ßamentos','lancamentos.jsp','fa fa-pencil-square-o'),
	(5,NULL,5,'Cart√µes de Cr√©dito','cartoesDeCredito.jsp','fa fa-credit-card'),
	(7,NULL,7,'Marcadores/Tags','tags.jsp','fa fa-location-arrow'),
	(8,NULL,8,'Par√¢metros','parametros.html','fa fa-cogs'),
	(9,NULL,9,'Usu√°rios','usuarios.jsp','fa fa-group'),
	(10,NULL,10,'Contatos','contatos.jsp','fa fa-envelope-o'),
	(11,NULL,11,'Relat√≥rio','relatorio','fa fa-laptop'),
	(12,11,1,'Relat√≥rio Contas','relContas.html','fa fa-circle'),
	(13,11,2,'Relat√≥rio Extrato','relExtrato.html','fa fa-circle'),
	(14,NULL,11,'ADM Lan√ßamentos','lancamentosAdm.jsp','glyphicon glyphicon-tasks'),
	(15,NULL,12,'Relat√≥rio Din√¢mico','relatorioDinamico.jsp','glyphicon glyphicon-dashboard');

/*!40000 ALTER TABLE `MENU` ENABLE KEYS */;
UNLOCK TABLES;


# Dump da tabela MENU_PERFIL
# ------------------------------------------------------------

DROP TABLE IF EXISTS `MENU_PERFIL`;

CREATE TABLE `MENU_PERFIL` (
  `COD_MENU` bigint(11) NOT NULL,
  `COD_PERFIL` bigint(11) NOT NULL,
  PRIMARY KEY (`COD_MENU`,`COD_PERFIL`),
  KEY `COD_MENU` (`COD_MENU`),
  KEY `COD_PERFIL` (`COD_PERFIL`),
  CONSTRAINT `menu_perfil_ibfk_1` FOREIGN KEY (`COD_MENU`) REFERENCES `MENU` (`COD_MENU`),
  CONSTRAINT `menu_perfil_ibfk_2` FOREIGN KEY (`COD_PERFIL`) REFERENCES `PERFIL` (`COD_PERFIL`)
) ENGINE=InnoDB DEFAULT CHARSET=latin1;

LOCK TABLES `MENU_PERFIL` WRITE;
/*!40000 ALTER TABLE `MENU_PERFIL` DISABLE KEYS */;

INSERT INTO `MENU_PERFIL` (`COD_MENU`, `COD_PERFIL`)
VALUES
	(1,1),
	(1,2),
	(2,1),
	(2,2),
	(4,1),
	(4,2),
	(5,1),
	(5,2),
	(7,1),
	(7,2),
	(9,1),
	(10,1),
	(14,1),
	(15,1),
	(15,2);

/*!40000 ALTER TABLE `MENU_PERFIL` ENABLE KEYS */;
UNLOCK TABLES;


# Dump da tabela PARCELA
# ------------------------------------------------------------

DROP TABLE IF EXISTS `PARCELA`;

CREATE TABLE `PARCELA` (
  `COD_PARCELA` bigint(11) NOT NULL AUTO_INCREMENT COMMENT 'Identificador da parcela.',
  `COD_LANCAMENTO` bigint(11) NOT NULL COMMENT 'Identificador do Parcelamento.',
  `DAT_REFERENCIA` date NOT NULL COMMENT 'Define a data prevista da Parcela',
  `VAL_PARCELA` double(10,2) NOT NULL COMMENT 'Define o valor da parcela.',
  `NUM_PARCELA` int(11) NOT NULL COMMENT 'Define o n√∫mero da parcela.',
  PRIMARY KEY (`COD_PARCELA`),
  KEY `COD_PARCELAMENTO` (`COD_LANCAMENTO`),
  CONSTRAINT `parcela_ibfk_1` FOREIGN KEY (`COD_LANCAMENTO`) REFERENCES `LANCAMENTO` (`COD_LANCAMENTO`)
) ENGINE=InnoDB DEFAULT CHARSET=latin1 COMMENT='Entidade que representa as informa√ß√µes gerais sobre as parce';

LOCK TABLES `PARCELA` WRITE;
/*!40000 ALTER TABLE `PARCELA` DISABLE KEYS */;

INSERT INTO `PARCELA` (`COD_PARCELA`, `COD_LANCAMENTO`, `DAT_REFERENCIA`, `VAL_PARCELA`, `NUM_PARCELA`)
VALUES
	(1,244,'2015-03-10',214.25,1),
	(2,245,'2015-03-10',25.10,1),
	(3,246,'2015-03-10',262.85,1),
	(4,287,'2015-03-10',79.00,1),
	(5,288,'2015-03-10',139.66,1),
	(6,289,'2015-03-10',77.98,1),
	(7,305,'2015-04-10',337.82,1),
	(8,306,'2015-04-10',79.08,1),
	(9,307,'2015-04-10',141.89,1),
	(10,308,'2015-04-10',90.33,1),
	(11,311,'2015-04-10',32.75,1),
	(12,584,'2015-04-10',139.31,1),
	(13,588,'2014-11-10',1210.52,1),
	(14,588,'2014-12-10',1207.37,2),
	(15,588,'2015-01-10',1207.99,3),
	(16,588,'2015-02-10',1204.83,4),
	(17,588,'2015-03-10',1201.68,5),
	(18,588,'2015-04-10',1198.53,6),
	(19,588,'2015-05-10',1195.38,7),
	(20,588,'2015-06-10',1192.23,8),
	(21,588,'2015-07-10',1189.08,9),
	(22,588,'2015-08-10',1185.94,10),
	(23,588,'2015-09-10',1182.79,11),
	(24,588,'2015-10-10',1179.64,12),
	(25,588,'2015-11-10',1176.49,13),
	(26,588,'2015-12-10',1173.34,14),
	(27,588,'2016-01-10',1170.19,15),
	(28,588,'2016-02-10',1167.05,16),
	(29,588,'2016-03-10',1163.89,17),
	(30,588,'2016-04-10',1160.74,18),
	(31,588,'2016-05-10',1157.59,19),
	(32,588,'2016-06-10',1154.44,20),
	(33,588,'2016-07-10',1151.29,21),
	(34,588,'2016-08-10',1148.14,22),
	(35,588,'2016-09-10',1145.00,23),
	(36,588,'2016-10-10',1141.85,24),
	(37,588,'2016-11-10',1138.70,25),
	(38,588,'2016-12-10',1135.55,26),
	(39,588,'2017-01-10',1132.40,27),
	(40,588,'2017-02-10',1129.25,28),
	(41,588,'2017-03-10',1126.11,29),
	(42,588,'2017-04-10',1122.96,30),
	(43,588,'2017-05-10',1119.80,31),
	(44,588,'2017-06-10',1116.65,32),
	(45,588,'2017-07-10',1113.50,33),
	(46,588,'2017-08-10',1110.35,34),
	(47,588,'2017-09-10',1107.20,35),
	(48,588,'2017-10-10',1104.06,36),
	(49,588,'2017-11-10',1100.91,37),
	(50,588,'2017-12-10',1097.76,38),
	(51,588,'2018-01-10',1094.61,39),
	(52,588,'2018-02-10',1091.46,40),
	(53,588,'2018-03-10',1088.31,41),
	(54,588,'2018-04-10',1085.17,42),
	(55,588,'2018-05-10',1082.02,43),
	(56,588,'2018-06-10',1078.86,44),
	(57,588,'2018-07-10',1075.71,45),
	(58,588,'2018-08-10',1072.56,46),
	(59,588,'2018-09-10',1069.41,47),
	(60,588,'2018-10-10',1066.26,48),
	(61,588,'2018-11-10',1063.12,49),
	(62,588,'2018-12-10',1059.97,50),
	(63,588,'2019-01-10',1056.82,51),
	(64,588,'2019-02-10',1053.67,52),
	(65,588,'2019-03-10',1050.52,53),
	(66,588,'2019-04-10',1047.37,54),
	(67,588,'2019-05-10',1044.23,55),
	(68,588,'2019-06-10',1041.08,56),
	(69,588,'2019-07-10',1037.92,57),
	(70,588,'2019-08-10',1034.77,58),
	(71,588,'2019-09-10',1031.62,59),
	(72,588,'2019-10-10',1028.47,60),
	(73,588,'2019-11-10',1025.32,61),
	(74,588,'2019-12-10',1022.18,62),
	(75,588,'2020-01-10',1019.03,63),
	(76,588,'2020-02-10',1015.88,64),
	(77,588,'2020-03-10',1012.73,65),
	(78,588,'2020-04-10',1009.58,66),
	(79,588,'2020-05-10',1006.43,67),
	(80,588,'2020-06-10',1003.29,68),
	(81,588,'2020-07-10',1000.14,69),
	(82,588,'2020-08-10',996.98,70),
	(83,588,'2020-09-10',993.83,71),
	(84,588,'2020-10-10',990.68,72),
	(85,588,'2020-11-10',987.53,73),
	(86,588,'2020-12-10',984.38,74),
	(87,588,'2021-01-10',981.24,75),
	(88,588,'2021-02-10',978.09,76),
	(89,588,'2021-03-10',974.94,77),
	(90,588,'2021-04-10',971.79,78),
	(91,588,'2021-05-10',968.64,79),
	(92,588,'2021-06-10',965.49,80),
	(93,588,'2021-07-10',962.35,81),
	(94,588,'2021-08-10',959.20,82),
	(95,588,'2021-09-10',956.04,83),
	(96,588,'2021-10-10',952.89,84),
	(97,588,'2021-11-10',949.74,85),
	(98,588,'2021-12-10',946.59,86),
	(99,588,'2022-01-10',943.44,87),
	(100,588,'2022-02-10',940.30,88),
	(101,588,'2022-03-10',937.15,89),
	(102,588,'2022-04-10',934.00,90),
	(103,588,'2022-05-10',930.85,91),
	(104,588,'2022-06-10',927.70,92),
	(105,588,'2022-07-10',924.55,93),
	(106,588,'2022-08-10',921.41,94),
	(107,588,'2022-09-10',918.26,95),
	(108,588,'2022-10-10',915.10,96),
	(109,588,'2022-11-10',911.95,97),
	(110,588,'2022-12-10',908.80,98),
	(111,588,'2023-01-10',905.65,99),
	(112,588,'2023-02-10',902.50,100),
	(113,588,'2023-03-10',899.36,101),
	(114,588,'2023-04-10',896.21,102),
	(115,588,'2023-05-10',893.06,103),
	(116,588,'2023-06-10',889.91,104),
	(117,588,'2023-07-10',886.76,105),
	(118,588,'2023-08-10',883.61,106),
	(119,588,'2023-09-10',880.46,107),
	(120,588,'2023-10-10',877.32,108),
	(121,588,'2023-11-10',874.17,109),
	(122,588,'2023-12-10',871.01,110),
	(123,588,'2024-01-10',867.86,111),
	(124,588,'2024-02-10',864.71,112),
	(125,588,'2024-03-10',861.56,113),
	(126,588,'2024-04-10',858.42,114),
	(127,588,'2024-05-10',855.27,115),
	(128,588,'2024-06-10',852.12,116),
	(129,588,'2024-07-10',848.97,117),
	(130,588,'2024-08-10',845.82,118),
	(131,588,'2024-09-10',842.67,119),
	(132,588,'2024-10-10',839.52,120),
	(133,588,'2024-11-10',836.38,121),
	(134,588,'2024-12-10',833.23,122),
	(135,588,'2025-01-10',830.07,123),
	(136,588,'2025-02-10',826.92,124),
	(137,588,'2025-03-10',823.77,125),
	(138,588,'2025-04-10',820.62,126),
	(139,588,'2025-05-10',817.48,127),
	(140,588,'2025-06-10',814.33,128),
	(141,588,'2025-07-10',811.18,129),
	(142,588,'2025-08-10',808.03,130),
	(143,588,'2025-09-10',804.88,131),
	(144,588,'2025-10-10',801.73,132),
	(145,588,'2025-11-10',798.58,133),
	(146,588,'2025-12-10',795.44,134),
	(147,588,'2026-01-10',792.29,135),
	(148,588,'2026-02-10',789.13,136),
	(149,588,'2026-03-10',785.98,137),
	(150,588,'2026-04-10',782.83,138),
	(151,588,'2026-05-10',779.68,139),
	(152,588,'2026-06-10',776.54,140),
	(153,588,'2026-07-10',773.39,141),
	(154,588,'2026-08-10',770.24,142),
	(155,588,'2026-09-10',767.09,143),
	(156,588,'2026-10-10',763.94,144),
	(157,588,'2026-11-10',760.79,145),
	(158,588,'2026-12-10',757.64,146),
	(159,588,'2027-01-10',754.50,147),
	(160,588,'2027-02-10',751.35,148),
	(161,588,'2027-03-10',748.19,149),
	(162,588,'2027-04-10',745.04,150),
	(163,588,'2027-05-10',741.89,151),
	(164,588,'2027-06-10',738.74,152),
	(165,588,'2027-07-10',735.60,153),
	(166,588,'2027-08-10',732.45,154),
	(167,588,'2027-09-10',729.30,155),
	(168,588,'2027-10-10',726.15,156),
	(169,588,'2027-11-10',723.00,157),
	(170,588,'2027-12-10',719.85,158),
	(171,588,'2028-01-10',716.70,159),
	(172,588,'2028-02-10',713.56,160),
	(173,588,'2028-03-10',710.41,161),
	(174,588,'2028-04-10',707.25,162),
	(175,588,'2028-05-10',704.10,163),
	(176,588,'2028-06-10',700.95,164),
	(177,588,'2028-07-10',697.80,165),
	(178,588,'2028-08-10',694.66,166),
	(179,588,'2028-09-10',691.51,167),
	(180,588,'2028-10-10',688.36,168),
	(181,588,'2028-11-10',685.21,169),
	(182,588,'2028-12-10',682.06,170),
	(183,588,'2029-01-10',678.91,171),
	(184,588,'2029-02-10',675.76,172),
	(185,588,'2029-03-10',672.62,173),
	(186,588,'2029-04-10',669.47,174),
	(187,588,'2029-05-10',666.32,175),
	(188,588,'2029-06-10',663.16,176),
	(189,588,'2029-07-10',660.01,177),
	(190,588,'2029-08-10',656.86,178),
	(191,588,'2029-09-10',653.72,179),
	(192,588,'2029-10-10',650.57,180),
	(193,588,'2029-11-10',647.42,181),
	(194,588,'2029-12-10',644.27,182),
	(195,588,'2030-01-10',641.12,183),
	(196,588,'2030-02-10',637.97,184),
	(197,588,'2030-03-10',634.82,185),
	(198,588,'2030-04-10',631.68,186),
	(199,588,'2030-05-10',628.53,187),
	(200,588,'2030-06-10',625.38,188),
	(201,588,'2030-07-10',622.22,189),
	(202,588,'2030-08-10',619.07,190),
	(203,588,'2030-09-10',615.92,191),
	(204,588,'2030-10-10',612.78,192),
	(205,588,'2030-11-10',609.63,193),
	(206,588,'2030-12-10',606.48,194),
	(207,588,'2031-01-10',603.33,195),
	(208,588,'2031-02-10',600.18,196),
	(209,588,'2031-03-10',597.03,197),
	(210,588,'2031-04-10',593.88,198),
	(211,588,'2031-05-10',590.74,199),
	(212,588,'2031-06-10',587.59,200),
	(213,588,'2031-07-10',584.44,201),
	(214,588,'2031-08-10',581.28,202),
	(215,588,'2031-09-10',578.13,203),
	(216,588,'2031-10-10',574.98,204),
	(217,588,'2031-11-10',571.84,205),
	(218,588,'2031-12-10',568.69,206),
	(219,588,'2032-01-10',565.54,207),
	(220,588,'2032-02-10',562.39,208),
	(221,588,'2032-03-10',559.24,209),
	(222,588,'2032-04-10',556.09,210),
	(223,588,'2032-05-10',552.94,211),
	(224,588,'2032-06-10',549.80,212),
	(225,588,'2032-07-10',546.65,213),
	(226,588,'2032-08-10',543.50,214),
	(227,588,'2032-09-10',540.34,215),
	(228,588,'2032-10-10',537.19,216),
	(229,588,'2032-11-10',534.04,217),
	(230,588,'2032-12-10',530.90,218),
	(231,588,'2033-01-10',527.75,219),
	(232,588,'2033-02-10',524.60,220),
	(233,588,'2033-03-10',521.45,221),
	(234,588,'2033-04-10',518.30,222),
	(235,588,'2033-05-10',515.15,223),
	(236,588,'2033-06-10',512.00,224),
	(237,588,'2033-07-10',508.86,225),
	(238,588,'2033-08-10',505.71,226),
	(239,588,'2033-09-10',502.56,227),
	(240,588,'2033-10-10',499.40,228),
	(241,588,'2033-11-10',496.25,229),
	(242,588,'2033-12-10',493.10,230),
	(243,588,'2034-01-10',489.96,231),
	(244,588,'2034-02-10',486.81,232),
	(245,588,'2034-03-10',483.66,233),
	(246,588,'2034-04-10',480.51,234),
	(247,588,'2034-05-10',477.36,235),
	(248,588,'2034-06-10',474.21,236),
	(249,588,'2034-07-10',471.06,237),
	(250,588,'2034-08-10',467.92,238),
	(251,588,'2034-09-10',464.77,239),
	(252,588,'2034-10-10',461.62,240),
	(253,598,'2015-05-10',153.92,1),
	(254,603,'2015-05-10',462.55,1),
	(255,603,'2015-06-10',462.55,2),
	(256,603,'2015-07-10',462.55,3),
	(257,603,'2015-08-10',462.55,4),
	(258,604,'2015-04-05',561.00,2),
	(259,604,'2015-05-05',561.00,3),
	(260,604,'2015-06-05',561.00,4),
	(261,604,'2015-07-05',561.00,5),
	(262,604,'2015-08-05',561.00,6),
	(263,604,'2015-09-05',561.00,7),
	(264,604,'2015-10-05',561.00,8),
	(265,604,'2015-11-05',561.00,9),
	(266,604,'2015-12-05',561.00,10),
	(267,604,'2016-01-05',561.00,11),
	(268,604,'2016-02-05',561.00,12),
	(269,604,'2016-03-05',561.00,13),
	(270,604,'2016-04-05',561.00,14),
	(271,604,'2016-05-05',561.00,15),
	(272,604,'2016-06-05',561.00,16),
	(273,604,'2016-07-05',561.00,17),
	(274,604,'2016-08-05',561.00,18),
	(275,604,'2016-09-05',561.00,19),
	(276,604,'2016-10-05',561.00,20),
	(277,604,'2016-11-05',561.00,21),
	(278,604,'2016-12-05',561.00,22),
	(279,604,'2017-01-05',561.00,23),
	(280,604,'2017-02-05',561.00,24),
	(281,604,'2017-03-05',561.00,25),
	(282,604,'2017-04-05',561.00,26),
	(283,604,'2017-05-05',561.00,27),
	(284,604,'2017-06-05',561.00,28),
	(285,604,'2017-07-05',561.00,29),
	(286,604,'2017-08-05',561.00,30),
	(287,604,'2017-09-05',561.00,31),
	(288,604,'2017-10-05',561.00,32),
	(289,604,'2017-11-05',561.00,33),
	(290,604,'2017-12-05',561.00,34),
	(291,604,'2018-01-05',561.00,35),
	(292,604,'2018-02-05',561.00,36),
	(293,604,'2018-03-05',561.00,37),
	(294,604,'2018-04-05',561.00,38),
	(295,604,'2018-05-05',561.00,39),
	(296,604,'2018-06-05',561.00,40),
	(297,604,'2018-07-05',561.00,41),
	(298,604,'2018-08-05',561.00,42),
	(299,604,'2018-09-05',561.00,43),
	(300,604,'2018-10-05',561.00,44),
	(301,604,'2018-11-05',561.00,45),
	(302,604,'2018-12-05',561.00,46),
	(303,604,'2019-01-05',561.00,47),
	(304,604,'2019-02-05',561.00,48),
	(305,604,'2015-03-05',561.00,1),
	(306,605,'2015-04-05',643.00,1),
	(307,605,'2015-05-05',643.00,2),
	(308,605,'2015-06-05',643.00,3),
	(309,605,'2015-07-05',643.00,4),
	(310,605,'2015-08-05',643.00,5),
	(311,605,'2015-09-05',643.00,6),
	(312,605,'2015-10-05',643.00,7),
	(313,605,'2015-11-05',643.00,8),
	(314,605,'2015-12-05',643.00,9),
	(315,605,'2016-01-05',643.00,10),
	(316,605,'2016-02-05',643.00,11),
	(317,605,'2016-03-05',643.00,12),
	(318,605,'2016-04-05',643.00,13),
	(319,605,'2016-05-05',643.00,14),
	(320,605,'2016-06-05',643.00,15),
	(321,605,'2016-07-05',643.00,16),
	(322,605,'2016-08-05',643.00,17),
	(323,605,'2016-09-05',643.00,18),
	(324,605,'2016-10-05',643.00,19),
	(325,605,'2016-11-05',643.00,20),
	(326,605,'2016-12-05',643.00,21),
	(327,605,'2017-01-05',643.00,22),
	(328,605,'2017-02-05',643.00,23),
	(329,605,'2017-03-05',643.00,24),
	(330,605,'2017-04-05',643.00,25),
	(331,605,'2017-05-05',643.00,26),
	(332,605,'2017-06-05',643.00,27),
	(333,605,'2017-07-05',643.00,28),
	(334,605,'2017-08-05',643.00,29),
	(335,605,'2017-09-05',643.00,30),
	(336,605,'2017-10-05',643.00,31),
	(337,605,'2017-11-05',643.00,32),
	(338,605,'2017-12-05',643.00,33),
	(339,605,'2018-01-05',643.00,34),
	(340,605,'2018-02-05',643.00,35),
	(341,605,'2018-03-05',643.00,36),
	(342,605,'2018-04-05',643.00,37),
	(343,605,'2018-05-05',643.00,38),
	(344,605,'2018-06-05',643.00,39),
	(345,605,'2018-07-05',643.00,40),
	(346,605,'2018-08-05',643.00,41),
	(347,605,'2018-09-05',643.00,42),
	(348,605,'2018-10-05',643.00,43),
	(349,605,'2018-11-05',643.00,44),
	(350,605,'2018-12-05',643.00,45),
	(351,605,'2019-01-05',643.00,46),
	(352,605,'2019-02-05',643.00,47),
	(353,605,'2019-03-05',643.00,48),
	(354,605,'2019-04-05',643.00,49),
	(355,605,'2019-05-05',643.00,50),
	(356,605,'2019-06-05',643.00,51),
	(357,605,'2019-07-05',643.00,52),
	(358,605,'2019-08-05',643.00,53),
	(359,605,'2019-09-05',643.00,54),
	(360,605,'2019-10-05',643.00,55),
	(361,605,'2019-11-05',643.00,56),
	(362,605,'2019-12-05',643.00,57),
	(363,605,'2020-01-05',643.00,58),
	(364,605,'2020-02-05',643.00,59),
	(365,605,'2020-03-05',643.00,60),
	(366,608,'2015-05-10',89.54,1),
	(367,609,'2015-05-10',145.80,1),
	(368,610,'2015-05-10',56.90,1),
	(369,611,'2015-05-10',74.00,1),
	(370,613,'2015-05-10',23.46,1),
	(371,625,'2015-05-10',26.50,1),
	(372,626,'2015-05-10',7.00,1),
	(373,627,'2015-05-10',42.00,1),
	(374,628,'2015-05-10',39.50,1),
	(375,629,'2015-05-10',4.52,1),
	(376,630,'2015-05-10',14.30,1),
	(377,631,'2015-05-10',17.90,1),
	(378,634,'2015-05-10',164.50,1),
	(379,634,'2015-06-10',164.50,2),
	(380,641,'2015-05-10',182.74,1),
	(381,642,'2015-05-10',219.60,1),
	(382,647,'2015-05-10',38.27,1),
	(383,651,'2015-06-10',147.75,1),
	(384,653,'2015-06-10',50.00,1),
	(385,654,'2015-06-10',194.00,1),
	(386,655,'2015-06-10',54.00,1),
	(387,656,'2015-06-10',4.95,1),
	(388,665,'2015-06-10',77.00,1),
	(389,666,'2015-06-10',354.70,1),
	(390,668,'2015-06-10',145.85,1),
	(391,673,'2015-06-10',89.58,1),
	(392,674,'2015-06-10',11.08,1),
	(393,675,'2015-06-10',42.43,1),
	(394,1482,'2015-03-10',214.25,1),
	(395,1483,'2015-03-10',25.10,1),
	(396,1447,'2015-03-10',262.85,1),
	(397,1448,'2015-03-10',79.00,1),
	(398,1484,'2015-03-10',139.66,1),
	(399,1449,'2015-03-10',77.98,1),
	(400,1450,'2015-04-10',337.82,1),
	(401,1451,'2015-04-10',79.08,1),
	(402,1452,'2015-04-10',141.89,1),
	(403,1485,'2015-04-10',90.33,1),
	(404,1486,'2015-04-10',32.75,1),
	(405,1453,'2015-04-10',139.31,1),
	(406,1454,'2015-05-10',153.92,1),
	(407,1487,'2015-05-10',462.55,1),
	(408,1487,'2015-06-10',462.55,2),
	(409,1487,'2015-07-10',462.55,3),
	(410,1487,'2015-08-10',462.55,4),
	(411,1455,'2015-05-10',89.54,1),
	(412,1456,'2015-05-10',145.80,1),
	(413,1457,'2015-05-10',56.90,1),
	(414,1458,'2015-05-10',74.00,1),
	(415,1459,'2015-05-10',23.46,1),
	(416,1460,'2015-05-10',26.50,1),
	(417,1461,'2015-05-10',7.00,1),
	(418,1462,'2015-05-10',42.00,1),
	(419,1463,'2015-05-10',39.50,1),
	(420,1464,'2015-05-10',4.52,1),
	(421,1465,'2015-05-10',14.30,1),
	(422,1466,'2015-05-10',17.90,1),
	(423,1467,'2015-05-10',164.50,1),
	(424,1467,'2015-06-10',164.50,2),
	(425,1468,'2015-05-10',182.74,1),
	(426,1469,'2015-05-10',219.60,1),
	(427,1470,'2015-05-10',38.27,1),
	(428,1471,'2015-06-10',147.75,1),
	(429,1472,'2015-06-10',50.00,1),
	(430,1473,'2015-06-10',194.00,1),
	(431,1474,'2015-06-10',54.00,1),
	(432,1475,'2015-06-10',4.95,1),
	(433,1476,'2015-06-10',77.00,1),
	(434,1477,'2015-06-10',354.70,1),
	(435,1478,'2015-06-10',145.85,1),
	(436,1479,'2015-06-10',89.58,1),
	(437,1480,'2015-06-10',11.08,1),
	(438,1481,'2015-06-10',42.43,1),
	(457,1517,'2015-07-10',70.55,1),
	(458,1522,'2015-07-10',70.55,1),
	(459,1557,'2015-07-10',56.00,1),
	(460,1558,'2015-07-10',19.53,1),
	(461,1559,'2015-07-10',51.18,1),
	(462,1562,'2015-08-10',147.19,1),
	(463,1579,'2015-08-10',177.35,1),
	(464,1579,'2015-09-10',177.35,2),
	(465,1580,'2015-08-10',116.58,1),
	(466,1582,'2015-08-10',68.01,1),
	(467,1594,'2015-08-10',34.50,1),
	(468,1595,'2015-09-10',61.58,1),
	(469,1596,'2015-09-10',63.11,1),
	(470,1597,'2015-09-10',136.47,1),
	(471,1598,'2015-09-10',25.00,1),
	(472,1599,'2015-09-10',29.65,1),
	(473,1600,'2015-09-10',23.14,1),
	(474,1601,'2015-09-10',141.10,1),
	(475,1602,'2015-09-10',79.99,1),
	(476,1603,'2015-09-10',74.45,1),
	(477,1604,'2015-09-10',99.99,1),
	(478,1613,'2015-09-10',39.49,1),
	(479,1614,'2015-09-10',36.17,1),
	(480,1615,'2015-09-10',1192.20,1),
	(481,1622,'2015-09-10',30.00,1),
	(482,1641,'2015-08-28',19.00,1),
	(483,1642,'2015-08-28',28.25,1),
	(484,1643,'2015-08-28',74.26,1),
	(485,1644,'2015-08-30',199.78,1),
	(486,1645,'2015-10-10',143.95,1),
	(487,1658,'2015-10-10',1195.44,1),
	(488,1665,'2015-10-10',213.25,1),
	(489,1665,'2015-11-10',213.25,2),
	(490,1665,'2015-12-10',213.25,3),
	(491,1665,'2016-01-10',213.25,4),
	(492,1682,'2015-10-10',177.35,1),
	(493,1682,'2015-11-10',177.35,2),
	(494,1690,'2015-10-10',28.91,1),
	(495,1693,'2015-10-10',2010.00,1),
	(496,1701,'2015-11-10',41.00,1),
	(497,1702,'2015-11-10',52.72,1),
	(498,1703,'2015-11-10',15.00,1),
	(499,1704,'2015-11-10',83.45,1),
	(500,1705,'2015-11-10',15.45,1),
	(501,1717,'2015-11-10',128.50,1),
	(502,1717,'2015-12-10',128.50,2),
	(503,1717,'2016-01-10',128.50,3),
	(504,1717,'2016-02-10',128.50,4),
	(505,1717,'2016-03-10',128.50,5),
	(506,1717,'2016-04-10',128.50,6),
	(507,1717,'2016-05-10',128.50,7),
	(508,1717,'2016-06-10',128.50,8),
	(509,1717,'2016-07-10',128.50,9),
	(510,1717,'2016-08-10',128.50,10),
	(511,1717,'2016-09-10',128.50,11),
	(512,1717,'2016-10-10',128.50,12),
	(513,1749,'2015-11-10',330.00,1),
	(514,1749,'2015-12-10',330.00,2),
	(515,1749,'2016-01-10',330.00,3),
	(516,1749,'2016-02-10',330.00,4),
	(517,1749,'2016-03-10',330.00,5),
	(518,1749,'2016-04-10',330.00,6),
	(519,1755,'2015-11-10',1200.78,1),
	(520,1793,'2015-12-10',156.55,1),
	(521,1798,'2015-12-10',338.71,1),
	(522,1800,'2015-12-10',136.52,1),
	(523,1806,'2016-01-10',1827.43,1),
	(524,1807,'2016-01-10',34.98,1),
	(525,1808,'2016-01-10',72.84,1),
	(526,1809,'2016-01-10',156.68,1),
	(527,1810,'2016-01-10',463.05,1),
	(528,1827,'2015-12-10',1198.42,1),
	(529,1829,'2016-01-10',375.42,1),
	(530,1842,'2016-01-10',201.90,1),
	(531,1843,'2016-01-10',117.43,1),
	(532,1843,'2016-02-10',117.43,2),
	(533,1843,'2016-03-10',117.43,3),
	(534,1843,'2016-04-10',117.43,4),
	(535,1843,'2016-05-10',117.43,5),
	(536,1843,'2016-06-10',117.43,6),
	(537,1843,'2016-07-10',117.43,7),
	(538,1843,'2016-08-10',117.43,8),
	(539,1843,'2016-09-10',117.43,9),
	(540,1843,'2016-10-10',117.43,10),
	(541,1843,'2016-11-10',117.43,11),
	(542,1843,'2016-12-10',117.43,12),
	(543,1844,'2016-01-10',21.90,1),
	(544,1876,'2016-02-10',71.20,1),
	(545,1926,'2016-02-10',158.39,1),
	(546,1984,'2016-03-10',53.79,1),
	(547,1985,'2016-03-10',21.07,1),
	(548,1995,'2016-03-10',150.56,1),
	(549,2019,'2016-04-10',40.87,1),
	(550,2044,'2016-04-10',100.37,1),
	(551,2045,'2016-04-10',41.15,1),
	(552,2087,'2016-05-10',189.00,1),
	(553,2087,'2016-06-10',189.00,2),
	(554,2099,'2016-06-10',183.79,1),
	(555,2101,'2016-06-10',23.50,1),
	(556,2117,'2016-06-10',30.17,1),
	(557,2117,'2016-07-10',30.17,2),
	(558,2117,'2016-08-10',30.17,3),
	(559,2200,'2016-06-10',28.00,1),
	(560,2208,'2016-07-10',30.00,1),
	(561,2209,'2016-07-10',22.00,1),
	(562,2214,'2016-07-10',30.00,1),
	(563,2215,'2016-07-10',49.90,1),
	(564,2215,'2016-08-10',49.90,2),
	(565,2215,'2016-09-10',49.90,3),
	(566,2215,'2016-10-10',49.90,4),
	(567,2215,'2016-11-10',49.90,5),
	(568,2215,'2016-12-10',49.90,6),
	(569,2215,'2017-01-10',49.90,7),
	(570,2215,'2017-02-10',49.90,8),
	(571,2215,'2017-03-10',49.90,9),
	(572,2215,'2017-04-10',49.90,10),
	(573,2215,'2017-05-10',49.90,11),
	(574,2215,'2017-06-10',49.90,12),
	(575,2216,'2016-07-10',45.00,1),
	(576,2219,'2016-07-10',147.12,1),
	(577,2220,'2016-07-10',67.48,1),
	(578,2366,'2016-08-10',189.00,1),
	(579,2366,'2016-09-10',189.00,2),
	(580,2368,'2016-08-10',23.89,1),
	(581,2368,'2016-09-10',23.89,2),
	(582,2368,'2016-10-10',23.89,3),
	(583,2368,'2016-11-10',23.89,4),
	(584,2368,'2016-12-10',23.89,5),
	(585,2368,'2017-01-10',23.89,6),
	(586,2368,'2017-02-10',23.89,7),
	(587,2368,'2017-03-10',23.89,8),
	(588,2368,'2017-04-10',23.89,9),
	(589,2368,'2017-05-10',23.89,10),
	(590,2368,'2017-06-10',23.89,11),
	(591,2368,'2017-07-10',23.89,12),
	(592,2421,'2016-09-10',10.04,1),
	(593,2422,'2016-09-10',18.57,1),
	(594,2423,'2016-09-10',436.48,1),
	(595,2423,'2016-10-10',436.48,2),
	(596,2423,'2016-11-10',436.48,3),
	(597,2444,'2016-09-10',70.00,1),
	(598,2457,'2016-09-10',148.04,1),
	(599,2508,'2016-10-10',189.00,1),
	(600,2508,'2016-11-10',189.00,2),
	(601,2526,'2016-10-10',3.45,1),
	(602,2530,'2016-11-10',119.98,1),
	(603,2554,'2016-12-10',23.90,1),
	(604,2566,'2016-12-10',143.19,1),
	(605,2567,'2016-12-10',142.50,1),
	(606,2587,'2016-12-10',60.00,1),
	(607,2592,'2016-12-10',147.22,1),
	(608,2612,'2017-01-10',206.80,1),
	(609,2613,'2017-01-10',345.67,1),
	(610,2632,'2017-01-10',62.00,1),
	(611,2635,'2017-01-10',169.80,1),
	(612,2652,'2016-12-18',1132.43,1),
	(613,2652,'2017-01-18',1132.43,2),
	(614,2652,'2017-02-18',1132.43,3),
	(615,2652,'2017-03-18',1132.43,4),
	(616,2652,'2017-04-18',1132.43,5),
	(617,2652,'2017-05-18',1132.43,6),
	(618,2652,'2017-06-18',1132.43,7),
	(619,2652,'2017-07-18',1132.43,8),
	(620,2652,'2017-08-18',1132.43,9),
	(621,2652,'2017-09-18',1132.43,10),
	(622,2652,'2017-10-18',1132.43,11),
	(623,2652,'2017-11-18',1132.43,12),
	(624,2652,'2017-12-18',1132.43,13),
	(625,2652,'2018-01-18',1132.43,14),
	(626,2652,'2018-02-18',1132.43,15),
	(627,2652,'2018-03-18',1132.43,16),
	(628,2652,'2018-04-18',1132.43,17),
	(629,2652,'2018-05-18',1132.43,18),
	(630,2652,'2018-06-18',1132.43,19),
	(631,2652,'2018-07-18',1132.43,20),
	(632,2652,'2018-08-18',1132.43,21),
	(633,2652,'2018-09-18',1132.43,22),
	(634,2652,'2018-10-18',1132.43,23),
	(635,2652,'2018-11-18',1132.43,24),
	(636,2652,'2018-12-18',1132.43,25),
	(637,2652,'2019-01-18',1132.43,26),
	(638,2652,'2019-02-18',1132.43,27),
	(639,2652,'2019-03-18',1132.43,28),
	(640,2652,'2019-04-18',1132.43,29),
	(641,2652,'2019-05-18',1132.43,30),
	(642,2652,'2019-06-18',1132.43,31),
	(643,2652,'2019-07-18',1132.43,32),
	(644,2652,'2019-08-18',1132.43,33),
	(645,2652,'2019-09-18',1132.43,34),
	(646,2652,'2019-10-18',1132.43,35),
	(647,2652,'2019-11-18',1132.43,36),
	(648,2652,'2019-12-18',1132.43,37),
	(649,2652,'2020-01-18',1132.43,38),
	(650,2652,'2020-02-18',1132.43,39),
	(651,2652,'2020-03-18',1132.43,40),
	(652,2652,'2020-04-18',1132.43,41),
	(653,2652,'2020-05-18',1132.43,42),
	(654,2652,'2020-06-18',1132.43,43),
	(655,2652,'2020-07-18',1132.43,44),
	(656,2652,'2020-08-18',1132.43,45),
	(657,2652,'2020-09-18',1132.43,46),
	(658,2652,'2020-10-18',1132.43,47),
	(659,2652,'2020-11-18',1132.43,48),
	(660,2652,'2020-12-18',1132.43,49),
	(661,2652,'2021-01-18',1132.43,50),
	(662,2652,'2021-02-18',1132.43,51),
	(663,2652,'2021-03-18',1132.43,52),
	(664,2652,'2021-04-18',1132.43,53),
	(665,2652,'2021-05-18',1132.43,54),
	(666,2652,'2021-06-18',1132.43,55),
	(667,2652,'2021-07-18',1132.43,56),
	(668,2652,'2021-08-18',1132.43,57),
	(669,2652,'2021-09-18',1132.43,58),
	(670,2652,'2021-10-18',1132.43,59),
	(671,2652,'2021-11-18',1132.43,60),
	(672,2676,'2017-01-10',33.68,1),
	(673,2686,'2017-01-10',26.95,1),
	(674,2738,'2017-02-10',109.70,1),
	(675,2739,'2017-02-10',105.41,1),
	(676,2740,'2017-02-10',25.59,1),
	(677,2754,'2017-02-10',120.90,1),
	(678,2791,'2017-03-10',15.59,1),
	(679,2806,'2017-03-10',185.65,1),
	(680,2815,'2017-03-10',199.80,1),
	(681,2816,'2017-03-10',204.39,1),
	(682,2817,'2017-03-10',23.15,1),
	(683,2818,'2017-03-10',29.90,1),
	(684,2819,'2017-04-10',173.26,1),
	(685,2823,'2017-02-24',24.90,1),
	(686,2824,'2017-02-24',24.90,1),
	(687,2826,'2017-04-10',95.59,1),
	(688,2826,'2017-05-10',95.59,2),
	(689,2842,'2017-04-10',15.56,1),
	(690,2843,'2017-04-10',22.39,1),
	(691,2848,'2017-04-10',155.67,1),
	(692,2853,'2017-04-10',313.07,1),
	(693,2856,'2017-04-10',54.10,1),
	(694,2857,'2017-04-10',125.42,1),
	(695,2870,'2017-04-10',62.43,1),
	(696,2872,'2017-05-10',10534.90,1),
	(697,2875,'2017-05-10',20.80,1),
	(698,2876,'2017-05-10',5.98,1),
	(699,2881,'2017-05-10',28.15,1),
	(700,2882,'2017-05-10',32.90,1),
	(701,2883,'2017-05-10',75.80,1),
	(702,2884,'2017-05-10',40.00,1),
	(703,2886,'2017-05-10',35.89,1),
	(704,2889,'2017-05-10',202.90,1),
	(705,2891,'2017-05-10',188.70,1),
	(706,2910,'2017-05-10',143.90,1),
	(707,2917,'2017-05-10',21.11,1),
	(708,2921,'2017-05-10',235.42,1),
	(709,2934,'2017-05-10',191.57,1),
	(710,2934,'2017-06-10',191.57,2),
	(711,2935,'2017-05-10',120.42,1),
	(712,2936,'2017-05-10',64.90,1),
	(713,2937,'2017-05-10',31.20,1),
	(714,2937,'2017-06-10',31.20,2),
	(715,2937,'2017-07-10',31.20,3),
	(716,2937,'2017-08-10',31.20,4),
	(717,2937,'2017-09-10',31.20,5),
	(718,2937,'2017-10-10',31.20,6),
	(719,2937,'2017-11-10',31.20,7),
	(720,2937,'2017-12-10',31.20,8),
	(721,2937,'2018-01-10',31.20,9),
	(722,2937,'2018-02-10',31.20,10),
	(723,2937,'2018-03-10',31.20,11),
	(724,2937,'2018-04-10',31.20,12),
	(725,2938,'2017-05-10',164.01,1),
	(726,2942,'2017-05-10',169.45,1),
	(727,2943,'2017-05-10',149.70,1),
	(728,2945,'2017-05-10',25.00,1),
	(729,2946,'2017-05-10',65.00,1),
	(730,2947,'2017-05-10',50.98,1),
	(731,2948,'2017-06-10',125.65,1),
	(732,2948,'2017-07-10',125.65,2),
	(733,2948,'2017-08-10',125.65,3),
	(734,2948,'2017-09-10',125.65,4),
	(735,2948,'2017-10-10',125.65,5),
	(736,2948,'2017-11-10',125.65,6),
	(737,2948,'2017-12-10',125.65,7),
	(738,2948,'2018-01-10',125.65,8),
	(739,2948,'2018-02-10',125.65,9),
	(740,2948,'2018-03-10',125.65,10),
	(741,2948,'2018-04-10',125.65,11),
	(742,2948,'2018-05-10',125.65,12),
	(743,2983,'2017-06-10',93.68,1),
	(744,2984,'2017-06-10',260.00,1),
	(745,2987,'2017-06-10',150.57,1),
	(746,2988,'2017-06-10',167.07,1),
	(747,2989,'2017-06-10',158.19,1),
	(748,2996,'2017-06-10',36.00,1),
	(749,2997,'2017-06-10',10.00,1),
	(750,2998,'2017-06-10',52.97,1),
	(751,2999,'2017-06-10',42.73,1),
	(752,3000,'2017-06-10',39.90,1),
	(753,3001,'2017-06-10',30.91,1),
	(754,3002,'2017-06-10',21.72,1),
	(755,3003,'2017-06-10',230.00,1),
	(756,3004,'2017-06-10',53.00,1),
	(757,3005,'2017-07-10',155.51,1),
	(758,3021,'2017-07-10',22.50,1),
	(759,3022,'2017-07-10',30.00,1),
	(760,3023,'2017-07-10',121.00,1),
	(761,3024,'2017-07-10',203.94,1),
	(762,3025,'2017-07-10',97.80,1),
	(763,3026,'2017-07-10',38.44,1),
	(764,3027,'2017-07-10',20.99,1),
	(765,3027,'2017-08-10',20.99,2),
	(766,3027,'2017-09-10',20.99,3),
	(767,3027,'2017-10-10',20.99,4),
	(768,3027,'2017-11-10',20.99,5),
	(769,3027,'2017-12-10',20.99,6),
	(770,3027,'2018-01-10',20.99,7),
	(771,3027,'2018-02-10',20.99,8),
	(772,3027,'2018-03-10',20.99,9),
	(773,3027,'2018-04-10',20.99,10),
	(774,3027,'2018-05-10',20.99,11),
	(775,3027,'2018-06-10',20.99,12),
	(776,3030,'2017-07-10',179.83,1),
	(777,3031,'2017-07-10',137.93,1),
	(778,3046,'2017-07-10',94.50,1),
	(779,3047,'2017-07-10',399.00,1),
	(780,3048,'2017-07-10',38.80,1),
	(781,3049,'2017-07-10',14.00,1),
	(782,3062,'2017-08-09',1167.52,1),
	(783,3062,'2017-09-09',1167.52,2),
	(784,3062,'2017-10-09',1167.52,3),
	(785,3062,'2017-11-09',1167.52,4),
	(786,3062,'2017-12-09',1167.52,5),
	(787,3062,'2018-01-09',1167.52,6),
	(788,3062,'2018-02-09',1167.52,7),
	(789,3062,'2018-03-09',1167.52,8),
	(790,3062,'2018-04-09',1167.52,9),
	(791,3062,'2018-05-09',1167.52,10),
	(792,3062,'2018-06-09',1167.52,11),
	(793,3062,'2018-07-09',1167.52,12),
	(794,3062,'2018-08-09',1167.52,13),
	(795,3062,'2018-09-09',1167.52,14),
	(796,3062,'2018-10-09',1167.52,15),
	(797,3062,'2018-11-09',1167.52,16),
	(798,3062,'2018-12-09',1167.52,17),
	(799,3062,'2019-01-09',1167.52,18),
	(800,3062,'2019-02-09',1167.52,19),
	(801,3062,'2019-03-09',1167.52,20),
	(802,3062,'2019-04-09',1167.52,21),
	(803,3062,'2019-05-09',1167.52,22),
	(804,3062,'2019-06-09',1167.52,23),
	(805,3062,'2019-07-09',1167.52,24),
	(806,3062,'2019-08-09',1167.52,25),
	(807,3062,'2019-09-09',1167.52,26),
	(808,3062,'2019-10-09',1167.52,27),
	(809,3062,'2019-11-09',1167.52,28),
	(810,3062,'2019-12-09',1167.52,29),
	(811,3062,'2020-01-09',1167.52,30),
	(812,3062,'2020-02-09',1167.52,31),
	(813,3062,'2020-03-09',1167.52,32),
	(814,3062,'2020-04-09',1167.52,33),
	(815,3062,'2020-05-09',1167.52,34),
	(816,3062,'2020-06-09',1167.52,35),
	(817,3062,'2020-07-09',1167.52,36),
	(818,3062,'2020-08-09',1167.52,37),
	(819,3062,'2020-09-09',1167.52,38),
	(820,3062,'2020-10-09',1167.52,39),
	(821,3062,'2020-11-09',1167.52,40),
	(822,3062,'2020-12-09',1167.52,41),
	(823,3062,'2021-01-09',1167.52,42),
	(824,3062,'2021-02-09',1167.52,43),
	(825,3062,'2021-03-09',1167.52,44),
	(826,3062,'2021-04-09',1167.52,45),
	(827,3062,'2021-05-09',1167.52,46),
	(828,3062,'2021-06-09',1167.52,47),
	(829,3062,'2021-07-09',1167.52,48),
	(830,3129,'2017-09-10',187.37,1),
	(831,3148,'2017-09-10',191.57,1),
	(832,3149,'2017-09-10',102.00,1),
	(833,3150,'2017-09-10',40.00,1),
	(834,3151,'2017-09-10',96.36,1),
	(835,3153,'2017-09-10',188.33,1),
	(836,3154,'2017-09-10',237.14,1),
	(837,3155,'2017-09-10',8.96,1),
	(838,3156,'2017-09-10',110.88,1),
	(839,3157,'2017-09-10',59.90,1),
	(840,3161,'2017-09-10',29.90,1),
	(841,3162,'2017-09-10',30.75,1),
	(842,3163,'2017-09-10',82.37,1),
	(843,3164,'2017-09-10',45.00,1),
	(844,3168,'2017-10-10',189.31,1),
	(845,3174,'2017-08-27',23.04,1),
	(846,3178,'2017-08-30',99.90,1),
	(847,3179,'2017-08-30',393.74,1),
	(848,3180,'2017-10-10',490.04,1),
	(849,3181,'2017-10-10',38.00,1),
	(850,3185,'2017-10-10',187.53,1),
	(851,3195,'2017-10-10',120.00,1),
	(852,3196,'2017-10-10',311.80,1),
	(853,3197,'2017-10-10',1157.30,1),
	(854,3198,'2017-10-10',199.75,1),
	(855,3207,'2017-10-10',85.80,1),
	(856,3208,'2017-10-10',163.70,1),
	(857,3209,'2017-10-10',170.00,1),
	(858,3210,'2017-10-10',46.70,1),
	(859,3211,'2017-10-10',52.00,1),
	(860,3263,'2017-11-10',3.90,1),
	(861,3264,'2017-11-10',103.87,1),
	(862,3265,'2017-11-10',63.75,1),
	(863,3266,'2017-11-10',106.20,1),
	(864,3266,'2017-12-10',106.20,2),
	(865,3266,'2018-01-10',106.20,3),
	(866,3266,'2018-02-10',106.20,4),
	(867,3267,'2017-11-10',80.50,1),
	(868,3302,'2017-12-03',39.00,1),
	(869,3377,'2018-02-10',99.99,1),
	(870,3378,'2018-02-10',530.00,1),
	(871,3378,'2018-03-10',530.00,2),
	(872,3378,'2018-04-10',530.00,3),
	(873,3378,'2018-05-10',530.00,4),
	(874,3378,'2018-06-10',530.00,5),
	(875,3378,'2018-07-10',530.00,6),
	(876,3378,'2018-08-10',530.00,7),
	(877,3378,'2018-09-10',530.00,8),
	(878,3378,'2018-10-10',530.00,9),
	(879,3378,'2018-11-10',530.00,10),
	(880,3380,'2018-02-03',34.99,1),
	(881,3382,'2018-02-03',191.57,1),
	(882,3382,'2018-03-03',191.57,2),
	(883,3383,'2018-02-03',34.99,1),
	(884,3385,'2018-03-03',224.92,1),
	(885,3415,'2018-03-03',223.10,1),
	(886,3421,'2018-03-03',25.14,1),
	(887,3422,'2018-03-03',73.00,1),
	(888,3423,'2018-03-03',36.00,1),
	(889,3424,'2018-03-03',50.00,1),
	(890,3425,'2018-03-03',46.00,1),
	(891,3426,'2018-03-03',18.71,1),
	(892,3427,'2018-03-03',44.00,1),
	(893,3450,'2018-04-03',211.47,1),
	(894,3459,'2018-04-03',116.00,1),
	(895,3460,'2018-04-03',70.00,1),
	(896,3461,'2018-04-03',76.90,1),
	(897,3462,'2018-04-03',69.32,1),
	(898,3463,'2018-05-03',191.57,1),
	(899,3463,'2018-06-03',191.57,2),
	(900,3465,'2018-05-03',16.00,1),
	(901,3488,'2018-05-03',226.88,1),
	(902,3490,'2018-05-03',211.80,1),
	(903,3507,'2018-05-03',92.50,1),
	(904,3508,'2018-05-03',38.90,1),
	(905,3511,'2018-05-03',48.40,1),
	(906,3515,'2018-06-03',195.58,1),
	(907,3545,'2018-06-03',200.51,1),
	(908,3547,'2018-06-03',374.30,1),
	(909,3548,'2018-06-03',207.39,1),
	(910,3553,'2018-06-03',215.04,1),
	(911,3555,'2018-06-03',220.77,1),
	(912,3601,'2018-07-10',189.00,1),
	(913,3610,'2018-07-03',138.15,1),
	(914,3611,'2018-07-03',85.00,1),
	(915,3612,'2018-07-03',51.19,1),
	(916,3613,'2018-07-03',44.91,1),
	(917,3614,'2018-07-03',59.77,1),
	(918,3615,'2018-07-03',56.00,1),
	(919,3616,'2018-08-10',189.14,1),
	(920,3630,'2018-08-10',546464.68,1),
	(921,3632,'2018-08-03',119.82,1),
	(922,3633,'2018-09-03',96.90,1),
	(923,3634,'2018-06-26',22.84,1),
	(924,3634,'2018-07-26',22.84,2),
	(925,3634,'2018-08-26',22.84,3),
	(926,3634,'2018-09-26',22.84,4),
	(927,3634,'2018-10-26',22.84,5),
	(928,3634,'2018-11-26',22.84,6),
	(929,3634,'2018-12-26',22.84,7),
	(930,3634,'2019-01-26',22.84,8),
	(931,3634,'2019-02-26',22.84,9),
	(932,3634,'2019-03-26',22.84,10),
	(933,3634,'2019-04-26',22.84,11),
	(934,3634,'2019-05-26',22.84,12),
	(935,3637,'2018-08-10',224.50,1),
	(936,3637,'2018-09-10',224.50,2),
	(937,3637,'2018-10-10',224.50,3),
	(938,3637,'2018-11-10',224.50,4),
	(939,3637,'2018-12-10',224.50,5),
	(940,3637,'2019-01-10',224.50,6),
	(941,3637,'2019-02-10',224.50,7),
	(942,3637,'2019-03-10',224.50,8),
	(943,3642,'2018-08-03',96.90,1),
	(944,3643,'2018-06-23',125.60,1),
	(945,3644,'2018-08-03',31.37,1),
	(946,3645,'2018-08-03',215.83,1),
	(947,3652,'2018-09-03',55.00,1),
	(948,3653,'2018-08-10',122.31,1),
	(949,3671,'2018-09-03',181.09,1),
	(950,3672,'2018-09-03',223.00,1),
	(951,3673,'2018-09-03',187.66,1);

/*!40000 ALTER TABLE `PARCELA` ENABLE KEYS */;
UNLOCK TABLES;


# Dump da tabela PERFIL
# ------------------------------------------------------------

DROP TABLE IF EXISTS `PERFIL`;

CREATE TABLE `PERFIL` (
  `COD_PERFIL` bigint(11) NOT NULL AUTO_INCREMENT,
  `NOM_PERFIL` varchar(100) NOT NULL,
  PRIMARY KEY (`COD_PERFIL`)
) ENGINE=InnoDB DEFAULT CHARSET=latin1;

LOCK TABLES `PERFIL` WRITE;
/*!40000 ALTER TABLE `PERFIL` DISABLE KEYS */;

INSERT INTO `PERFIL` (`COD_PERFIL`, `NOM_PERFIL`)
VALUES
	(1,'ROLE_ADMIN'),
	(2,'ROLE_USER');

/*!40000 ALTER TABLE `PERFIL` ENABLE KEYS */;
UNLOCK TABLES;


# Dump da tabela PERIODO
# ------------------------------------------------------------

DROP TABLE IF EXISTS `PERIODO`;

CREATE TABLE `PERIODO` (
  `NUM_PERIODO` int(11) NOT NULL,
  `NOM_PERIODO` varchar(100) NOT NULL,
  PRIMARY KEY (`NUM_PERIODO`)
) ENGINE=InnoDB DEFAULT CHARSET=latin1;

LOCK TABLES `PERIODO` WRITE;
/*!40000 ALTER TABLE `PERIODO` DISABLE KEYS */;

INSERT INTO `PERIODO` (`NUM_PERIODO`, `NOM_PERIODO`)
VALUES
	(1,'Mensal'),
	(2,'Bimestral'),
	(3,'Trimestral'),
	(6,'Semestral'),
	(12,'Anual');

/*!40000 ALTER TABLE `PERIODO` ENABLE KEYS */;
UNLOCK TABLES;


# Dump da tabela SERVICO
# ------------------------------------------------------------

DROP TABLE IF EXISTS `SERVICO`;

CREATE TABLE `SERVICO` (
  `COD_SERVICO` int(11) NOT NULL,
  `COD_SERVICO_PAI` int(11) DEFAULT NULL,
  `NOM_SERVICO` varchar(50) NOT NULL,
  `URL_PATH` varchar(50) NOT NULL,
  `IND_STATUS` tinyint(1) NOT NULL,
  PRIMARY KEY (`COD_SERVICO`)
) ENGINE=InnoDB DEFAULT CHARSET=latin1;

LOCK TABLES `SERVICO` WRITE;
/*!40000 ALTER TABLE `SERVICO` DISABLE KEYS */;

INSERT INTO `SERVICO` (`COD_SERVICO`, `COD_SERVICO_PAI`, `NOM_SERVICO`, `URL_PATH`, `IND_STATUS`)
VALUES
	(1,NULL,'DashBoardService','/rest/dashBoard',1),
	(2,NULL,'AgendamentoService','/rest/agendamentos',1),
	(3,NULL,'ParcelaService','/rest/parcelas',1),
	(4,NULL,'LancamentoService','/rest/lancamentos',1),
	(5,NULL,'CartoesCreditoService','/rest/cartoesDeCredito',1),
	(6,NULL,'TagsService','/rest/tags',1),
	(7,NULL,'ParametrosService','/rest/parametros',1),
	(8,NULL,'UsuarioService','/rest/usuarios',1),
	(9,NULL,'RelatorioService','/rest/relatorio',1),
	(10,NULL,'PortalService','/rest/portal',1);

/*!40000 ALTER TABLE `SERVICO` ENABLE KEYS */;
UNLOCK TABLES;


# Dump da tabela sgp.Area
# ------------------------------------------------------------

DROP TABLE IF EXISTS `sgp.Area`;

CREATE TABLE `sgp.Area` (
  `CodArea` smallint(6) NOT NULL,
  `DesArea` varchar(100) NOT NULL,
  PRIMARY KEY (`CodArea`)
) ENGINE=InnoDB DEFAULT CHARSET=latin1;



# Dump da tabela TAG
# ------------------------------------------------------------

DROP TABLE IF EXISTS `TAG`;

CREATE TABLE `TAG` (
  `COD_TAG` bigint(11) NOT NULL AUTO_INCREMENT,
  `COD_USUARIO` bigint(11) NOT NULL COMMENT 'Identificador do Usu√°rio.',
  `NOM_TAG` varchar(150) NOT NULL,
  `DES_TAG` text,
  `DAT_CADASTRO` timestamp NOT NULL DEFAULT CURRENT_TIMESTAMP,
  PRIMARY KEY (`COD_TAG`),
  KEY `COD_USUARIO` (`COD_USUARIO`),
  CONSTRAINT `TAG_FK_1` FOREIGN KEY (`COD_USUARIO`) REFERENCES `USUARIO` (`COD_USUARIO`)
) ENGINE=InnoDB DEFAULT CHARSET=latin1;

LOCK TABLES `TAG` WRITE;
/*!40000 ALTER TABLE `TAG` DISABLE KEYS */;

INSERT INTO `TAG` (`COD_TAG`, `COD_USUARIO`, `NOM_TAG`, `DES_TAG`, `DAT_CADASTRO`)
VALUES
	(5,1,'Miguel','meu filho Miguel Fernandes Maruno','2015-01-27 11:00:48'),
	(6,1,'M√£e','Valdelira vit√≥ria maruno','2015-01-27 11:02:15'),
	(7,1,'G√™meos','G√™meos','2015-01-30 18:36:40'),
	(8,1,'Silvia','Silvia Roberta Maruno','2015-02-02 11:41:39'),
	(9,1,'Lilian','Lilian Vit√≥ria Maruno','2015-02-02 11:42:03'),
	(10,1,'Namorada','Namorada','2015-02-10 08:49:00'),
	(11,724,'Simone Schneider','Top das Contas','2015-02-19 15:54:32'),
	(12,724,'Carlos Eduardo N√≥brega Schneider','Meu filho','2015-02-19 15:55:04'),
	(13,724,'Dona Maria','Minha M√£e','2015-02-19 16:02:24'),
	(14,3,'Miguel','meu filho Miguel Fernandes Maruno','2015-01-27 11:00:48'),
	(15,3,'M√£e','Valdelira vit√≥ria maruno','2015-01-27 11:02:15'),
	(16,3,'G√™meos','G√™meos','2015-01-30 18:36:40'),
	(17,3,'Silvia','Silvia Roberta Maruno','2015-02-02 11:41:39'),
	(18,3,'Lilian','Lilian Vit√≥ria Maruno','2015-02-02 11:42:03'),
	(19,3,'Namorada','Namorada','2015-02-10 08:49:00'),
	(20,729,'Ryan',NULL,'2016-01-11 19:03:21'),
	(21,729,'Lara Gois',NULL,'2016-01-11 19:07:45'),
	(22,729,'casa','feira','2016-01-12 13:39:08'),
	(23,729,'carro','Mensalidade','2016-01-12 13:40:25'),
	(24,729,'Credito de Celular','tim','2016-01-12 13:41:52'),
	(25,729,'Van escolar','Ryan e Lara','2016-01-12 13:43:22'),
	(26,729,'carro','combustivel','2016-01-12 13:45:23'),
	(27,729,'Lanche','ap√≥s culto','2016-01-12 14:59:54'),
	(28,729,'Cr√©dito de celular','Ryan','2016-01-12 15:00:32'),
	(29,729,'Cr√©dito','Assun√ß√£o','2016-01-12 15:00:53'),
	(30,729,'Assun√ß√£o','mensalidade','2016-01-12 15:01:23'),
	(31,729,'Ryan','Mensalidade','2016-01-12 15:01:53'),
	(32,729,'Ryan','Roupa','2016-01-12 15:02:25'),
	(33,729,'Lara','Roupa','2016-01-12 15:02:44'),
	(34,729,'Rebeca','Roupa','2016-01-12 15:03:17'),
	(35,729,'Assun√ß√£o','Roupa','2016-01-12 15:03:36'),
	(37,729,'Edicleuber','Roupa','2016-01-12 15:06:51'),
	(38,729,'Carne','Mensal','2016-01-12 15:07:52'),
	(39,729,'Condom√≠nio','Mensalidade','2016-01-12 15:08:31'),
	(40,729,'Ceb','Mensalidade','2016-01-12 15:08:49'),
	(41,729,'Edicleuber','Faculdade','2016-01-13 08:31:43'),
	(42,729,'Cafe da manha e tarde','lanche','2016-01-13 08:33:04'),
	(43,729,'Casa','taxa condominial','2016-01-13 08:33:43'),
	(44,729,'Assun√ß√£o','Poupan√ßa','2016-01-13 08:34:12'),
	(45,729,'Pagamento IR','Imposto de renda','2016-01-13 08:34:49'),
	(46,729,'Casa','IPTU','2016-01-13 08:37:07'),
	(47,729,'Casa','Telefone','2016-01-13 08:38:12'),
	(48,729,'Casa','Presta√ß√£o','2016-01-13 08:40:51');

/*!40000 ALTER TABLE `TAG` ENABLE KEYS */;
UNLOCK TABLES;


# Dump da tabela TAG_AGENDAMENTO
# ------------------------------------------------------------

DROP TABLE IF EXISTS `TAG_AGENDAMENTO`;

CREATE TABLE `TAG_AGENDAMENTO` (
  `COD_TAG` bigint(11) NOT NULL,
  `COD_AGENDAMENTO` bigint(11) NOT NULL,
  PRIMARY KEY (`COD_TAG`,`COD_AGENDAMENTO`),
  KEY `COD_TAG` (`COD_TAG`),
  KEY `COD_AGENDAMENTO` (`COD_AGENDAMENTO`),
  CONSTRAINT `TAG_AGENDAMENTO_FK_1` FOREIGN KEY (`COD_TAG`) REFERENCES `TAG` (`COD_TAG`),
  CONSTRAINT `TAG_AGENDAMENTO_FK_2` FOREIGN KEY (`COD_AGENDAMENTO`) REFERENCES `AGENDAMENTO` (`COD_AGENDAMENTO`)
) ENGINE=InnoDB DEFAULT CHARSET=latin1;

LOCK TABLES `TAG_AGENDAMENTO` WRITE;
/*!40000 ALTER TABLE `TAG_AGENDAMENTO` DISABLE KEYS */;

INSERT INTO `TAG_AGENDAMENTO` (`COD_TAG`, `COD_AGENDAMENTO`)
VALUES
	(11,16),
	(11,17),
	(11,24),
	(11,25),
	(11,26),
	(12,16),
	(20,46),
	(21,47),
	(21,48);

/*!40000 ALTER TABLE `TAG_AGENDAMENTO` ENABLE KEYS */;
UNLOCK TABLES;


# Dump da tabela TAG_LANCAMENTO
# ------------------------------------------------------------

DROP TABLE IF EXISTS `TAG_LANCAMENTO`;

CREATE TABLE `TAG_LANCAMENTO` (
  `COD_TAG` bigint(11) NOT NULL,
  `COD_LANCAMENTO` bigint(11) NOT NULL,
  PRIMARY KEY (`COD_TAG`,`COD_LANCAMENTO`),
  KEY `COD_TAG` (`COD_TAG`),
  KEY `COD_LANCAMENTO` (`COD_LANCAMENTO`),
  CONSTRAINT `TAG_LANCAMENTO_FK_1` FOREIGN KEY (`COD_TAG`) REFERENCES `TAG` (`COD_TAG`),
  CONSTRAINT `TAG_LANCAMENTO_FK_2` FOREIGN KEY (`COD_LANCAMENTO`) REFERENCES `LANCAMENTO` (`COD_LANCAMENTO`)
) ENGINE=InnoDB DEFAULT CHARSET=latin1;

LOCK TABLES `TAG_LANCAMENTO` WRITE;
/*!40000 ALTER TABLE `TAG_LANCAMENTO` DISABLE KEYS */;

INSERT INTO `TAG_LANCAMENTO` (`COD_TAG`, `COD_LANCAMENTO`)
VALUES
	(5,192),
	(5,199),
	(5,233),
	(5,234),
	(5,242),
	(5,283),
	(5,285),
	(5,309),
	(5,310),
	(5,571),
	(5,580),
	(5,615),
	(5,644),
	(5,679),
	(5,1544),
	(5,1560),
	(5,1632),
	(5,1633),
	(5,1634),
	(5,1640),
	(5,1694),
	(5,1695),
	(5,1697),
	(5,1725),
	(5,1726),
	(5,1727),
	(5,1728),
	(5,1745),
	(5,1759),
	(5,1787),
	(5,1820),
	(5,1835),
	(5,1846),
	(5,1849),
	(5,1850),
	(5,1851),
	(5,1869),
	(5,1920),
	(5,1921),
	(5,1922),
	(5,1923),
	(5,1938),
	(5,1939),
	(5,1942),
	(5,1949),
	(5,1958),
	(5,1961),
	(5,1983),
	(5,1985),
	(5,1996),
	(5,2042),
	(5,2048),
	(5,2049),
	(5,2051),
	(5,2052),
	(5,2080),
	(5,2099),
	(5,2100),
	(5,2101),
	(5,2115),
	(5,2118),
	(5,2194),
	(5,2210),
	(5,2216),
	(5,2346),
	(5,2347),
	(5,2349),
	(5,2351),
	(5,2362),
	(5,2364),
	(5,2388),
	(5,2408),
	(5,2417),
	(5,2419),
	(5,2428),
	(5,2429),
	(5,2430),
	(5,2431),
	(5,2449),
	(5,2451),
	(5,2452),
	(5,2453),
	(5,2467),
	(5,2468),
	(5,2469),
	(5,2507),
	(5,2511),
	(5,2534),
	(5,2535),
	(5,2588),
	(5,2589),
	(5,2596),
	(5,2597),
	(5,2615),
	(5,2617),
	(5,2636),
	(5,2654),
	(5,2672),
	(5,2677),
	(5,2683),
	(5,2705),
	(5,2707),
	(5,2709),
	(5,2711),
	(5,2712),
	(5,2713),
	(5,2728),
	(5,2772),
	(5,2790),
	(5,2799),
	(5,2802),
	(5,2814),
	(5,2837),
	(5,2842),
	(5,2858),
	(5,2861),
	(5,2866),
	(5,2867),
	(5,2868),
	(5,2869),
	(5,2877),
	(5,2915),
	(5,2916),
	(5,2917),
	(5,2918),
	(5,2919),
	(5,2921),
	(5,2943),
	(5,2944),
	(5,2946),
	(5,2964),
	(5,2970),
	(5,2980),
	(5,2981),
	(5,2994),
	(5,2995),
	(5,2999),
	(5,3000),
	(5,3004),
	(5,3015),
	(5,3050),
	(5,3069),
	(5,3076),
	(5,3098),
	(5,3104),
	(5,3110),
	(5,3111),
	(5,3112),
	(5,3113),
	(5,3114),
	(5,3115),
	(5,3117),
	(5,3119),
	(5,3120),
	(5,3149),
	(5,3163),
	(5,3164),
	(5,3179),
	(5,3180),
	(5,3207),
	(5,3249),
	(5,3250),
	(5,3262),
	(5,3267),
	(5,3273),
	(5,3288),
	(5,3289),
	(5,3292),
	(5,3295),
	(5,3296),
	(5,3297),
	(5,3300),
	(5,3301),
	(5,3305),
	(5,3306),
	(5,3307),
	(5,3337),
	(5,3354),
	(5,3362),
	(5,3364),
	(5,3371),
	(5,3381),
	(5,3384),
	(5,3405),
	(5,3408),
	(5,3410),
	(5,3446),
	(5,3453),
	(5,3458),
	(5,3467),
	(5,3494),
	(5,3499),
	(5,3507),
	(5,3511),
	(5,3522),
	(5,3524),
	(5,3528),
	(5,3541),
	(5,3542),
	(5,3543),
	(5,3546),
	(5,3548),
	(5,3561),
	(5,3610),
	(5,3611),
	(5,3654),
	(6,178),
	(6,597),
	(6,602),
	(6,604),
	(6,605),
	(6,679),
	(6,1641),
	(6,1642),
	(6,1643),
	(6,1677),
	(6,1695),
	(6,1808),
	(6,1876),
	(6,1900),
	(6,2018),
	(6,2042),
	(6,2075),
	(6,2099),
	(6,2364),
	(6,2494),
	(6,2497),
	(6,2541),
	(6,2542),
	(6,2543),
	(6,2545),
	(6,2549),
	(6,2567),
	(6,2597),
	(6,2637),
	(6,2646),
	(6,2655),
	(6,2677),
	(6,2838),
	(6,2861),
	(6,2921),
	(6,2965),
	(6,2966),
	(6,2967),
	(6,2980),
	(6,2982),
	(6,3022),
	(6,3046),
	(6,3087),
	(6,3119),
	(6,3146),
	(6,3184),
	(6,3208),
	(6,3211),
	(6,3254),
	(6,3255),
	(6,3291),
	(6,3299),
	(6,3313),
	(6,3356),
	(6,3370),
	(6,3491),
	(6,3547),
	(6,3574),
	(6,3577),
	(6,3578),
	(7,188),
	(7,189),
	(7,234),
	(7,1555),
	(7,1640),
	(7,1704),
	(7,1759),
	(7,1800),
	(7,1938),
	(7,1939),
	(7,1942),
	(7,1949),
	(7,1950),
	(7,1959),
	(7,1961),
	(7,1983),
	(7,1985),
	(7,2051),
	(7,2210),
	(7,2453),
	(7,2511),
	(7,2540),
	(7,2588),
	(7,2705),
	(7,2707),
	(7,2712),
	(7,2713),
	(7,2861),
	(7,2869),
	(7,2921),
	(7,2948),
	(7,2964),
	(7,3220),
	(7,3354),
	(7,3383),
	(7,3468),
	(7,3491),
	(7,3507),
	(8,192),
	(8,195),
	(8,677),
	(8,1586),
	(8,2099),
	(8,2535),
	(8,2557),
	(8,2560),
	(8,2614),
	(8,2677),
	(8,2931),
	(8,3119),
	(8,3149),
	(8,3183),
	(8,3354),
	(8,3428),
	(8,3468),
	(9,606),
	(9,1544),
	(9,1555),
	(9,1659),
	(9,1660),
	(9,1701),
	(9,2423),
	(9,2444),
	(9,2598),
	(9,2929),
	(9,2971),
	(9,3425),
	(10,216),
	(10,217),
	(10,1540),
	(10,1541),
	(10,1542),
	(10,1547),
	(10,1589),
	(10,1662),
	(10,1663),
	(10,1981),
	(10,1982),
	(10,2028),
	(10,2030),
	(10,2235),
	(10,2236),
	(10,2237),
	(10,2244),
	(10,2250),
	(10,2349),
	(10,2351),
	(10,2383),
	(10,2460),
	(10,2461),
	(10,2555),
	(10,2556),
	(10,2562),
	(10,2583),
	(10,2915),
	(10,2916),
	(10,2917),
	(10,3099),
	(10,3110),
	(10,3111),
	(10,3112),
	(10,3113),
	(10,3117),
	(10,3120),
	(10,3142),
	(10,3150),
	(10,3252),
	(10,3253),
	(10,3288),
	(10,3289),
	(10,3292),
	(10,3295),
	(10,3297),
	(10,3300),
	(10,3301),
	(10,3306),
	(10,3408),
	(10,3410),
	(10,3446),
	(10,3453),
	(10,3459),
	(10,3467),
	(10,3468),
	(10,3471),
	(10,3491),
	(10,3494),
	(10,3499),
	(10,3511),
	(10,3522),
	(10,3524),
	(10,3528),
	(10,3540),
	(10,3541),
	(10,3542),
	(10,3546),
	(10,3547),
	(10,3561),
	(10,3604),
	(11,251),
	(11,254),
	(11,255),
	(11,256),
	(12,251),
	(12,254),
	(12,255),
	(12,256),
	(13,252),
	(20,1902),
	(20,1909),
	(21,1903);

/*!40000 ALTER TABLE `TAG_LANCAMENTO` ENABLE KEYS */;
UNLOCK TABLES;


# Dump da tabela USUARIO
# ------------------------------------------------------------

DROP TABLE IF EXISTS `USUARIO`;

CREATE TABLE `USUARIO` (
  `COD_USUARIO` bigint(11) NOT NULL AUTO_INCREMENT,
  `IND_STATUS` tinyint(1) DEFAULT NULL,
  `DES_EMAIL` varchar(255) DEFAULT NULL,
  `NOM_LOGIN` varchar(255) DEFAULT NULL,
  `NOM_USUARIO` varchar(255) DEFAULT NULL,
  `DES_SENHA` varchar(255) DEFAULT NULL,
  `COD_PERFIL` bigint(11) DEFAULT NULL,
  `DAT_CADASTRO` timestamp NOT NULL DEFAULT CURRENT_TIMESTAMP,
  PRIMARY KEY (`COD_USUARIO`),
  KEY `USUARIO_FK1` (`COD_PERFIL`),
  CONSTRAINT `USUARIO_FK1` FOREIGN KEY (`COD_PERFIL`) REFERENCES `PERFIL` (`COD_PERFIL`)
) ENGINE=InnoDB DEFAULT CHARSET=latin1;

LOCK TABLES `USUARIO` WRITE;
/*!40000 ALTER TABLE `USUARIO` DISABLE KEYS */;

INSERT INTO `USUARIO` (`COD_USUARIO`, `IND_STATUS`, `DES_EMAIL`, `NOM_LOGIN`, `NOM_USUARIO`, `DES_SENHA`, `COD_PERFIL`, `DAT_CADASTRO`)
VALUES
	(1,1,'jackmaruno@gmail.com','maruno','Willian Ferreira Maruno','metroid3',1,'2018-09-03 20:10:34'),
	(3,1,NULL,'scaf','Maruno (Mestre dos Magos)','12345678',2,'2018-09-03 20:10:34'),
	(720,1,'anapaulalopes12@gmail.com','ana.araujo','Ana Paula','1234',2,'2018-09-03 20:10:34'),
	(721,1,'rbfreitasff@gmail.com','rbfreitasff','Robinson de Freitas Fernandes','13052004',2,'2018-09-03 20:10:34'),
	(722,1,'silviamaruno@gmail.com','silvia.maruno','Silvia Roberta Maruno','123456',2,'2018-09-03 20:10:34'),
	(723,1,'ronan.ti@hotmail.com','ronan','Ronan','ronan',2,'2018-09-03 20:10:34'),
	(724,1,'antonio.a.nobrega.jr@gmail.com','antonio.nobrega','Antonio de Aguiar Nobrega Junior','zZ123456',2,'2018-09-03 20:10:34'),
	(725,1,'nrsjnet@gmail.com','nrsjnet','Nelson Rodrigues da Silva J√∫nior','131638',2,'2018-09-03 20:10:34'),
	(726,1,'rbfreitasff@gmail.com','robinson','Robinson de Freitas Fernandes','13052004',2,'2018-09-03 20:10:34'),
	(727,1,'coe09mm@gmail.com','Gustavo09','Gustavo','caveira174',2,'2018-09-03 20:10:34'),
	(728,1,'robinson.fernandes@mirante.net.br','robinson.fernandes','Robinson de Freitas Fernandes','novell',2,'2018-09-03 20:10:34'),
	(729,1,'edicleuber@gmail.com','edicleuber','Edicleuber Borges de Oliveira','ryanlararebeca',2,'2018-09-03 20:10:34'),
	(730,1,'luanmaruno@gmail.com','luanmaruno','Luan Michel Maruno Ribeiro','Maruno20136712',2,'2018-09-03 20:10:34'),
	(731,1,'mago70@gmail.com','mago70','C√©lio Sato','266726',2,'2018-09-03 20:10:34'),
	(732,1,'xui92831@kpooa.com','chupinha','chupinha','123456',2,'2018-09-03 20:10:53');

/*!40000 ALTER TABLE `USUARIO` ENABLE KEYS */;
UNLOCK TABLES;


# Dump da tabela VW_AGENDA_ATUAL
# ------------------------------------------------------------

DROP VIEW IF EXISTS `VW_AGENDA_ATUAL`;

CREATE TABLE `VW_AGENDA_ATUAL` (
   `COD_USUARIO` BIGINT(20) NOT NULL DEFAULT '0',
   `DAT_PREVISTA` DATE NULL DEFAULT NULL,
   `COD_AGENDAMENTO` BIGINT(20) NULL DEFAULT NULL,
   `COD_PARCELA` BIGINT(20) NULL DEFAULT NULL,
   `COD_CARTAO_CREDITO` BIGINT(20) NULL DEFAULT NULL,
   `COD_CATEGORIA` BIGINT(20) NOT NULL DEFAULT '0',
   `DES_CATEGORIA` VARCHAR(403) NULL DEFAULT NULL,
   `VAL_PREVISTO` DOUBLE NULL DEFAULT NULL,
   `DAT_PAGAMENTO` DATE NULL DEFAULT NULL,
   `VAL_PAGO` DOUBLE(10) NULL DEFAULT NULL
) ENGINE=MyISAM;



# Dump da tabela VW_AGENDAMENTOS
# ------------------------------------------------------------

DROP VIEW IF EXISTS `VW_AGENDAMENTOS`;

CREATE TABLE `VW_AGENDAMENTOS` (
   `COD_USUARIO` BIGINT(11) NOT NULL,
   `DAT_PREVISTA` DATE NULL DEFAULT NULL,
   `COD_AGENDAMENTO` BIGINT(11) NOT NULL DEFAULT '0',
   `NOM_AGENDAMENTO` VARCHAR(100) NOT NULL,
   `COD_CATEGORIA` BIGINT(11) NOT NULL,
   `DES_CATEGORIA` VARCHAR(403) NULL DEFAULT NULL,
   `VAL_PREVISTO` DOUBLE(19) NULL DEFAULT NULL,
   `NOM_PERIODO` VARCHAR(100) NOT NULL,
   `DAT_PAGAMENTO` DATE NULL DEFAULT NULL,
   `VAL_PAGO` DOUBLE(10) NULL DEFAULT NULL,
   `DIAS` BIGINT(21) NULL DEFAULT NULL
) ENGINE=MyISAM;



# Dump da tabela VW_AGENDAMENTOS_MESES
# ------------------------------------------------------------

DROP VIEW IF EXISTS `VW_AGENDAMENTOS_MESES`;

CREATE TABLE `VW_AGENDAMENTOS_MESES` (
   `COD_USUARIO` BIGINT(11) NOT NULL,
   `DAT_PREVISTA` DATE NULL DEFAULT NULL,
   `COD_AGENDAMENTO` BIGINT(11) NOT NULL DEFAULT '0',
   `NOM_AGENDAMENTO` VARCHAR(100) NOT NULL,
   `COD_CATEGORIA` BIGINT(20) NOT NULL DEFAULT '0',
   `DES_CATEGORIA` VARCHAR(314) NULL DEFAULT NULL,
   `VAL_PREVISTO` DOUBLE(19) NULL DEFAULT NULL,
   `NOM_PERIODO` VARCHAR(100) NOT NULL,
   `DAT_PAGAMENTO` DATE NULL DEFAULT NULL,
   `VAL_PAGO` DOUBLE(10) NULL DEFAULT NULL,
   `DIAS` BIGINT(21) NULL DEFAULT NULL
) ENGINE=MyISAM;



# Dump da tabela VW_DESPESAS_RECEITAS
# ------------------------------------------------------------

DROP VIEW IF EXISTS `VW_DESPESAS_RECEITAS`;

CREATE TABLE `VW_DESPESAS_RECEITAS` (
   `COD_USUARIO` BIGINT(20) NOT NULL DEFAULT '0',
   `DAT_COMPETENCIA` DATE NULL DEFAULT NULL,
   `VAL_DESPESA_PREVISTA` DOUBLE NULL DEFAULT NULL,
   `VAL_DESPESA_PAGA` DOUBLE NULL DEFAULT NULL,
   `VAL_RECEITA_PREVISTA` DOUBLE NULL DEFAULT NULL,
   `VAL_RECEITA_PAGA` DOUBLE NULL DEFAULT NULL
) ENGINE=MyISAM;



# Dump da tabela VW_FATURAS
# ------------------------------------------------------------

DROP VIEW IF EXISTS `VW_FATURAS`;

CREATE TABLE `VW_FATURAS` (
   `COD_USUARIO` BIGINT(11) NOT NULL,
   `COD_CARTAO_CREDITO` BIGINT(11) NULL DEFAULT NULL,
   `NOM_BANDEIRA` VARCHAR(20) NOT NULL,
   `NUM_CARTAO` VARCHAR(30) NOT NULL DEFAULT '',
   `DAT_FATURA` DATE NULL DEFAULT NULL,
   `DAT_REFERENCIA` DATE NOT NULL,
   `VAL_PREVISTO` DOUBLE(10) NULL DEFAULT '0.00',
   `VAL_LANCAMENTO` DOUBLE(10) NOT NULL,
   `QTD_PARCELAS` BIGINT(21) NOT NULL DEFAULT '0',
   `VAL_PARCELAS` DOUBLE(19) NULL DEFAULT NULL
) ENGINE=MyISAM;



# Dump da tabela VW_FATURAS_DATAS
# ------------------------------------------------------------

DROP VIEW IF EXISTS `VW_FATURAS_DATAS`;

CREATE TABLE `VW_FATURAS_DATAS` (
   `COD_CARTAO_CREDITO` BIGINT(20) NOT NULL DEFAULT '0',
   `COD_USUARIO` BIGINT(20) NOT NULL DEFAULT '0',
   `DAT_FATURA` DATE NULL DEFAULT NULL
) ENGINE=MyISAM;



# Dump da tabela VW_FATURAS_PREVISTAS_REALIZADAS
# ------------------------------------------------------------

DROP VIEW IF EXISTS `VW_FATURAS_PREVISTAS_REALIZADAS`;

CREATE TABLE `VW_FATURAS_PREVISTAS_REALIZADAS` (
   `COD_USUARIO` BIGINT(20) NOT NULL DEFAULT '0',
   `COD_CARTAO_CREDITO` BIGINT(20) NOT NULL DEFAULT '0',
   `NOM_BANDEIRA` VARCHAR(20) NOT NULL,
   `NUM_CARTAO` VARCHAR(30) NOT NULL DEFAULT '',
   `DAT_FATURA` DATE NULL DEFAULT NULL,
   `DAT_REFERENCIA` DATE NULL DEFAULT NULL,
   `VAL_LANCAMENTO` DOUBLE(10) NULL DEFAULT NULL,
   `VAL_PARCELAS_PENDENTES` DOUBLE(19) NULL DEFAULT NULL,
   `QTD_PARCELAS_PENDENTES` BIGINT(21) NOT NULL DEFAULT '0'
) ENGINE=MyISAM;



# Dump da tabela VW_LANCAMENTOS
# ------------------------------------------------------------

DROP VIEW IF EXISTS `VW_LANCAMENTOS`;

CREATE TABLE `VW_LANCAMENTOS` (
   `COD_USUARIO` BIGINT(20) NOT NULL DEFAULT '0',
   `DES_LANCAMENTOS` VARCHAR(15) NOT NULL DEFAULT '',
   `COD_TIPO` BIGINT(20) NOT NULL DEFAULT '0',
   `VAL_PREVISTO` DOUBLE(19) NULL DEFAULT NULL,
   `VAL_PAGO` DOUBLE(19) NULL DEFAULT NULL
) ENGINE=MyISAM;



# Dump da tabela VW_MEDIA_AGENDAMENTOS
# ------------------------------------------------------------

DROP VIEW IF EXISTS `VW_MEDIA_AGENDAMENTOS`;

CREATE TABLE `VW_MEDIA_AGENDAMENTOS` (
   `COD_AGENDAMENTO` BIGINT(11) NULL DEFAULT NULL,
   `NUM_QTD` BIGINT(21) NOT NULL DEFAULT '0',
   `VAL_TOTAL` DOUBLE(19) NULL DEFAULT NULL,
   `VAL_MEDIA` DOUBLE(19) NULL DEFAULT NULL
) ENGINE=MyISAM;



# Dump da tabela VW_MEDIA_CATEGORIA
# ------------------------------------------------------------

DROP VIEW IF EXISTS `VW_MEDIA_CATEGORIA`;

CREATE TABLE `VW_MEDIA_CATEGORIA` (
   `COD_USUARIO` BIGINT(11) NOT NULL,
   `COD_CATEGORIA` BIGINT(11) NOT NULL,
   `NOM_CATEGORIA` VARCHAR(300) NULL DEFAULT NULL,
   `NUM_QTD` BIGINT(21) NOT NULL DEFAULT '0',
   `VAL_TOTAL` DOUBLE(19) NULL DEFAULT NULL,
   `VAL_MEDIA` DOUBLE(19) NULL DEFAULT NULL
) ENGINE=MyISAM;



# Dump da tabela VW_MEDIA_CATEGORIA_MESES
# ------------------------------------------------------------

DROP VIEW IF EXISTS `VW_MEDIA_CATEGORIA_MESES`;

CREATE TABLE `VW_MEDIA_CATEGORIA_MESES` (
   `COD_USUARIO` BIGINT(20) NOT NULL DEFAULT '0',
   `DAT_COMPETENCIA` DATE NULL DEFAULT NULL,
   `COD_CATEGORIA` BIGINT(20) NOT NULL DEFAULT '0',
   `NOM_CATEGORIA` VARCHAR(300) NULL DEFAULT NULL,
   `NUM_QTD` BIGINT(21) NOT NULL DEFAULT '0',
   `VAL_TOTAL` DOUBLE(19) NULL DEFAULT NULL,
   `VAL_MEDIA` DOUBLE(19) NULL DEFAULT NULL
) ENGINE=MyISAM;



# Dump da tabela VW_PARCELAS
# ------------------------------------------------------------

DROP VIEW IF EXISTS `VW_PARCELAS`;

CREATE TABLE `VW_PARCELAS` (
   `COD_USUARIO` BIGINT(11) NOT NULL,
   `DAT_PREVISTA` DATE NOT NULL,
   `COD_PARCELA` BIGINT(11) NOT NULL DEFAULT '0',
   `DES_LANCAMENTO` TEXT NULL DEFAULT NULL,
   `COD_CATEGORIA` INT(2) NOT NULL DEFAULT '0',
   `DES_CATEGORIA` VARCHAR(324) NULL DEFAULT NULL,
   `VAL_PREVISTO` DOUBLE(10) NOT NULL,
   `DAT_PAGAMENTO` DATE NULL DEFAULT NULL,
   `VAL_PAGO` DOUBLE(10) NULL DEFAULT NULL,
   `DIAS` BIGINT(21) NULL DEFAULT NULL
) ENGINE=MyISAM;



# Dump da tabela VW_PARCELAS_MESES
# ------------------------------------------------------------

DROP VIEW IF EXISTS `VW_PARCELAS_MESES`;

CREATE TABLE `VW_PARCELAS_MESES` (
   `COD_USUARIO` BIGINT(11) NOT NULL,
   `DAT_PREVISTA` DATE NOT NULL,
   `COD_PARCELA` BIGINT(11) NOT NULL DEFAULT '0',
   `DES_LANCAMENTO` TEXT NULL DEFAULT NULL,
   `COD_CATEGORIA` INT(2) NOT NULL DEFAULT '0',
   `DES_CATEGORIA` VARCHAR(324) NULL DEFAULT NULL,
   `VAL_PREVISTO` DOUBLE(10) NOT NULL,
   `DAT_PAGAMENTO` DATE NULL DEFAULT NULL,
   `VAL_PAGO` DOUBLE(10) NULL DEFAULT NULL,
   `DIAS` BIGINT(21) NULL DEFAULT NULL
) ENGINE=MyISAM;



# Dump da tabela VW_PARCELAS_SEM_FATURA
# ------------------------------------------------------------

DROP VIEW IF EXISTS `VW_PARCELAS_SEM_FATURA`;

CREATE TABLE `VW_PARCELAS_SEM_FATURA` (
   `COD_USUARIO` BIGINT(11) NOT NULL,
   `COD_CARTAO_CREDITO` BIGINT(11) NULL DEFAULT NULL,
   `COD_PARCELA` BIGINT(11) NOT NULL DEFAULT '0',
   `NOM_BANDEIRA` VARCHAR(20) NOT NULL,
   `NUM_CARTAO` VARCHAR(30) NOT NULL DEFAULT '',
   `NOM_CATEGORIA` VARCHAR(300) NULL DEFAULT NULL,
   `DAT_REFERENCIA` DATE NOT NULL,
   `VAL_PARCELA` DOUBLE(10) NOT NULL
) ENGINE=MyISAM;



# Dump da tabela VW_PROXIMAS_ATIVIDADES
# ------------------------------------------------------------

DROP VIEW IF EXISTS `VW_PROXIMAS_ATIVIDADES`;

CREATE TABLE `VW_PROXIMAS_ATIVIDADES` (
   `COD_USUARIO` BIGINT(20) NOT NULL DEFAULT '0',
   `DAT_PREVISTA` DATE NULL DEFAULT NULL,
   `COD_AGENDAMENTO` BIGINT(20) NULL DEFAULT NULL,
   `COD_PARCELA` BIGINT(20) NULL DEFAULT NULL,
   `COD_CARTAO_CREDITO` BIGINT(20) NULL DEFAULT NULL,
   `NOME` TEXT NULL DEFAULT NULL,
   `COD_CATEGORIA` BIGINT(20) NOT NULL DEFAULT '0',
   `DES_CATEGORIA` VARCHAR(403) NULL DEFAULT NULL,
   `VAL_PREVISTO` DOUBLE NULL DEFAULT NULL,
   `DAT_PAGAMENTO` DATE NULL DEFAULT NULL,
   `VAL_PAGO` DOUBLE(10) NULL DEFAULT NULL,
   `DIAS` BIGINT(21) NULL DEFAULT NULL
) ENGINE=MyISAM;



# Dump da tabela VW_RELACAO_LANCAMENTO
# ------------------------------------------------------------

DROP VIEW IF EXISTS `VW_RELACAO_LANCAMENTO`;

CREATE TABLE `VW_RELACAO_LANCAMENTO` (
   `COD_USUARIO` BIGINT(11) NOT NULL,
   `COD_LANCAMENTO` BIGINT(11) NOT NULL DEFAULT '0',
   `COD_LANCAMENTO_PARCELA` BIGINT(11) NULL DEFAULT NULL,
   `COD_TIPO` INT(0) NOT NULL DEFAULT '0',
   `NUM_COMPETENCIA` VARCHAR(6) NULL DEFAULT NULL,
   `DES_CATEGORIA` VARCHAR(330) NULL DEFAULT NULL,
   `NUM_PARCELA` INT(11) NULL DEFAULT NULL,
   `NOM_AGENDAMENTO` VARCHAR(100) NULL DEFAULT NULL,
   `DAT_LANCAMENTO` VARCHAR(21) NULL DEFAULT NULL,
   `DAT_REFERENCIA` VARCHAR(10) NULL DEFAULT NULL,
   `VAL_PREVISTO` DOUBLE(10) NULL DEFAULT '0.00',
   `VAL_PAGO` DOUBLE(10) NULL DEFAULT NULL
) ENGINE=MyISAM;



# Dump da tabela VW_RELATORIO_DINAMICO
# ------------------------------------------------------------

DROP VIEW IF EXISTS `VW_RELATORIO_DINAMICO`;

CREATE TABLE `VW_RELATORIO_DINAMICO` (
   `COD_USUARIO` BIGINT(11) NOT NULL,
   `COD_LANCAMENTO` BIGINT(11) NOT NULL DEFAULT '0',
   `COD_LANCAMENTO_PARCELA` BIGINT(11) NULL DEFAULT NULL,
   `COD_AGENDAMENTO` BIGINT(11) NULL DEFAULT NULL,
   `COD_TIPO` INT(0) NOT NULL DEFAULT '0',
   `COD_CATEGORIA` BIGINT(20) NULL DEFAULT NULL,
   `NOM_CATEGORIA` VARCHAR(300) NULL DEFAULT NULL,
   `COD_CATEGORIA_PAI` BIGINT(11) NULL DEFAULT NULL,
   `NOM_CATEGORIA_PAI` VARCHAR(300) NULL DEFAULT NULL,
   `NUM_PARCELA` INT(11) NULL DEFAULT NULL,
   `NOM_AGENDAMENTO` VARCHAR(100) NULL DEFAULT NULL,
   `DAT_LANCAMENTO` TIMESTAMP NOT NULL DEFAULT '0000-00-00 00:00:00',
   `DAT_REFERENCIA` DATE NOT NULL,
   `VAL_PREVISTO` DOUBLE(10) NULL DEFAULT NULL,
   `VAL_PAGO` DOUBLE(10) NOT NULL
) ENGINE=MyISAM;



# Dump da tabela VW_RESUMO_MES
# ------------------------------------------------------------

DROP VIEW IF EXISTS `VW_RESUMO_MES`;

CREATE TABLE `VW_RESUMO_MES` (
   `COD_USUARIO` BIGINT(20) NOT NULL DEFAULT '0',
   `DES_LANCAMENTOS` VARCHAR(15) NOT NULL DEFAULT '',
   `COD_TIPO` BIGINT(20) NOT NULL DEFAULT '0',
   `VAL_PREVISTO` DOUBLE(19) NULL DEFAULT NULL,
   `VAL_PAGO` DOUBLE(19) NULL DEFAULT NULL
) ENGINE=MyISAM;



# Dump da tabela VW_RESUMO_MESES
# ------------------------------------------------------------

DROP VIEW IF EXISTS `VW_RESUMO_MESES`;

CREATE TABLE `VW_RESUMO_MESES` (
   `COD_USUARIO` BIGINT(20) NOT NULL DEFAULT '0',
   `DES_LANCAMENTOS` VARCHAR(15) NOT NULL DEFAULT '',
   `COD_TIPO` BIGINT(20) NOT NULL DEFAULT '0',
   `DAT_COMPETENCIA` DATE NULL DEFAULT NULL,
   `VAL_PREVISTO` DOUBLE(19) NULL DEFAULT NULL,
   `VAL_PAGO` DOUBLE(19) NULL DEFAULT NULL
) ENGINE=MyISAM;



# Dump da tabela VW_ULTIMAS_ATIVIDADES
# ------------------------------------------------------------

DROP VIEW IF EXISTS `VW_ULTIMAS_ATIVIDADES`;

CREATE TABLE `VW_ULTIMAS_ATIVIDADES` (
   `COD_USUARIO` BIGINT(11) NOT NULL,
   `NUM_COMPETENCIA` VARCHAR(6) NULL DEFAULT NULL,
   `DES_CATEGORIA` VARCHAR(403) NULL DEFAULT NULL,
   `VAL_PAGO` DOUBLE(10) NULL DEFAULT NULL,
   `DAT_LANCAMENTO` TIMESTAMP NOT NULL DEFAULT '0000-00-00 00:00:00',
   `NUM_DIAS` BIGINT(21) NULL DEFAULT NULL,
   `NUM_HORAS` BIGINT(21) NULL DEFAULT NULL,
   `NUM_MINUTOS` BIGINT(21) NULL DEFAULT NULL
) ENGINE=MyISAM;





# Replace placeholder table for VW_MEDIA_CATEGORIA_MESES with correct view syntax
# ------------------------------------------------------------

DROP TABLE `VW_MEDIA_CATEGORIA_MESES`;

CREATE ALGORITHM=UNDEFINED DEFINER=`quaemoco`@`localhost` SQL SECURITY DEFINER VIEW `VW_MEDIA_CATEGORIA_MESES`
AS SELECT
   `L`.`COD_USUARIO` AS `COD_USUARIO`,cast(date_format((curdate() + interval -(3) month),'%Y-%m-01') as date) AS `DAT_COMPETENCIA`,
   `C`.`COD_CATEGORIA` AS `COD_CATEGORIA`,
   `C`.`NOM_CATEGORIA` AS `NOM_CATEGORIA`,count(`L`.`COD_LANCAMENTO`) AS `NUM_QTD`,sum(`L`.`VAL_LANCAMENTO`) AS `VAL_TOTAL`,round((sum(`L`.`VAL_LANCAMENTO`) / count(`L`.`COD_LANCAMENTO`)),2) AS `VAL_MEDIA`
FROM (`LANCAMENTO` `L` join `CATEGORIA` `C`) where ((`C`.`COD_CATEGORIA` = `L`.`COD_CATEGORIA`) and (`L`.`DAT_LANCAMENTO` between cast(date_format((curdate() + interval -(5) month),'%Y-%m-01') as date) and cast(date_format((curdate() + interval -(3) month),'%Y-%m-01') as date))) group by `L`.`COD_USUARIO`,`C`.`COD_CATEGORIA`,`C`.`NOM_CATEGORIA` union all select `L`.`COD_USUARIO` AS `COD_USUARIO`,cast(date_format((curdate() + interval -(2) month),'%Y-%m-01') as date) AS `DAT_COMPETENCIA`,`C`.`COD_CATEGORIA` AS `COD_CATEGORIA`,`C`.`NOM_CATEGORIA` AS `NOM_CATEGORIA`,count(`L`.`COD_LANCAMENTO`) AS `NUM_QTD`,sum(`L`.`VAL_LANCAMENTO`) AS `VAL_TOTAL`,round((sum(`L`.`VAL_LANCAMENTO`) / count(`L`.`COD_LANCAMENTO`)),2) AS `VAL_MEDIA` from (`LANCAMENTO` `L` join `CATEGORIA` `C`) where ((`C`.`COD_CATEGORIA` = `L`.`COD_CATEGORIA`) and (`L`.`DAT_LANCAMENTO` between cast(date_format((curdate() + interval -(4) month),'%Y-%m-01') as date) and cast(date_format((curdate() + interval -(2) month),'%Y-%m-01') as date))) group by `L`.`COD_USUARIO`,`C`.`COD_CATEGORIA`,`C`.`NOM_CATEGORIA` union all select `L`.`COD_USUARIO` AS `COD_USUARIO`,cast(date_format((curdate() + interval -(1) month),'%Y-%m-01') as date) AS `DAT_COMPETENCIA`,`C`.`COD_CATEGORIA` AS `COD_CATEGORIA`,`C`.`NOM_CATEGORIA` AS `NOM_CATEGORIA`,count(`L`.`COD_LANCAMENTO`) AS `NUM_QTD`,sum(`L`.`VAL_LANCAMENTO`) AS `VAL_TOTAL`,round((sum(`L`.`VAL_LANCAMENTO`) / count(`L`.`COD_LANCAMENTO`)),2) AS `VAL_MEDIA` from (`LANCAMENTO` `L` join `CATEGORIA` `C`) where ((`C`.`COD_CATEGORIA` = `L`.`COD_CATEGORIA`) and (`L`.`DAT_LANCAMENTO` between cast(date_format((curdate() + interval -(4) month),'%Y-%m-01') as date) and cast(date_format((curdate() + interval -(1) month),'%Y-%m-01') as date))) group by `L`.`COD_USUARIO`,`C`.`COD_CATEGORIA`,`C`.`NOM_CATEGORIA`;


# Replace placeholder table for VW_PARCELAS with correct view syntax
# ------------------------------------------------------------

DROP TABLE `VW_PARCELAS`;

CREATE ALGORITHM=UNDEFINED DEFINER=`quaemoco`@`localhost` SQL SECURITY DEFINER VIEW `VW_PARCELAS`
AS SELECT
   `LPA`.`COD_USUARIO` AS `COD_USUARIO`,
   `P`.`DAT_REFERENCIA` AS `DAT_PREVISTA`,
   `P`.`COD_PARCELA` AS `COD_PARCELA`,
   `LPA`.`DES_LANCAMENTO` AS `DES_LANCAMENTO`,63 AS `COD_CATEGORIA`,concat(concat(convert(concat(concat('Parcela N ',`P`.`NUM_PARCELA`),' (') using latin1),`C`.`NOM_CATEGORIA`),')') AS `DES_CATEGORIA`,
   `P`.`VAL_PARCELA` AS `VAL_PREVISTO`,
   `LPG`.`DAT_REFERENCIA` AS `DAT_PAGAMENTO`,
   `LPG`.`VAL_LANCAMENTO` AS `VAL_PAGO`,timestampdiff(DAY,now(),`P`.`DAT_REFERENCIA`) AS `DIAS`
FROM (((`PARCELA` `P` join `LANCAMENTO` `LPA` on((`LPA`.`COD_LANCAMENTO` = `P`.`COD_LANCAMENTO`))) join `CATEGORIA` `C` on((`C`.`COD_CATEGORIA` = `LPA`.`COD_CATEGORIA`))) left join `LANCAMENTO` `LPG` on((`LPG`.`COD_PARCELA` = `P`.`COD_PARCELA`))) where (((date_format(curdate(),'%Y%m') = date_format(`P`.`DAT_REFERENCIA`,'%Y%m')) or ((`P`.`DAT_REFERENCIA` < concat(convert(date_format(curdate(),'%Y-%m') using utf8),'-01')) and isnull(`LPG`.`DAT_REFERENCIA`))) and isnull(`LPA`.`COD_CARTAO_CREDITO`));


# Replace placeholder table for VW_RESUMO_MES with correct view syntax
# ------------------------------------------------------------

DROP TABLE `VW_RESUMO_MES`;

CREATE ALGORITHM=UNDEFINED DEFINER=`quaemoco`@`localhost` SQL SECURITY DEFINER VIEW `VW_RESUMO_MES`
AS SELECT
   `VW_LANCAMENTOS`.`COD_USUARIO` AS `COD_USUARIO`,
   `VW_LANCAMENTOS`.`DES_LANCAMENTOS` AS `DES_LANCAMENTOS`,
   `VW_LANCAMENTOS`.`COD_TIPO` AS `COD_TIPO`,(case when isnull(`VW_LANCAMENTOS`.`VAL_PREVISTO`) then 0 else `VW_LANCAMENTOS`.`VAL_PREVISTO` end) AS `VAL_PREVISTO`,(case when isnull(`VW_LANCAMENTOS`.`VAL_PAGO`) then 0 else `VW_LANCAMENTOS`.`VAL_PAGO` end) AS `VAL_PAGO`
FROM `VW_LANCAMENTOS`;


# Replace placeholder table for VW_PROXIMAS_ATIVIDADES with correct view syntax
# ------------------------------------------------------------

DROP TABLE `VW_PROXIMAS_ATIVIDADES`;

CREATE ALGORITHM=UNDEFINED DEFINER=`quaemoco`@`localhost` SQL SECURITY DEFINER VIEW `VW_PROXIMAS_ATIVIDADES`
AS SELECT
   `VW_AGENDAMENTOS`.`COD_USUARIO` AS `COD_USUARIO`,
   `VW_AGENDAMENTOS`.`DAT_PREVISTA` AS `DAT_PREVISTA`,
   `VW_AGENDAMENTOS`.`COD_AGENDAMENTO` AS `COD_AGENDAMENTO`,NULL AS `COD_PARCELA`,NULL AS `COD_CARTAO_CREDITO`,
   `VW_AGENDAMENTOS`.`NOM_AGENDAMENTO` AS `NOME`,
   `VW_AGENDAMENTOS`.`COD_CATEGORIA` AS `COD_CATEGORIA`,
   `VW_AGENDAMENTOS`.`DES_CATEGORIA` AS `DES_CATEGORIA`,
   `VW_AGENDAMENTOS`.`VAL_PREVISTO` AS `VAL_PREVISTO`,
   `VW_AGENDAMENTOS`.`DAT_PAGAMENTO` AS `DAT_PAGAMENTO`,
   `VW_AGENDAMENTOS`.`VAL_PAGO` AS `VAL_PAGO`,
   `VW_AGENDAMENTOS`.`DIAS` AS `DIAS`
FROM `VW_AGENDAMENTOS` where isnull(`VW_AGENDAMENTOS`.`DAT_PAGAMENTO`) union all select `VW_PARCELAS`.`COD_USUARIO` AS `COD_USUARIO`,`VW_PARCELAS`.`DAT_PREVISTA` AS `DAT_PREVISTA`,NULL AS `COD_AGENDAMENTO`,`VW_PARCELAS`.`COD_PARCELA` AS `COD_PARCELA`,NULL AS `COD_CARTAO_CREDITO`,`VW_PARCELAS`.`DES_LANCAMENTO` AS `NOME`,`VW_PARCELAS`.`COD_CATEGORIA` AS `COD_CATEGORIA`,`VW_PARCELAS`.`DES_CATEGORIA` AS `DES_CATEGORIA`,`VW_PARCELAS`.`VAL_PREVISTO` AS `VAL_PREVISTO`,`VW_PARCELAS`.`DAT_PAGAMENTO` AS `DAT_PAGAMENTO`,`VW_PARCELAS`.`VAL_PAGO` AS `VAL_PAGO`,`VW_PARCELAS`.`DIAS` AS `DIAS` from `VW_PARCELAS` where isnull(`VW_PARCELAS`.`DAT_PAGAMENTO`) union all select `VW_FATURAS_PREVISTAS_REALIZADAS`.`COD_USUARIO` AS `COD_USUARIO`,`VW_FATURAS_PREVISTAS_REALIZADAS`.`DAT_FATURA` AS `DAT_PREVISTA`,NULL AS `COD_AGENDAMENTO`,NULL AS `COD_PARCELA`,`VW_FATURAS_PREVISTAS_REALIZADAS`.`COD_CARTAO_CREDITO` AS `COD_CARTAO_CREDITO`,concat(concat(`VW_FATURAS_PREVISTAS_REALIZADAS`.`NOM_BANDEIRA`,' - '),`VW_FATURAS_PREVISTAS_REALIZADAS`.`NUM_CARTAO`) AS `NOME`,`C`.`COD_CATEGORIA` AS `COD_CATEGORIA`,concat(`C`.`NOM_CATEGORIA`,concat('(',concat(concat(concat(`VW_FATURAS_PREVISTAS_REALIZADAS`.`NOM_BANDEIRA`,' - '),substr(`VW_FATURAS_PREVISTAS_REALIZADAS`.`NUM_CARTAO`,-(4))),')'))) AS `DES_CATEGORIA`,`VW_FATURAS_PREVISTAS_REALIZADAS`.`VAL_PARCELAS_PENDENTES` AS `VAL_PREVISTO`,`VW_FATURAS_PREVISTAS_REALIZADAS`.`DAT_REFERENCIA` AS `DAT_PAGAMENTO`,`VW_FATURAS_PREVISTAS_REALIZADAS`.`VAL_LANCAMENTO` AS `VAL_PAGO`,timestampdiff(DAY,now(),`VW_FATURAS_PREVISTAS_REALIZADAS`.`DAT_FATURA`) AS `DIAS` from (`VW_FATURAS_PREVISTAS_REALIZADAS` join `CATEGORIA` `C`) where (isnull(`VW_FATURAS_PREVISTAS_REALIZADAS`.`DAT_REFERENCIA`) and ((date_format(curdate(),'%Y%m') = date_format(`VW_FATURAS_PREVISTAS_REALIZADAS`.`DAT_FATURA`,'%Y%m')) or ((`VW_FATURAS_PREVISTAS_REALIZADAS`.`DAT_FATURA` < concat(convert(date_format(curdate(),'%Y-%m') using utf8),'-01')) and isnull(`VW_FATURAS_PREVISTAS_REALIZADAS`.`DAT_REFERENCIA`))) and (`VW_FATURAS_PREVISTAS_REALIZADAS`.`QTD_PARCELAS_PENDENTES` > 0) and (`C`.`COD_CATEGORIA` = 76)) order by `DAT_PREVISTA`,`DES_CATEGORIA`;


# Replace placeholder table for VW_AGENDAMENTOS_MESES with correct view syntax
# ------------------------------------------------------------

DROP TABLE `VW_AGENDAMENTOS_MESES`;

CREATE ALGORITHM=UNDEFINED DEFINER=`quaemoco`@`localhost` SQL SECURITY DEFINER VIEW `VW_AGENDAMENTOS_MESES`
AS SELECT
   `A`.`COD_USUARIO` AS `COD_USUARIO`,(`A`.`DAT_INICIO` + interval (`P`.`NUM_PERIODO` * round((period_diff(date_format(`VW`.`DAT_COMPETENCIA`,'%Y%m'),date_format(`A`.`DAT_INICIO`,'%Y%m')) / `P`.`NUM_PERIODO`),0)) month) AS `DAT_PREVISTA`,
   `A`.`COD_AGENDAMENTO` AS `COD_AGENDAMENTO`,
   `A`.`NOM_AGENDAMENTO` AS `NOM_AGENDAMENTO`,
   `VW`.`COD_CATEGORIA` AS `COD_CATEGORIA`,concat(concat('Agendamento (',`VW`.`NOM_CATEGORIA`),')') AS `DES_CATEGORIA`,
   `VW`.`VAL_MEDIA` AS `VAL_PREVISTO`,
   `P`.`NOM_PERIODO` AS `NOM_PERIODO`,
   `L`.`DAT_REFERENCIA` AS `DAT_PAGAMENTO`,
   `L`.`VAL_LANCAMENTO` AS `VAL_PAGO`,timestampdiff(DAY,now(),(`A`.`DAT_INICIO` + interval (`P`.`NUM_PERIODO` * round((period_diff(date_format(`VW`.`DAT_COMPETENCIA`,'%Y%m'),date_format(`A`.`DAT_INICIO`,'%Y%m')) / `P`.`NUM_PERIODO`),0)) month)) AS `DIAS`
FROM (((`AGENDAMENTO` `A` join `PERIODO` `P` on((`P`.`NUM_PERIODO` = `A`.`NUM_PERIODO`))) join `VW_MEDIA_CATEGORIA_MESES` `VW` on(((`VW`.`COD_CATEGORIA` = `A`.`COD_CATEGORIA`) and (`VW`.`COD_USUARIO` = `A`.`COD_USUARIO`)))) left join `LANCAMENTO` `L` on(((`L`.`COD_AGENDAMENTO` = `A`.`COD_AGENDAMENTO`) and (date_format(`L`.`DAT_REFERENCIA`,'%Y%m') = date_format(`VW`.`DAT_COMPETENCIA`,'%Y%m')) and (`L`.`COD_LANCAMENTO` = (select max(`L2`.`COD_LANCAMENTO`) from `LANCAMENTO` `L2` where ((`L2`.`COD_AGENDAMENTO` = `A`.`COD_AGENDAMENTO`) and (date_format(`L2`.`DAT_REFERENCIA`,'%Y%m') = date_format(`VW`.`DAT_COMPETENCIA`,'%Y%m')))))))) where ((`A`.`IND_STATUS` = 1) and (date_format((`A`.`DAT_INICIO` + interval (`P`.`NUM_PERIODO` * round((period_diff(date_format(`VW`.`DAT_COMPETENCIA`,'%Y%m'),date_format(`A`.`DAT_INICIO`,'%Y%m')) / `P`.`NUM_PERIODO`),0)) month),'%Y%m') = date_format(`VW`.`DAT_COMPETENCIA`,'%Y%m'))) order by `A`.`COD_AGENDAMENTO`,(`A`.`DAT_INICIO` + interval (`P`.`NUM_PERIODO` * round((period_diff(date_format(`VW`.`DAT_COMPETENCIA`,'%Y%m'),date_format(`A`.`DAT_INICIO`,'%Y%m')) / `P`.`NUM_PERIODO`),0)) month),concat(concat('Agendamento (',`VW`.`NOM_CATEGORIA`),')');


# Replace placeholder table for VW_RELACAO_LANCAMENTO with correct view syntax
# ------------------------------------------------------------

DROP TABLE `VW_RELACAO_LANCAMENTO`;

CREATE ALGORITHM=UNDEFINED DEFINER=`quaemoco`@`localhost` SQL SECURITY DEFINER VIEW `VW_RELACAO_LANCAMENTO`
AS SELECT
   distinct `l`.`COD_USUARIO` AS `COD_USUARIO`,
   `l`.`COD_LANCAMENTO` AS `COD_LANCAMENTO`,
   `p`.`COD_LANCAMENTO` AS `COD_LANCAMENTO_PARCELA`,(case when (`l`.`COD_AGENDAMENTO` is not null) then 1 when (`l`.`COD_PARCELA` is not null) then 2 when (`l`.`COD_CATEGORIA` not in (50,51,67,68,69,70,71,72,76)) then 3 when (`l`.`COD_CATEGORIA` in (72,50,51,67,68,69,70,71)) then 4 when (`l`.`COD_CATEGORIA` = 76) then 5 else 3 end) AS `COD_TIPO`,date_format(`l`.`DAT_LANCAMENTO`,'%Y%m') AS `NUM_COMPETENCIA`,(case when (`l`.`COD_PARCELA` is not null) then `cp`.`NOM_CATEGORIA` when (`l`.`COD_CARTAO_CREDITO` is not null) then concat(`c`.`NOM_CATEGORIA`,concat(' (',concat(concat(concat(`cc`.`NOM_BANDEIRA`,' - '),substr(`cc`.`NUM_CARTAO`,-(4))),')'))) else `c`.`NOM_CATEGORIA` end) AS `DES_CATEGORIA`,
   `p`.`NUM_PARCELA` AS `NUM_PARCELA`,
   `a`.`NOM_AGENDAMENTO` AS `NOM_AGENDAMENTO`,date_format(`l`.`DAT_LANCAMENTO`,'%d/%m/%Y %H:%i') AS `DAT_LANCAMENTO`,date_format(`l`.`DAT_REFERENCIA`,'%d/%m/%Y') AS `DAT_REFERENCIA`,
   `l`.`VAL_PREVISTO` AS `VAL_PREVISTO`,(case when isnull(`l`.`COD_CARTAO_CREDITO`) then `l`.`VAL_LANCAMENTO` else `l`.`VAL_PREVISTO` end) AS `VAL_PAGO`
FROM ((((((`LANCAMENTO` `l` join `CATEGORIA` `c` on((`c`.`COD_CATEGORIA` = `l`.`COD_CATEGORIA`))) left join `PARCELA` `p` on((`p`.`COD_PARCELA` = `l`.`COD_PARCELA`))) left join `LANCAMENTO` `lp` on((`lp`.`COD_LANCAMENTO` = `p`.`COD_LANCAMENTO`))) left join `CATEGORIA` `cp` on((`cp`.`COD_CATEGORIA` = `lp`.`COD_CATEGORIA`))) left join `AGENDAMENTO` `a` on((`a`.`COD_AGENDAMENTO` = `l`.`COD_AGENDAMENTO`))) left join `CARTAO_CREDITO` `cc` on((`cc`.`COD_CARTAO_CREDITO` = `l`.`COD_CARTAO_CREDITO`))) order by `l`.`DAT_LANCAMENTO`,(case when (`l`.`COD_PARCELA` is not null) then `cp`.`NOM_CATEGORIA` when (`l`.`COD_CARTAO_CREDITO` is not null) then concat(`c`.`NOM_CATEGORIA`,concat(' (',concat(concat(concat(`cc`.`NOM_BANDEIRA`,' - '),substr(`cc`.`NUM_CARTAO`,-(4))),')'))) else `c`.`NOM_CATEGORIA` end);


# Replace placeholder table for VW_AGENDA_ATUAL with correct view syntax
# ------------------------------------------------------------

DROP TABLE `VW_AGENDA_ATUAL`;

CREATE ALGORITHM=UNDEFINED DEFINER=`quaemoco`@`localhost` SQL SECURITY DEFINER VIEW `VW_AGENDA_ATUAL`
AS SELECT
   `VW_AGENDAMENTOS`.`COD_USUARIO` AS `COD_USUARIO`,
   `VW_AGENDAMENTOS`.`DAT_PREVISTA` AS `DAT_PREVISTA`,
   `VW_AGENDAMENTOS`.`COD_AGENDAMENTO` AS `COD_AGENDAMENTO`,NULL AS `COD_PARCELA`,NULL AS `COD_CARTAO_CREDITO`,
   `VW_AGENDAMENTOS`.`COD_CATEGORIA` AS `COD_CATEGORIA`,
   `VW_AGENDAMENTOS`.`DES_CATEGORIA` AS `DES_CATEGORIA`,
   `VW_AGENDAMENTOS`.`VAL_PREVISTO` AS `VAL_PREVISTO`,
   `VW_AGENDAMENTOS`.`DAT_PAGAMENTO` AS `DAT_PAGAMENTO`,
   `VW_AGENDAMENTOS`.`VAL_PAGO` AS `VAL_PAGO`
FROM `VW_AGENDAMENTOS` union all select `VW_PARCELAS`.`COD_USUARIO` AS `COD_USUARIO`,`VW_PARCELAS`.`DAT_PREVISTA` AS `DAT_PREVISTA`,NULL AS `COD_AGENDAMENTO`,`VW_PARCELAS`.`COD_PARCELA` AS `COD_PARCELA`,NULL AS `COD_CARTAO_CREDITO`,`VW_PARCELAS`.`COD_CATEGORIA` AS `COD_CATEGORIA`,`VW_PARCELAS`.`DES_CATEGORIA` AS `DES_CATEGORIA`,`VW_PARCELAS`.`VAL_PREVISTO` AS `VAL_PREVISTO`,`VW_PARCELAS`.`DAT_PAGAMENTO` AS `DAT_PAGAMENTO`,`VW_PARCELAS`.`VAL_PAGO` AS `VAL_PAGO` from `VW_PARCELAS` union all select `VW_FATURAS_PREVISTAS_REALIZADAS`.`COD_USUARIO` AS `COD_USUARIO`,`VW_FATURAS_PREVISTAS_REALIZADAS`.`DAT_FATURA` AS `DAT_PREVISTA`,NULL AS `COD_AGENDAMENTO`,NULL AS `COD_PARCELA`,`VW_FATURAS_PREVISTAS_REALIZADAS`.`COD_CARTAO_CREDITO` AS `COD_CARTAO_CREDITO`,`C`.`COD_CATEGORIA` AS `COD_CATEGORIA`,concat(`C`.`NOM_CATEGORIA`,concat('(',concat(concat(concat(`VW_FATURAS_PREVISTAS_REALIZADAS`.`NOM_BANDEIRA`,' - '),substr(`VW_FATURAS_PREVISTAS_REALIZADAS`.`NUM_CARTAO`,-(4))),')'))) AS `DES_CATEGORIA`,`VW_FATURAS_PREVISTAS_REALIZADAS`.`VAL_PARCELAS_PENDENTES` AS `VAL_PREVISTO`,`VW_FATURAS_PREVISTAS_REALIZADAS`.`DAT_REFERENCIA` AS `DAT_PAGAMENTO`,`VW_FATURAS_PREVISTAS_REALIZADAS`.`VAL_LANCAMENTO` AS `VAL_PAGO` from (`VW_FATURAS_PREVISTAS_REALIZADAS` join `CATEGORIA` `C`) where ((`C`.`COD_CATEGORIA` = 76) and ((date_format(curdate(),'%Y%m') = date_format(`VW_FATURAS_PREVISTAS_REALIZADAS`.`DAT_FATURA`,'%Y%m')) or ((`VW_FATURAS_PREVISTAS_REALIZADAS`.`DAT_FATURA` < concat(convert(date_format(curdate(),'%Y-%m') using utf8),'-01')) and isnull(`VW_FATURAS_PREVISTAS_REALIZADAS`.`DAT_REFERENCIA`)))) order by `DAT_PREVISTA`,`DES_CATEGORIA`;


# Replace placeholder table for VW_MEDIA_CATEGORIA with correct view syntax
# ------------------------------------------------------------

DROP TABLE `VW_MEDIA_CATEGORIA`;

CREATE ALGORITHM=UNDEFINED DEFINER=`quaemoco`@`localhost` SQL SECURITY DEFINER VIEW `VW_MEDIA_CATEGORIA`
AS SELECT
   `L`.`COD_USUARIO` AS `COD_USUARIO`,
   `C`.`COD_CATEGORIA` AS `COD_CATEGORIA`,
   `C`.`NOM_CATEGORIA` AS `NOM_CATEGORIA`,count(0) AS `NUM_QTD`,sum(`L`.`VAL_LANCAMENTO`) AS `VAL_TOTAL`,round((sum(`L`.`VAL_LANCAMENTO`) / count(0)),2) AS `VAL_MEDIA`
FROM (`LANCAMENTO` `L` join `CATEGORIA` `C`) where (`C`.`COD_CATEGORIA` = `L`.`COD_CATEGORIA`) group by `L`.`COD_USUARIO`,`C`.`COD_CATEGORIA`,`C`.`NOM_CATEGORIA` order by `C`.`NOM_CATEGORIA`;


# Replace placeholder table for VW_RESUMO_MESES with correct view syntax
# ------------------------------------------------------------

DROP TABLE `VW_RESUMO_MESES`;

CREATE ALGORITHM=UNDEFINED DEFINER=`quaemoco`@`localhost` SQL SECURITY DEFINER VIEW `VW_RESUMO_MESES`
AS SELECT
   `VW_AGENDAMENTOS_MESES`.`COD_USUARIO` AS `COD_USUARIO`,'Agendamentos' AS `DES_LANCAMENTOS`,1 AS `COD_TIPO`,cast(date_format(`VW_AGENDAMENTOS_MESES`.`DAT_PREVISTA`,'%Y-%m-01') as date) AS `DAT_COMPETENCIA`,sum((case when isnull(`VW_AGENDAMENTOS_MESES`.`VAL_PREVISTO`) then 0 else `VW_AGENDAMENTOS_MESES`.`VAL_PREVISTO` end)) AS `VAL_PREVISTO`,sum((case when isnull(`VW_AGENDAMENTOS_MESES`.`VAL_PAGO`) then 0 else `VW_AGENDAMENTOS_MESES`.`VAL_PAGO` end)) AS `VAL_PAGO`
FROM `VW_AGENDAMENTOS_MESES` group by `VW_AGENDAMENTOS_MESES`.`COD_USUARIO`,cast(date_format(`VW_AGENDAMENTOS_MESES`.`DAT_PREVISTA`,'%Y-%m-01') as date) union all select `VW_PARCELAS_MESES`.`COD_USUARIO` AS `COD_USUARIO`,'Parcelas' AS `DES_LANCAMENTOS`,2 AS `COD_TIPO`,cast(date_format(`VW_PARCELAS_MESES`.`DAT_PREVISTA`,'%Y-%m-01') as date) AS `DAT_COMPETENCIA`,sum((case when isnull(`VW_PARCELAS_MESES`.`VAL_PREVISTO`) then 0 else `VW_PARCELAS_MESES`.`VAL_PREVISTO` end)) AS `VAL_PREVISTO`,sum((case when isnull(`VW_PARCELAS_MESES`.`VAL_PAGO`) then 0 else `VW_PARCELAS_MESES`.`VAL_PAGO` end)) AS `VAL_PAGO` from `VW_PARCELAS_MESES` group by `VW_PARCELAS_MESES`.`COD_USUARIO`,cast(date_format(`VW_PARCELAS_MESES`.`DAT_PREVISTA`,'%Y-%m-01') as date) union all select `LANCAMENTO`.`COD_USUARIO` AS `COD_USUARIO`,'Despesas Gerais' AS `DES_LANCAMENTOS`,3 AS `COD_TIPO`,cast(date_format(`LANCAMENTO`.`DAT_REFERENCIA`,'%Y-%m-01') as date) AS `DAT_COMPETENCIA`,sum((case when isnull(`LANCAMENTO`.`VAL_PREVISTO`) then 0 else `LANCAMENTO`.`VAL_PREVISTO` end)) AS `VAL_PREVISTO`,sum((case when isnull(`LANCAMENTO`.`VAL_LANCAMENTO`) then 0 else `LANCAMENTO`.`VAL_LANCAMENTO` end)) AS `VAL_PAGO` from `LANCAMENTO` where (isnull(`LANCAMENTO`.`COD_AGENDAMENTO`) and isnull(`LANCAMENTO`.`COD_PARCELA`) and (`LANCAMENTO`.`COD_CATEGORIA` not in (72,50,51,67,68,69,70,71)) and (`LANCAMENTO`.`DAT_REFERENCIA` between cast(date_format((curdate() + interval -(3) month),'%Y-%m-01') as date) and cast(date_format(curdate(),'%Y-%m-01') as date))) group by `LANCAMENTO`.`COD_USUARIO`,cast(date_format(`LANCAMENTO`.`DAT_REFERENCIA`,'%Y-%m-01') as date) union all select `LANCAMENTO`.`COD_USUARIO` AS `COD_USUARIO`,'Receitas' AS `DES_LANCAMENTOS`,4 AS `COD_TIPO`,cast(date_format(`LANCAMENTO`.`DAT_REFERENCIA`,'%Y-%m-01') as date) AS `DAT_COMPETENCIA`,sum((case when isnull(`LANCAMENTO`.`VAL_PREVISTO`) then 0 else `LANCAMENTO`.`VAL_PREVISTO` end)) AS `VAL_PREVISTO`,sum((case when isnull(`LANCAMENTO`.`VAL_LANCAMENTO`) then 0 else `LANCAMENTO`.`VAL_LANCAMENTO` end)) AS `VAL_PAGO` from `LANCAMENTO` where (isnull(`LANCAMENTO`.`COD_AGENDAMENTO`) and isnull(`LANCAMENTO`.`COD_PARCELA`) and (`LANCAMENTO`.`COD_CATEGORIA` in (72,50,51,67,68,69,70,71)) and (`LANCAMENTO`.`DAT_REFERENCIA` between cast(date_format((curdate() + interval -(3) month),'%Y-%m-01') as date) and cast(date_format(curdate(),'%Y-%m-01') as date))) group by `LANCAMENTO`.`COD_USUARIO`,cast(date_format(`LANCAMENTO`.`DAT_REFERENCIA`,'%Y-%m-01') as date);


# Replace placeholder table for VW_MEDIA_AGENDAMENTOS with correct view syntax
# ------------------------------------------------------------

DROP TABLE `VW_MEDIA_AGENDAMENTOS`;

CREATE ALGORITHM=UNDEFINED DEFINER=`quaemoco`@`localhost` SQL SECURITY DEFINER VIEW `VW_MEDIA_AGENDAMENTOS`
AS SELECT
   `L`.`COD_AGENDAMENTO` AS `COD_AGENDAMENTO`,count(0) AS `NUM_QTD`,sum(`L`.`VAL_LANCAMENTO`) AS `VAL_TOTAL`,round((sum(`L`.`VAL_LANCAMENTO`) / count(0)),2) AS `VAL_MEDIA`
FROM `LANCAMENTO` `L` where ((`L`.`COD_AGENDAMENTO` is not null) and (`L`.`DAT_REFERENCIA` between cast(date_format((curdate() + interval -(3) month),'%Y-%m-01') as date) and cast(date_format(curdate(),'%Y-%m-01') as date))) group by `L`.`COD_AGENDAMENTO`;


# Replace placeholder table for VW_FATURAS_DATAS with correct view syntax
# ------------------------------------------------------------

DROP TABLE `VW_FATURAS_DATAS`;

CREATE ALGORITHM=UNDEFINED DEFINER=`quaemoco`@`localhost` SQL SECURITY DEFINER VIEW `VW_FATURAS_DATAS`
AS SELECT
   `CARTAO_CREDITO`.`COD_CARTAO_CREDITO` AS `COD_CARTAO_CREDITO`,
   `CARTAO_CREDITO`.`COD_USUARIO` AS `COD_USUARIO`,str_to_date(concat(convert(date_format((curdate() + interval -(1) month),'%Y-%m-') using utf8),concat((case when (`CARTAO_CREDITO`.`NUM_DIA_VENCIMENTO` < 10) then '0' else '' end),`CARTAO_CREDITO`.`NUM_DIA_VENCIMENTO`)),'%Y-%m-%d') AS `DAT_FATURA`
FROM `CARTAO_CREDITO` union all select `CARTAO_CREDITO`.`COD_CARTAO_CREDITO` AS `COD_CARTAO_CREDITO`,`CARTAO_CREDITO`.`COD_USUARIO` AS `COD_USUARIO`,str_to_date(concat(convert(date_format(curdate(),'%Y-%m-') using utf8),concat((case when (`CARTAO_CREDITO`.`NUM_DIA_VENCIMENTO` < 10) then '0' else '' end),`CARTAO_CREDITO`.`NUM_DIA_VENCIMENTO`)),'%Y-%m-%d') AS `DAT_FATURA` from `CARTAO_CREDITO` union all select `CARTAO_CREDITO`.`COD_CARTAO_CREDITO` AS `COD_CARTAO_CREDITO`,`CARTAO_CREDITO`.`COD_USUARIO` AS `COD_USUARIO`,str_to_date(concat(convert(date_format((curdate() + interval 1 month),'%Y-%m-') using utf8),concat((case when (`CARTAO_CREDITO`.`NUM_DIA_VENCIMENTO` < 10) then '0' else '' end),`CARTAO_CREDITO`.`NUM_DIA_VENCIMENTO`)),'%Y-%m-%d') AS `DAT_FATURA` from `CARTAO_CREDITO`;


# Replace placeholder table for VW_DESPESAS_RECEITAS with correct view syntax
# ------------------------------------------------------------

DROP TABLE `VW_DESPESAS_RECEITAS`;

CREATE ALGORITHM=UNDEFINED DEFINER=`quaemoco`@`localhost` SQL SECURITY DEFINER VIEW `VW_DESPESAS_RECEITAS`
AS SELECT
   `LANCAMENTO`.`COD_USUARIO` AS `COD_USUARIO`,cast(date_format(`LANCAMENTO`.`DAT_REFERENCIA`,'%Y-%m-01') as date) AS `DAT_COMPETENCIA`,round(sum(`LANCAMENTO`.`VAL_PREVISTO`),2) AS `VAL_DESPESA_PREVISTA`,round(sum(`LANCAMENTO`.`VAL_LANCAMENTO`),2) AS `VAL_DESPESA_PAGA`,0 AS `VAL_RECEITA_PREVISTA`,0 AS `VAL_RECEITA_PAGA`
FROM `LANCAMENTO` where ((`LANCAMENTO`.`COD_CATEGORIA` not in (72,50,51,67,68,69,70,71)) and (`LANCAMENTO`.`DAT_REFERENCIA` between cast(date_format((curdate() + interval -(12) month),'%Y-%m-01') as date) and cast(date_format(curdate(),'%Y-%m-01') as date))) group by `LANCAMENTO`.`COD_USUARIO`,cast(date_format(`LANCAMENTO`.`DAT_REFERENCIA`,'%Y-%m-01') as date) union all select `LANCAMENTO`.`COD_USUARIO` AS `COD_USUARIO`,cast(date_format(`LANCAMENTO`.`DAT_REFERENCIA`,'%Y-%m-01') as date) AS `DAT_COMPETENCIA`,0 AS `VAL_DESPESA_PREVISTA`,0 AS `VAL_DESPESA_PAGA`,round(sum(`LANCAMENTO`.`VAL_PREVISTO`),2) AS `VAL_RECEITA_PREVISTA`,round(sum(`LANCAMENTO`.`VAL_LANCAMENTO`),2) AS `VAL_RECEITA_PAGA` from `LANCAMENTO` where ((`LANCAMENTO`.`COD_CATEGORIA` in (72,50,51,67,68,69,70,71)) and (`LANCAMENTO`.`DAT_REFERENCIA` between cast(date_format((curdate() + interval -(12) month),'%Y-%m-01') as date) and cast(date_format(curdate(),'%Y-%m-01') as date))) group by `LANCAMENTO`.`COD_USUARIO`,cast(date_format(`LANCAMENTO`.`DAT_REFERENCIA`,'%Y-%m-01') as date);


# Replace placeholder table for VW_FATURAS with correct view syntax
# ------------------------------------------------------------

DROP TABLE `VW_FATURAS`;

CREATE ALGORITHM=UNDEFINED DEFINER=`quaemoco`@`localhost` SQL SECURITY DEFINER VIEW `VW_FATURAS`
AS SELECT
   `L`.`COD_USUARIO` AS `COD_USUARIO`,
   `L`.`COD_CARTAO_CREDITO` AS `COD_CARTAO_CREDITO`,
   `CC`.`NOM_BANDEIRA` AS `NOM_BANDEIRA`,
   `CC`.`NUM_CARTAO` AS `NUM_CARTAO`,
   `L`.`DAT_FATURA` AS `DAT_FATURA`,
   `L`.`DAT_REFERENCIA` AS `DAT_REFERENCIA`,
   `L`.`VAL_PREVISTO` AS `VAL_PREVISTO`,
   `L`.`VAL_LANCAMENTO` AS `VAL_LANCAMENTO`,count(`PA`.`COD_PARCELA`) AS `QTD_PARCELAS`,sum(`PA`.`VAL_PARCELA`) AS `VAL_PARCELAS`
FROM ((((`LANCAMENTO` `L` join `CATEGORIA` `CA` on((`CA`.`COD_CATEGORIA` = `L`.`COD_CATEGORIA`))) join `CARTAO_CREDITO` `CC` on((`CC`.`COD_CARTAO_CREDITO` = `L`.`COD_CARTAO_CREDITO`))) join `LANCAMENTO_PARCELA` `LP` on((`LP`.`COD_LANCAMENTO` = `L`.`COD_LANCAMENTO`))) join `PARCELA` `PA` on((`PA`.`COD_PARCELA` = `LP`.`COD_PARCELA`))) where (`L`.`COD_CATEGORIA` = 76) group by `L`.`COD_USUARIO`,`L`.`COD_CARTAO_CREDITO`,`CC`.`NOM_BANDEIRA`,`CC`.`NUM_CARTAO`,`L`.`DAT_FATURA`,`L`.`DAT_REFERENCIA`,`L`.`VAL_PREVISTO`,`L`.`VAL_LANCAMENTO`;


# Replace placeholder table for VW_LANCAMENTOS with correct view syntax
# ------------------------------------------------------------

DROP TABLE `VW_LANCAMENTOS`;

CREATE ALGORITHM=UNDEFINED DEFINER=`quaemoco`@`localhost` SQL SECURITY DEFINER VIEW `VW_LANCAMENTOS`
AS SELECT
   `VW_AGENDAMENTOS`.`COD_USUARIO` AS `COD_USUARIO`,'Agendamentos' AS `DES_LANCAMENTOS`,1 AS `COD_TIPO`,sum((case when isnull(`VW_AGENDAMENTOS`.`VAL_PREVISTO`) then 0 else `VW_AGENDAMENTOS`.`VAL_PREVISTO` end)) AS `VAL_PREVISTO`,sum((case when isnull(`VW_AGENDAMENTOS`.`VAL_PAGO`) then 0 else `VW_AGENDAMENTOS`.`VAL_PAGO` end)) AS `VAL_PAGO`
FROM `VW_AGENDAMENTOS` where (date_format(curdate(),'%Y%m') = date_format(`VW_AGENDAMENTOS`.`DAT_PREVISTA`,'%Y%m')) group by `VW_AGENDAMENTOS`.`COD_USUARIO` union all select `VW_PARCELAS`.`COD_USUARIO` AS `COD_USUARIO`,'Parcelas' AS `DES_LANCAMENTOS`,2 AS `COD_TIPO`,sum((case when isnull(`VW_PARCELAS`.`VAL_PREVISTO`) then 0 else `VW_PARCELAS`.`VAL_PREVISTO` end)) AS `VAL_PREVISTO`,sum(`VW_PARCELAS`.`VAL_PAGO`) AS `VAL_PAGO` from `VW_PARCELAS` where (date_format(curdate(),'%Y%m') = date_format(`VW_PARCELAS`.`DAT_PREVISTA`,'%Y%m')) group by `VW_PARCELAS`.`COD_USUARIO` union all select `LANCAMENTO`.`COD_USUARIO` AS `COD_USUARIO`,'Despesas Gerais' AS `DES_LANCAMENTOS`,3 AS `COD_TIPO`,sum((case when isnull(`LANCAMENTO`.`VAL_PREVISTO`) then 0 else `LANCAMENTO`.`VAL_PREVISTO` end)) AS `VAL_PREVISTO`,sum(`LANCAMENTO`.`VAL_LANCAMENTO`) AS `VAL_PAGO` from `LANCAMENTO` where (isnull(`LANCAMENTO`.`COD_AGENDAMENTO`) and isnull(`LANCAMENTO`.`COD_PARCELA`) and (`LANCAMENTO`.`COD_CATEGORIA` not in (50,51,67,68,69,70,71,72,76)) and (date_format(curdate(),'%Y%m') = date_format(`LANCAMENTO`.`DAT_REFERENCIA`,'%Y%m'))) group by `LANCAMENTO`.`COD_USUARIO` union all select `LANCAMENTO`.`COD_USUARIO` AS `COD_USUARIO`,'Receitas' AS `DES_LANCAMENTOS`,4 AS `COD_TIPO`,sum((case when isnull(`LANCAMENTO`.`VAL_PREVISTO`) then 0 else `LANCAMENTO`.`VAL_PREVISTO` end)) AS `VAL_PREVISTO`,sum(`LANCAMENTO`.`VAL_LANCAMENTO`) AS `VAL_PAGO` from `LANCAMENTO` where (isnull(`LANCAMENTO`.`COD_AGENDAMENTO`) and isnull(`LANCAMENTO`.`COD_PARCELA`) and (`LANCAMENTO`.`COD_CATEGORIA` in (72,50,51,67,68,69,70,71)) and (date_format(curdate(),'%Y%m') = date_format(`LANCAMENTO`.`DAT_REFERENCIA`,'%Y%m'))) group by `LANCAMENTO`.`COD_USUARIO` union all select `LANCAMENTO`.`COD_USUARIO` AS `COD_USUARIO`,'Faturas' AS `DES_LANCAMENTOS`,5 AS `COD_TIPO`,sum((case when isnull(`LANCAMENTO`.`VAL_PREVISTO`) then 0 else `LANCAMENTO`.`VAL_PREVISTO` end)) AS `VAL_PREVISTO`,sum(`LANCAMENTO`.`VAL_LANCAMENTO`) AS `VAL_PAGO` from `LANCAMENTO` where (isnull(`LANCAMENTO`.`COD_AGENDAMENTO`) and isnull(`LANCAMENTO`.`COD_PARCELA`) and (`LANCAMENTO`.`COD_CARTAO_CREDITO` is not null) and (`LANCAMENTO`.`COD_CATEGORIA` = 76) and (date_format(curdate(),'%Y%m') = date_format(`LANCAMENTO`.`DAT_REFERENCIA`,'%Y%m'))) group by `LANCAMENTO`.`COD_USUARIO`;


# Replace placeholder table for VW_FATURAS_PREVISTAS_REALIZADAS with correct view syntax
# ------------------------------------------------------------

DROP TABLE `VW_FATURAS_PREVISTAS_REALIZADAS`;

CREATE ALGORITHM=UNDEFINED DEFINER=`quaemoco`@`localhost` SQL SECURITY DEFINER VIEW `VW_FATURAS_PREVISTAS_REALIZADAS`
AS SELECT
   `DATAS`.`COD_USUARIO` AS `COD_USUARIO`,
   `DATAS`.`COD_CARTAO_CREDITO` AS `COD_CARTAO_CREDITO`,
   `CC`.`NOM_BANDEIRA` AS `NOM_BANDEIRA`,
   `CC`.`NUM_CARTAO` AS `NUM_CARTAO`,
   `DATAS`.`DAT_FATURA` AS `DAT_FATURA`,
   `FATURA`.`DAT_REFERENCIA` AS `DAT_REFERENCIA`,
   `FATURA`.`VAL_LANCAMENTO` AS `VAL_LANCAMENTO`,round(sum((case when isnull(`PA`.`VAL_PARCELA`) then 0 else `PA`.`VAL_PARCELA` end)),2) AS `VAL_PARCELAS_PENDENTES`,count(`PA`.`COD_PARCELA`) AS `QTD_PARCELAS_PENDENTES`
FROM (((`VW_FATURAS_DATAS` `DATAS` join `CARTAO_CREDITO` `CC` on((`CC`.`COD_CARTAO_CREDITO` = `DATAS`.`COD_CARTAO_CREDITO`))) left join `VW_PARCELAS_SEM_FATURA` `PA` on(((`PA`.`COD_CARTAO_CREDITO` = `DATAS`.`COD_CARTAO_CREDITO`) and (`PA`.`DAT_REFERENCIA` = `DATAS`.`DAT_FATURA`)))) left join `VW_FATURAS` `FATURA` on(((`FATURA`.`COD_CARTAO_CREDITO` = `DATAS`.`COD_CARTAO_CREDITO`) and (`FATURA`.`DAT_FATURA` = `DATAS`.`DAT_FATURA`)))) group by `DATAS`.`COD_USUARIO`,`DATAS`.`COD_CARTAO_CREDITO`,`CC`.`NOM_BANDEIRA`,`CC`.`NUM_CARTAO`,`DATAS`.`DAT_FATURA`,`FATURA`.`DAT_REFERENCIA`,`FATURA`.`VAL_LANCAMENTO` order by `DATAS`.`DAT_FATURA`,`DATAS`.`COD_CARTAO_CREDITO`;


# Replace placeholder table for VW_ULTIMAS_ATIVIDADES with correct view syntax
# ------------------------------------------------------------

DROP TABLE `VW_ULTIMAS_ATIVIDADES`;

CREATE ALGORITHM=UNDEFINED DEFINER=`quaemoco`@`localhost` SQL SECURITY DEFINER VIEW `VW_ULTIMAS_ATIVIDADES`
AS SELECT
   `l`.`COD_USUARIO` AS `COD_USUARIO`,date_format(`l`.`DAT_LANCAMENTO`,'%Y%m') AS `NUM_COMPETENCIA`,(case when (`l`.`COD_AGENDAMENTO` is not null) then concat(`c`.`NOM_CATEGORIA`,concat(concat(' (',`a`.`NOM_AGENDAMENTO`),')')) when (`l`.`COD_PARCELA` is not null) then concat(concat(convert(concat(concat('Parcela N ',`p`.`NUM_PARCELA`),' (') using latin1),`cp`.`NOM_CATEGORIA`),')') when ((`l`.`COD_CARTAO_CREDITO` is not null) and (`l`.`COD_CATEGORIA` = 76)) then concat(`c`.`NOM_CATEGORIA`,concat('(',concat(concat(concat(`cc`.`NOM_BANDEIRA`,' - '),substr(`cc`.`NUM_CARTAO`,-(4))),')'))) else `c`.`NOM_CATEGORIA` end) AS `DES_CATEGORIA`,(case when ((`l`.`COD_CARTAO_CREDITO` is not null) and (`l`.`COD_CATEGORIA` <> 76)) then `l`.`VAL_PREVISTO` else `l`.`VAL_LANCAMENTO` end) AS `VAL_PAGO`,
   `l`.`DAT_LANCAMENTO` AS `DAT_LANCAMENTO`,timestampdiff(DAY,`l`.`DAT_LANCAMENTO`,now()) AS `NUM_DIAS`,timestampdiff(HOUR,`l`.`DAT_LANCAMENTO`,now()) AS `NUM_HORAS`,timestampdiff(MINUTE,`l`.`DAT_LANCAMENTO`,now()) AS `NUM_MINUTOS`
FROM ((((((`LANCAMENTO` `l` join `CATEGORIA` `c` on((`c`.`COD_CATEGORIA` = `l`.`COD_CATEGORIA`))) left join `AGENDAMENTO` `a` on((`a`.`COD_AGENDAMENTO` = `l`.`COD_AGENDAMENTO`))) left join `CARTAO_CREDITO` `cc` on((`cc`.`COD_CARTAO_CREDITO` = `l`.`COD_CARTAO_CREDITO`))) left join `PARCELA` `p` on((`p`.`COD_PARCELA` = `l`.`COD_PARCELA`))) left join `LANCAMENTO` `lp` on((`lp`.`COD_LANCAMENTO` = `p`.`COD_LANCAMENTO`))) left join `CATEGORIA` `cp` on((`cp`.`COD_CATEGORIA` = `lp`.`COD_CATEGORIA`))) order by date_format(`l`.`DAT_LANCAMENTO`,'%Y%m'),`l`.`DAT_LANCAMENTO`,(case when (`l`.`COD_AGENDAMENTO` is not null) then concat(`c`.`NOM_CATEGORIA`,concat(concat(' (',`a`.`NOM_AGENDAMENTO`),')')) when (`l`.`COD_PARCELA` is not null) then concat(concat(convert(concat(concat('Parcela N ',`p`.`NUM_PARCELA`),' (') using latin1),`cp`.`NOM_CATEGORIA`),')') when ((`l`.`COD_CARTAO_CREDITO` is not null) and (`l`.`COD_CATEGORIA` = 76)) then concat(`c`.`NOM_CATEGORIA`,concat('(',concat(concat(concat(`cc`.`NOM_BANDEIRA`,' - '),substr(`cc`.`NUM_CARTAO`,-(4))),')'))) else `c`.`NOM_CATEGORIA` end);


# Replace placeholder table for VW_RELATORIO_DINAMICO with correct view syntax
# ------------------------------------------------------------

DROP TABLE `VW_RELATORIO_DINAMICO`;

CREATE ALGORITHM=UNDEFINED DEFINER=`quaemoco`@`localhost` SQL SECURITY DEFINER VIEW `VW_RELATORIO_DINAMICO`
AS SELECT
   distinct `l`.`COD_USUARIO` AS `COD_USUARIO`,
   `l`.`COD_LANCAMENTO` AS `COD_LANCAMENTO`,
   `p`.`COD_LANCAMENTO` AS `COD_LANCAMENTO_PARCELA`,
   `l`.`COD_AGENDAMENTO` AS `COD_AGENDAMENTO`,(case when (`l`.`COD_AGENDAMENTO` is not null) then 1 when (`l`.`COD_PARCELA` is not null) then 2 when (`l`.`COD_CATEGORIA` not in (72,50,51,67,68,69,70,71,76)) then 3 when (`l`.`COD_CATEGORIA` in (72,50,51,67,68,69,70,71)) then 4 when (`l`.`COD_CATEGORIA` = 76) then 5 else 3 end) AS `COD_TIPO`,(case when (`lp`.`COD_PARCELA` is not null) then `cp`.`COD_CATEGORIA` else `c`.`COD_CATEGORIA` end) AS `COD_CATEGORIA`,(case when (`lp`.`COD_PARCELA` is not null) then `cp`.`NOM_CATEGORIA` else `c`.`NOM_CATEGORIA` end) AS `NOM_CATEGORIA`,
   `c_pai`.`COD_CATEGORIA` AS `COD_CATEGORIA_PAI`,
   `c_pai`.`NOM_CATEGORIA` AS `NOM_CATEGORIA_PAI`,
   `p`.`NUM_PARCELA` AS `NUM_PARCELA`,
   `a`.`NOM_AGENDAMENTO` AS `NOM_AGENDAMENTO`,
   `l`.`DAT_LANCAMENTO` AS `DAT_LANCAMENTO`,
   `l`.`DAT_REFERENCIA` AS `DAT_REFERENCIA`,(case when isnull((`l`.`COD_CATEGORIA` = 71)) then `l`.`VAL_PREVISTO` else `l`.`VAL_LANCAMENTO` end) AS `VAL_PREVISTO`,
   `l`.`VAL_LANCAMENTO` AS `VAL_PAGO`
FROM ((((((`LANCAMENTO` `l` join `CATEGORIA` `c` on((`c`.`COD_CATEGORIA` = `l`.`COD_CATEGORIA`))) left join `PARCELA` `p` on((`p`.`COD_PARCELA` = `l`.`COD_PARCELA`))) left join `LANCAMENTO` `lp` on((`lp`.`COD_LANCAMENTO` = `p`.`COD_LANCAMENTO`))) left join `CATEGORIA` `cp` on((`cp`.`COD_CATEGORIA` = `lp`.`COD_CATEGORIA`))) left join `CATEGORIA` `c_pai` on((((`lp`.`COD_PARCELA` is not null) and (`c_pai`.`COD_CATEGORIA` = `cp`.`COD_CATEGORIA_PAI`)) or (`c_pai`.`COD_CATEGORIA` = `c`.`COD_CATEGORIA_PAI`)))) left join `AGENDAMENTO` `a` on((`a`.`COD_AGENDAMENTO` = `l`.`COD_AGENDAMENTO`))) where (`l`.`DAT_REFERENCIA` >= cast(date_format((curdate() + interval -(5) month),'%Y-%m-01') as date)) order by `l`.`DAT_REFERENCIA`,(case when (`lp`.`COD_PARCELA` is not null) then `cp`.`NOM_CATEGORIA` else `c`.`NOM_CATEGORIA` end);


# Replace placeholder table for VW_PARCELAS_MESES with correct view syntax
# ------------------------------------------------------------

DROP TABLE `VW_PARCELAS_MESES`;

CREATE ALGORITHM=UNDEFINED DEFINER=`quaemoco`@`localhost` SQL SECURITY DEFINER VIEW `VW_PARCELAS_MESES`
AS SELECT
   `LPA`.`COD_USUARIO` AS `COD_USUARIO`,
   `P`.`DAT_REFERENCIA` AS `DAT_PREVISTA`,
   `P`.`COD_PARCELA` AS `COD_PARCELA`,
   `LPA`.`DES_LANCAMENTO` AS `DES_LANCAMENTO`,71 AS `COD_CATEGORIA`,concat(concat(convert(concat(concat('Parcela N-',`P`.`NUM_PARCELA`),' (') using latin1),`C`.`NOM_CATEGORIA`),')') AS `DES_CATEGORIA`,
   `P`.`VAL_PARCELA` AS `VAL_PREVISTO`,
   `LPG`.`DAT_REFERENCIA` AS `DAT_PAGAMENTO`,
   `LPG`.`VAL_LANCAMENTO` AS `VAL_PAGO`,timestampdiff(DAY,now(),`P`.`DAT_REFERENCIA`) AS `DIAS`
FROM (((`PARCELA` `P` join `LANCAMENTO` `LPA` on((`LPA`.`COD_LANCAMENTO` = `P`.`COD_LANCAMENTO`))) join `CATEGORIA` `C` on((`C`.`COD_CATEGORIA` = `LPA`.`COD_CATEGORIA`))) left join `LANCAMENTO` `LPG` on((`LPG`.`COD_PARCELA` = `P`.`COD_PARCELA`))) where ((`P`.`DAT_REFERENCIA` between cast(date_format((curdate() + interval -(3) month),'%Y-%m-01') as date) and cast(date_format(curdate(),'%Y-%m-01') as date)) or ((`P`.`DAT_REFERENCIA` < concat(convert(date_format(curdate(),'%Y-%m') using utf8),'-01')) and isnull(`LPG`.`DAT_REFERENCIA`)));


# Replace placeholder table for VW_PARCELAS_SEM_FATURA with correct view syntax
# ------------------------------------------------------------

DROP TABLE `VW_PARCELAS_SEM_FATURA`;

CREATE ALGORITHM=UNDEFINED DEFINER=`quaemoco`@`localhost` SQL SECURITY DEFINER VIEW `VW_PARCELAS_SEM_FATURA`
AS SELECT
   `L`.`COD_USUARIO` AS `COD_USUARIO`,
   `L`.`COD_CARTAO_CREDITO` AS `COD_CARTAO_CREDITO`,
   `PA`.`COD_PARCELA` AS `COD_PARCELA`,
   `CC`.`NOM_BANDEIRA` AS `NOM_BANDEIRA`,
   `CC`.`NUM_CARTAO` AS `NUM_CARTAO`,
   `CA`.`NOM_CATEGORIA` AS `NOM_CATEGORIA`,
   `PA`.`DAT_REFERENCIA` AS `DAT_REFERENCIA`,
   `PA`.`VAL_PARCELA` AS `VAL_PARCELA`
FROM ((((`PARCELA` `PA` join `LANCAMENTO` `L` on((`L`.`COD_LANCAMENTO` = `PA`.`COD_LANCAMENTO`))) join `CATEGORIA` `CA` on((`CA`.`COD_CATEGORIA` = `L`.`COD_CATEGORIA`))) join `CARTAO_CREDITO` `CC` on((`CC`.`COD_CARTAO_CREDITO` = `L`.`COD_CARTAO_CREDITO`))) left join `LANCAMENTO_PARCELA` `LP` on((`LP`.`COD_PARCELA` = `PA`.`COD_PARCELA`))) where isnull(`LP`.`COD_PARCELA`);


# Replace placeholder table for VW_AGENDAMENTOS with correct view syntax
# ------------------------------------------------------------

DROP TABLE `VW_AGENDAMENTOS`;

CREATE ALGORITHM=UNDEFINED DEFINER=`quaemoco`@`localhost` SQL SECURITY DEFINER VIEW `VW_AGENDAMENTOS`
AS SELECT
   `A`.`COD_USUARIO` AS `COD_USUARIO`,(`A`.`DAT_INICIO` + interval (`P`.`NUM_PERIODO` * round((period_diff(date_format(curdate(),'%Y%m'),date_format(`A`.`DAT_INICIO`,'%Y%m')) / `P`.`NUM_PERIODO`),0)) month) AS `DAT_PREVISTA`,
   `A`.`COD_AGENDAMENTO` AS `COD_AGENDAMENTO`,
   `A`.`NOM_AGENDAMENTO` AS `NOM_AGENDAMENTO`,
   `C`.`COD_CATEGORIA` AS `COD_CATEGORIA`,concat(`C`.`NOM_CATEGORIA`,concat(concat(' (',`A`.`NOM_AGENDAMENTO`),')')) AS `DES_CATEGORIA`,(case when isnull(`VW`.`VAL_MEDIA`) then 0.00 else `VW`.`VAL_MEDIA` end) AS `VAL_PREVISTO`,
   `P`.`NOM_PERIODO` AS `NOM_PERIODO`,
   `L`.`DAT_REFERENCIA` AS `DAT_PAGAMENTO`,
   `L`.`VAL_LANCAMENTO` AS `VAL_PAGO`,timestampdiff(DAY,now(),(`A`.`DAT_INICIO` + interval (`P`.`NUM_PERIODO` * round((period_diff(date_format(curdate(),'%Y%m'),date_format(`A`.`DAT_INICIO`,'%Y%m')) / `P`.`NUM_PERIODO`),0)) month)) AS `DIAS`
FROM ((((`AGENDAMENTO` `A` join `CATEGORIA` `C` on((`C`.`COD_CATEGORIA` = `A`.`COD_CATEGORIA`))) join `PERIODO` `P` on((`P`.`NUM_PERIODO` = `A`.`NUM_PERIODO`))) left join `LANCAMENTO` `L` on(((`L`.`COD_AGENDAMENTO` = `A`.`COD_AGENDAMENTO`) and (date_format(`L`.`DAT_REFERENCIA`,'%Y%m') = date_format(curdate(),'%Y%m')) and (`L`.`COD_LANCAMENTO` = (select max(`L2`.`COD_LANCAMENTO`) from `LANCAMENTO` `L2` where ((`L2`.`COD_AGENDAMENTO` = `A`.`COD_AGENDAMENTO`) and (date_format(`L2`.`DAT_REFERENCIA`,'%Y%m') = date_format(curdate(),'%Y%m')))))))) left join `VW_MEDIA_AGENDAMENTOS` `VW` on((`VW`.`COD_AGENDAMENTO` = `A`.`COD_AGENDAMENTO`))) where ((`A`.`IND_STATUS` = 1) and (date_format(curdate(),'%Y%m') = date_format((`A`.`DAT_INICIO` + interval (`P`.`NUM_PERIODO` * round((period_diff(date_format(curdate(),'%Y%m'),date_format(`A`.`DAT_INICIO`,'%Y%m')) / `P`.`NUM_PERIODO`),0)) month),'%Y%m'))) order by (`A`.`DAT_INICIO` + interval (`P`.`NUM_PERIODO` * round((period_diff(date_format(curdate(),'%Y%m'),date_format(`A`.`DAT_INICIO`,'%Y%m')) / `P`.`NUM_PERIODO`),0)) month),concat(`C`.`NOM_CATEGORIA`,concat(concat(' (',`A`.`NOM_AGENDAMENTO`),')'));

/*!40111 SET SQL_NOTES=@OLD_SQL_NOTES */;
/*!40101 SET SQL_MODE=@OLD_SQL_MODE */;
/*!40014 SET FOREIGN_KEY_CHECKS=@OLD_FOREIGN_KEY_CHECKS */;
/*!40101 SET CHARACTER_SET_CLIENT=@OLD_CHARACTER_SET_CLIENT */;
/*!40101 SET CHARACTER_SET_RESULTS=@OLD_CHARACTER_SET_RESULTS */;
/*!40101 SET COLLATION_CONNECTION=@OLD_COLLATION_CONNECTION */;
